ISO-10303-21;
HEADER;
/* Generated by software containing ST-Developer
 * from STEP Tools, Inc. (www.steptools.com) 
 */

FILE_DESCRIPTION(
/* description */ (''),
/* implementation_level */ '2;1');

FILE_NAME(
/* name */ 'Camera Mount.step',
/* time_stamp */ '2026-09-27T10:39:31-04:00',
/* author */ (''),
/* organization */ (''),
/* preprocessor_version */ 'ST-DEVELOPER v20.2',
/* originating_system */ 'Autodesk Translation Framework v15.15.0.0',
/* authorisation */ '');

FILE_SCHEMA (('AUTOMOTIVE_DESIGN { 1 0 10303 214 3 1 1 }'));
ENDSEC;

DATA;
#10=MECHANICAL_DESIGN_GEOMETRIC_PRESENTATION_REPRESENTATION('',(#19,#20),
#3892);
#11=SHAPE_REPRESENTATION_RELATIONSHIP('SRR','None',#3898,#12);
#12=ADVANCED_BREP_SHAPE_REPRESENTATION('',(#21,#22),#3891);
#13=(
BOUNDED_CURVE()
B_SPLINE_CURVE(2,(#3707,#3708,#3709),.UNSPECIFIED.,.F.,.F.)
B_SPLINE_CURVE_WITH_KNOTS((3,3),(0.496114270551347,0.992228541102694),
 .UNSPECIFIED.)
CURVE()
GEOMETRIC_REPRESENTATION_ITEM()
RATIONAL_B_SPLINE_CURVE((1.,1.1180339887499,1.))
REPRESENTATION_ITEM('')
);
#14=(
BOUNDED_CURVE()
B_SPLINE_CURVE(2,(#3713,#3714,#3715),.UNSPECIFIED.,.F.,.F.)
B_SPLINE_CURVE_WITH_KNOTS((3,3),(0.,0.496114270551348),.UNSPECIFIED.)
CURVE()
GEOMETRIC_REPRESENTATION_ITEM()
RATIONAL_B_SPLINE_CURVE((1.,1.11803398874991,1.))
REPRESENTATION_ITEM('')
);
#15=CONICAL_SURFACE('',#2482,3.,0.785398163397451);
#16=CONICAL_SURFACE('',#2484,5.,0.785398163397453);
#17=CONICAL_SURFACE('',#2486,5.,0.785398163397445);
#18=CONICAL_SURFACE('',#2488,3.,0.785398163397446);
#19=STYLED_ITEM('',(#3907),#21);
#20=STYLED_ITEM('',(#3907),#22);
#21=MANIFOLD_SOLID_BREP('Body1',#2337);
#22=MANIFOLD_SOLID_BREP('Body2',#2338);
#23=CYLINDRICAL_SURFACE('',#2378,3.);
#24=CYLINDRICAL_SURFACE('',#2381,3.);
#25=CYLINDRICAL_SURFACE('',#2386,8.);
#26=CYLINDRICAL_SURFACE('',#2388,8.);
#27=CYLINDRICAL_SURFACE('',#2390,8.);
#28=CYLINDRICAL_SURFACE('',#2392,8.);
#29=CYLINDRICAL_SURFACE('',#2394,3.);
#30=CYLINDRICAL_SURFACE('',#2395,8.);
#31=CYLINDRICAL_SURFACE('',#2398,8.);
#32=CYLINDRICAL_SURFACE('',#2401,9.);
#33=CYLINDRICAL_SURFACE('',#2404,9.);
#34=CYLINDRICAL_SURFACE('',#2407,1.6);
#35=CYLINDRICAL_SURFACE('',#2408,1.6);
#36=CYLINDRICAL_SURFACE('',#2410,3.);
#37=CYLINDRICAL_SURFACE('',#2412,1.6);
#38=CYLINDRICAL_SURFACE('',#2415,3.);
#39=CYLINDRICAL_SURFACE('',#2419,3.);
#40=CYLINDRICAL_SURFACE('',#2423,1.6);
#41=CYLINDRICAL_SURFACE('',#2425,3.);
#42=CYLINDRICAL_SURFACE('',#2429,3.);
#43=CYLINDRICAL_SURFACE('',#2444,7.5);
#44=CYLINDRICAL_SURFACE('',#2490,1.6);
#45=CYLINDRICAL_SURFACE('',#2491,4.);
#46=CYLINDRICAL_SURFACE('',#2509,4.);
#47=CYLINDRICAL_SURFACE('',#2510,8.);
#48=CYLINDRICAL_SURFACE('',#2512,8.);
#49=CYLINDRICAL_SURFACE('',#2514,8.);
#50=CYLINDRICAL_SURFACE('',#2516,8.);
#51=CYLINDRICAL_SURFACE('',#2518,8.);
#52=CYLINDRICAL_SURFACE('',#2520,8.);
#53=CYLINDRICAL_SURFACE('',#2522,9.);
#54=CYLINDRICAL_SURFACE('',#2524,9.);
#55=CYLINDRICAL_SURFACE('',#2526,1.6);
#56=CYLINDRICAL_SURFACE('',#2527,3.);
#57=CYLINDRICAL_SURFACE('',#2529,1.6);
#58=CYLINDRICAL_SURFACE('',#2530,3.);
#59=CYLINDRICAL_SURFACE('',#2531,1.6);
#60=CYLINDRICAL_SURFACE('',#2532,3.);
#61=CYLINDRICAL_SURFACE('',#2534,1.6);
#62=CYLINDRICAL_SURFACE('',#2535,3.);
#63=ELLIPSE('',#2344,4.24264068711928,3.);
#64=ELLIPSE('',#2345,4.24264068711928,3.);
#65=ELLIPSE('',#2379,4.24264068711928,3.);
#66=ELLIPSE('',#2382,4.24264068711929,3.);
#67=ELLIPSE('',#2420,4.24264068711929,3.);
#68=ELLIPSE('',#2421,4.24264068711929,3.);
#69=ELLIPSE('',#2430,4.24264068711928,3.);
#70=ELLIPSE('',#2431,4.24264068711929,3.);
#71=ELLIPSE('',#2453,11.3137084989848,8.);
#72=ELLIPSE('',#2460,11.3137084989848,8.);
#73=FACE_BOUND('',#300,.T.);
#74=FACE_BOUND('',#304,.T.);
#75=FACE_BOUND('',#308,.T.);
#76=FACE_BOUND('',#309,.T.);
#77=FACE_BOUND('',#312,.T.);
#78=FACE_BOUND('',#313,.T.);
#79=FACE_BOUND('',#314,.T.);
#80=FACE_BOUND('',#315,.T.);
#81=FACE_BOUND('',#316,.T.);
#82=FACE_BOUND('',#321,.T.);
#83=FACE_BOUND('',#349,.T.);
#84=FACE_BOUND('',#355,.T.);
#85=FACE_BOUND('',#369,.T.);
#86=FACE_BOUND('',#381,.T.);
#87=FACE_BOUND('',#384,.T.);
#88=FACE_BOUND('',#386,.T.);
#89=FACE_BOUND('',#387,.T.);
#90=FACE_BOUND('',#388,.T.);
#91=FACE_BOUND('',#389,.T.);
#92=FACE_BOUND('',#390,.T.);
#93=FACE_BOUND('',#398,.T.);
#94=FACE_BOUND('',#399,.T.);
#95=FACE_BOUND('',#400,.T.);
#96=FACE_BOUND('',#401,.T.);
#97=FACE_BOUND('',#440,.T.);
#98=FACE_BOUND('',#443,.T.);
#99=CIRCLE('',#2341,7.5);
#100=CIRCLE('',#2350,2.99999999999999);
#101=CIRCLE('',#2351,8.);
#102=CIRCLE('',#2352,3.);
#103=CIRCLE('',#2353,8.);
#104=CIRCLE('',#2354,8.);
#105=CIRCLE('',#2355,3.);
#106=CIRCLE('',#2356,8.);
#107=CIRCLE('',#2357,3.);
#108=CIRCLE('',#2358,1.6);
#109=CIRCLE('',#2359,1.6);
#110=CIRCLE('',#2362,8.);
#111=CIRCLE('',#2363,3.);
#112=CIRCLE('',#2364,8.);
#113=CIRCLE('',#2365,8.);
#114=CIRCLE('',#2366,3.);
#115=CIRCLE('',#2367,8.);
#116=CIRCLE('',#2368,8.);
#117=CIRCLE('',#2369,3.);
#118=CIRCLE('',#2370,9.);
#119=CIRCLE('',#2371,9.);
#120=CIRCLE('',#2372,3.);
#121=CIRCLE('',#2373,8.);
#122=CIRCLE('',#2374,1.6);
#123=CIRCLE('',#2375,1.6);
#124=CIRCLE('',#2376,1.6);
#125=CIRCLE('',#2377,1.6);
#126=CIRCLE('',#2384,7.5);
#127=CIRCLE('',#2396,8.);
#128=CIRCLE('',#2399,8.);
#129=CIRCLE('',#2402,9.);
#130=CIRCLE('',#2405,9.);
#131=CIRCLE('',#2413,1.6);
#132=CIRCLE('',#2416,3.);
#133=CIRCLE('',#2418,3.);
#134=CIRCLE('',#2424,1.6);
#135=CIRCLE('',#2426,3.);
#136=CIRCLE('',#2428,3.);
#137=CIRCLE('',#2456,6.);
#138=CIRCLE('',#2457,2.);
#139=CIRCLE('',#2458,1.6);
#140=CIRCLE('',#2462,2.);
#141=CIRCLE('',#2463,6.);
#142=CIRCLE('',#2464,1.6);
#143=CIRCLE('',#2466,8.);
#144=CIRCLE('',#2467,3.);
#145=CIRCLE('',#2468,8.);
#146=CIRCLE('',#2469,8.);
#147=CIRCLE('',#2470,3.);
#148=CIRCLE('',#2471,9.);
#149=CIRCLE('',#2472,9.);
#150=CIRCLE('',#2473,3.);
#151=CIRCLE('',#2474,8.);
#152=CIRCLE('',#2475,8.);
#153=CIRCLE('',#2476,3.);
#154=CIRCLE('',#2477,8.);
#155=CIRCLE('',#2478,1.6);
#156=CIRCLE('',#2479,1.6);
#157=CIRCLE('',#2480,1.6);
#158=CIRCLE('',#2481,1.6);
#159=CIRCLE('',#2483,4.);
#160=CIRCLE('',#2485,4.);
#161=CIRCLE('',#2487,4.);
#162=CIRCLE('',#2489,4.);
#163=CIRCLE('',#2493,8.);
#164=CIRCLE('',#2494,3.);
#165=CIRCLE('',#2495,8.);
#166=CIRCLE('',#2496,8.);
#167=CIRCLE('',#2497,3.);
#168=CIRCLE('',#2498,9.);
#169=CIRCLE('',#2499,9.);
#170=CIRCLE('',#2500,3.);
#171=CIRCLE('',#2501,8.);
#172=CIRCLE('',#2502,8.);
#173=CIRCLE('',#2503,3.);
#174=CIRCLE('',#2504,8.);
#175=CIRCLE('',#2505,1.6);
#176=CIRCLE('',#2506,1.6);
#177=CIRCLE('',#2507,1.6);
#178=CIRCLE('',#2508,1.6);
#179=FACE_OUTER_BOUND('',#299,.T.);
#180=FACE_OUTER_BOUND('',#301,.T.);
#181=FACE_OUTER_BOUND('',#302,.T.);
#182=FACE_OUTER_BOUND('',#303,.T.);
#183=FACE_OUTER_BOUND('',#305,.T.);
#184=FACE_OUTER_BOUND('',#306,.T.);
#185=FACE_OUTER_BOUND('',#307,.T.);
#186=FACE_OUTER_BOUND('',#310,.T.);
#187=FACE_OUTER_BOUND('',#311,.T.);
#188=FACE_OUTER_BOUND('',#317,.T.);
#189=FACE_OUTER_BOUND('',#318,.T.);
#190=FACE_OUTER_BOUND('',#319,.T.);
#191=FACE_OUTER_BOUND('',#320,.T.);
#192=FACE_OUTER_BOUND('',#322,.T.);
#193=FACE_OUTER_BOUND('',#323,.T.);
#194=FACE_OUTER_BOUND('',#324,.T.);
#195=FACE_OUTER_BOUND('',#325,.T.);
#196=FACE_OUTER_BOUND('',#326,.T.);
#197=FACE_OUTER_BOUND('',#327,.T.);
#198=FACE_OUTER_BOUND('',#328,.T.);
#199=FACE_OUTER_BOUND('',#329,.T.);
#200=FACE_OUTER_BOUND('',#330,.T.);
#201=FACE_OUTER_BOUND('',#331,.T.);
#202=FACE_OUTER_BOUND('',#332,.T.);
#203=FACE_OUTER_BOUND('',#333,.T.);
#204=FACE_OUTER_BOUND('',#334,.T.);
#205=FACE_OUTER_BOUND('',#335,.T.);
#206=FACE_OUTER_BOUND('',#336,.T.);
#207=FACE_OUTER_BOUND('',#337,.T.);
#208=FACE_OUTER_BOUND('',#338,.T.);
#209=FACE_OUTER_BOUND('',#339,.T.);
#210=FACE_OUTER_BOUND('',#340,.T.);
#211=FACE_OUTER_BOUND('',#341,.T.);
#212=FACE_OUTER_BOUND('',#342,.T.);
#213=FACE_OUTER_BOUND('',#343,.T.);
#214=FACE_OUTER_BOUND('',#344,.T.);
#215=FACE_OUTER_BOUND('',#345,.T.);
#216=FACE_OUTER_BOUND('',#346,.T.);
#217=FACE_OUTER_BOUND('',#347,.T.);
#218=FACE_OUTER_BOUND('',#348,.T.);
#219=FACE_OUTER_BOUND('',#350,.T.);
#220=FACE_OUTER_BOUND('',#351,.T.);
#221=FACE_OUTER_BOUND('',#352,.T.);
#222=FACE_OUTER_BOUND('',#353,.T.);
#223=FACE_OUTER_BOUND('',#354,.T.);
#224=FACE_OUTER_BOUND('',#356,.T.);
#225=FACE_OUTER_BOUND('',#357,.T.);
#226=FACE_OUTER_BOUND('',#358,.T.);
#227=FACE_OUTER_BOUND('',#359,.T.);
#228=FACE_OUTER_BOUND('',#360,.T.);
#229=FACE_OUTER_BOUND('',#361,.T.);
#230=FACE_OUTER_BOUND('',#362,.T.);
#231=FACE_OUTER_BOUND('',#363,.T.);
#232=FACE_OUTER_BOUND('',#364,.T.);
#233=FACE_OUTER_BOUND('',#365,.T.);
#234=FACE_OUTER_BOUND('',#366,.T.);
#235=FACE_OUTER_BOUND('',#367,.T.);
#236=FACE_OUTER_BOUND('',#368,.T.);
#237=FACE_OUTER_BOUND('',#370,.T.);
#238=FACE_OUTER_BOUND('',#371,.T.);
#239=FACE_OUTER_BOUND('',#372,.T.);
#240=FACE_OUTER_BOUND('',#373,.T.);
#241=FACE_OUTER_BOUND('',#374,.T.);
#242=FACE_OUTER_BOUND('',#375,.T.);
#243=FACE_OUTER_BOUND('',#376,.T.);
#244=FACE_OUTER_BOUND('',#377,.T.);
#245=FACE_OUTER_BOUND('',#378,.T.);
#246=FACE_OUTER_BOUND('',#379,.T.);
#247=FACE_OUTER_BOUND('',#380,.T.);
#248=FACE_OUTER_BOUND('',#382,.T.);
#249=FACE_OUTER_BOUND('',#383,.T.);
#250=FACE_OUTER_BOUND('',#385,.T.);
#251=FACE_OUTER_BOUND('',#391,.T.);
#252=FACE_OUTER_BOUND('',#392,.T.);
#253=FACE_OUTER_BOUND('',#393,.T.);
#254=FACE_OUTER_BOUND('',#394,.T.);
#255=FACE_OUTER_BOUND('',#395,.T.);
#256=FACE_OUTER_BOUND('',#396,.T.);
#257=FACE_OUTER_BOUND('',#397,.T.);
#258=FACE_OUTER_BOUND('',#402,.T.);
#259=FACE_OUTER_BOUND('',#403,.T.);
#260=FACE_OUTER_BOUND('',#404,.T.);
#261=FACE_OUTER_BOUND('',#405,.T.);
#262=FACE_OUTER_BOUND('',#406,.T.);
#263=FACE_OUTER_BOUND('',#407,.T.);
#264=FACE_OUTER_BOUND('',#408,.T.);
#265=FACE_OUTER_BOUND('',#409,.T.);
#266=FACE_OUTER_BOUND('',#410,.T.);
#267=FACE_OUTER_BOUND('',#411,.T.);
#268=FACE_OUTER_BOUND('',#412,.T.);
#269=FACE_OUTER_BOUND('',#413,.T.);
#270=FACE_OUTER_BOUND('',#414,.T.);
#271=FACE_OUTER_BOUND('',#415,.T.);
#272=FACE_OUTER_BOUND('',#416,.T.);
#273=FACE_OUTER_BOUND('',#417,.T.);
#274=FACE_OUTER_BOUND('',#418,.T.);
#275=FACE_OUTER_BOUND('',#419,.T.);
#276=FACE_OUTER_BOUND('',#420,.T.);
#277=FACE_OUTER_BOUND('',#421,.T.);
#278=FACE_OUTER_BOUND('',#422,.T.);
#279=FACE_OUTER_BOUND('',#423,.T.);
#280=FACE_OUTER_BOUND('',#424,.T.);
#281=FACE_OUTER_BOUND('',#425,.T.);
#282=FACE_OUTER_BOUND('',#426,.T.);
#283=FACE_OUTER_BOUND('',#427,.T.);
#284=FACE_OUTER_BOUND('',#428,.T.);
#285=FACE_OUTER_BOUND('',#429,.T.);
#286=FACE_OUTER_BOUND('',#430,.T.);
#287=FACE_OUTER_BOUND('',#431,.T.);
#288=FACE_OUTER_BOUND('',#432,.T.);
#289=FACE_OUTER_BOUND('',#433,.T.);
#290=FACE_OUTER_BOUND('',#434,.T.);
#291=FACE_OUTER_BOUND('',#435,.T.);
#292=FACE_OUTER_BOUND('',#436,.T.);
#293=FACE_OUTER_BOUND('',#437,.T.);
#294=FACE_OUTER_BOUND('',#438,.T.);
#295=FACE_OUTER_BOUND('',#439,.T.);
#296=FACE_OUTER_BOUND('',#441,.T.);
#297=FACE_OUTER_BOUND('',#442,.T.);
#298=FACE_OUTER_BOUND('',#444,.T.);
#299=EDGE_LOOP('',(#1477,#1478,#1479,#1480));
#300=EDGE_LOOP('',(#1481,#1482,#1483));
#301=EDGE_LOOP('',(#1484,#1485,#1486,#1487));
#302=EDGE_LOOP('',(#1488,#1489,#1490,#1491,#1492,#1493,#1494,#1495));
#303=EDGE_LOOP('',(#1496,#1497,#1498,#1499));
#304=EDGE_LOOP('',(#1500,#1501,#1502,#1503));
#305=EDGE_LOOP('',(#1504,#1505,#1506,#1507));
#306=EDGE_LOOP('',(#1508,#1509,#1510,#1511));
#307=EDGE_LOOP('',(#1512,#1513,#1514,#1515,#1516,#1517,#1518,#1519,#1520,
#1521,#1522,#1523,#1524,#1525,#1526,#1527,#1528,#1529));
#308=EDGE_LOOP('',(#1530));
#309=EDGE_LOOP('',(#1531));
#310=EDGE_LOOP('',(#1532,#1533,#1534,#1535,#1536,#1537,#1538));
#311=EDGE_LOOP('',(#1539,#1540,#1541,#1542,#1543,#1544,#1545,#1546,#1547,
#1548,#1549,#1550,#1551,#1552,#1553,#1554,#1555,#1556,#1557,#1558,#1559,
#1560,#1561,#1562));
#312=EDGE_LOOP('',(#1563,#1564,#1565,#1566));
#313=EDGE_LOOP('',(#1567));
#314=EDGE_LOOP('',(#1568));
#315=EDGE_LOOP('',(#1569));
#316=EDGE_LOOP('',(#1570));
#317=EDGE_LOOP('',(#1571,#1572,#1573,#1574,#1575));
#318=EDGE_LOOP('',(#1576,#1577,#1578,#1579,#1580,#1581,#1582));
#319=EDGE_LOOP('',(#1583,#1584,#1585,#1586,#1587));
#320=EDGE_LOOP('',(#1588,#1589,#1590,#1591));
#321=EDGE_LOOP('',(#1592,#1593,#1594));
#322=EDGE_LOOP('',(#1595,#1596,#1597,#1598));
#323=EDGE_LOOP('',(#1599,#1600,#1601,#1602));
#324=EDGE_LOOP('',(#1603,#1604,#1605,#1606));
#325=EDGE_LOOP('',(#1607,#1608,#1609,#1610));
#326=EDGE_LOOP('',(#1611,#1612,#1613,#1614,#1615,#1616,#1617,#1618));
#327=EDGE_LOOP('',(#1619,#1620,#1621,#1622));
#328=EDGE_LOOP('',(#1623,#1624,#1625,#1626));
#329=EDGE_LOOP('',(#1627,#1628,#1629,#1630));
#330=EDGE_LOOP('',(#1631,#1632,#1633,#1634));
#331=EDGE_LOOP('',(#1635,#1636,#1637,#1638));
#332=EDGE_LOOP('',(#1639,#1640,#1641,#1642));
#333=EDGE_LOOP('',(#1643,#1644,#1645,#1646));
#334=EDGE_LOOP('',(#1647,#1648,#1649,#1650));
#335=EDGE_LOOP('',(#1651,#1652,#1653,#1654,#1655,#1656,#1657,#1658));
#336=EDGE_LOOP('',(#1659,#1660,#1661,#1662));
#337=EDGE_LOOP('',(#1663,#1664,#1665,#1666));
#338=EDGE_LOOP('',(#1667,#1668,#1669,#1670));
#339=EDGE_LOOP('',(#1671,#1672,#1673,#1674,#1675,#1676,#1677,#1678));
#340=EDGE_LOOP('',(#1679,#1680,#1681,#1682));
#341=EDGE_LOOP('',(#1683,#1684,#1685,#1686));
#342=EDGE_LOOP('',(#1687,#1688,#1689,#1690));
#343=EDGE_LOOP('',(#1691,#1692,#1693,#1694));
#344=EDGE_LOOP('',(#1695,#1696,#1697,#1698));
#345=EDGE_LOOP('',(#1699,#1700,#1701,#1702));
#346=EDGE_LOOP('',(#1703,#1704,#1705,#1706));
#347=EDGE_LOOP('',(#1707,#1708,#1709,#1710));
#348=EDGE_LOOP('',(#1711,#1712,#1713,#1714,#1715,#1716,#1717,#1718));
#349=EDGE_LOOP('',(#1719));
#350=EDGE_LOOP('',(#1720,#1721,#1722,#1723,#1724));
#351=EDGE_LOOP('',(#1725,#1726,#1727,#1728));
#352=EDGE_LOOP('',(#1729,#1730,#1731,#1732));
#353=EDGE_LOOP('',(#1733,#1734,#1735,#1736));
#354=EDGE_LOOP('',(#1737,#1738,#1739,#1740,#1741,#1742,#1743,#1744));
#355=EDGE_LOOP('',(#1745));
#356=EDGE_LOOP('',(#1746,#1747,#1748,#1749,#1750));
#357=EDGE_LOOP('',(#1751,#1752,#1753,#1754));
#358=EDGE_LOOP('',(#1755,#1756,#1757,#1758));
#359=EDGE_LOOP('',(#1759,#1760,#1761,#1762));
#360=EDGE_LOOP('',(#1763,#1764,#1765,#1766));
#361=EDGE_LOOP('',(#1767,#1768,#1769,#1770));
#362=EDGE_LOOP('',(#1771,#1772,#1773,#1774));
#363=EDGE_LOOP('',(#1775,#1776,#1777,#1778));
#364=EDGE_LOOP('',(#1779,#1780,#1781,#1782));
#365=EDGE_LOOP('',(#1783,#1784,#1785,#1786,#1787,#1788));
#366=EDGE_LOOP('',(#1789,#1790,#1791,#1792,#1793,#1794));
#367=EDGE_LOOP('',(#1795,#1796,#1797,#1798,#1799,#1800));
#368=EDGE_LOOP('',(#1801,#1802,#1803,#1804));
#369=EDGE_LOOP('',(#1805,#1806,#1807,#1808));
#370=EDGE_LOOP('',(#1809,#1810,#1811,#1812));
#371=EDGE_LOOP('',(#1813,#1814,#1815,#1816,#1817,#1818));
#372=EDGE_LOOP('',(#1819,#1820,#1821,#1822,#1823,#1824));
#373=EDGE_LOOP('',(#1825,#1826,#1827,#1828));
#374=EDGE_LOOP('',(#1829,#1830,#1831,#1832,#1833,#1834));
#375=EDGE_LOOP('',(#1835,#1836,#1837,#1838,#1839,#1840));
#376=EDGE_LOOP('',(#1841,#1842,#1843,#1844,#1845));
#377=EDGE_LOOP('',(#1846,#1847,#1848,#1849));
#378=EDGE_LOOP('',(#1850,#1851,#1852,#1853,#1854));
#379=EDGE_LOOP('',(#1855,#1856,#1857,#1858,#1859));
#380=EDGE_LOOP('',(#1860,#1861,#1862,#1863,#1864,#1865,#1866));
#381=EDGE_LOOP('',(#1867));
#382=EDGE_LOOP('',(#1868,#1869,#1870,#1871,#1872));
#383=EDGE_LOOP('',(#1873,#1874,#1875,#1876,#1877,#1878,#1879));
#384=EDGE_LOOP('',(#1880));
#385=EDGE_LOOP('',(#1881,#1882,#1883,#1884,#1885,#1886,#1887,#1888,#1889,
#1890,#1891,#1892,#1893,#1894,#1895,#1896,#1897,#1898,#1899,#1900,#1901,
#1902,#1903,#1904,#1905,#1906));
#386=EDGE_LOOP('',(#1907));
#387=EDGE_LOOP('',(#1908));
#388=EDGE_LOOP('',(#1909));
#389=EDGE_LOOP('',(#1910));
#390=EDGE_LOOP('',(#1911,#1912,#1913,#1914));
#391=EDGE_LOOP('',(#1915,#1916,#1917,#1918));
#392=EDGE_LOOP('',(#1919,#1920,#1921,#1922));
#393=EDGE_LOOP('',(#1923,#1924,#1925,#1926));
#394=EDGE_LOOP('',(#1927,#1928,#1929,#1930));
#395=EDGE_LOOP('',(#1931,#1932,#1933,#1934));
#396=EDGE_LOOP('',(#1935,#1936,#1937,#1938));
#397=EDGE_LOOP('',(#1939,#1940,#1941,#1942,#1943,#1944,#1945,#1946,#1947,
#1948,#1949,#1950,#1951,#1952,#1953,#1954,#1955,#1956,#1957,#1958,#1959,
#1960,#1961,#1962,#1963,#1964,#1965,#1966));
#398=EDGE_LOOP('',(#1967));
#399=EDGE_LOOP('',(#1968));
#400=EDGE_LOOP('',(#1969));
#401=EDGE_LOOP('',(#1970));
#402=EDGE_LOOP('',(#1971,#1972,#1973,#1974));
#403=EDGE_LOOP('',(#1975,#1976,#1977,#1978));
#404=EDGE_LOOP('',(#1979,#1980,#1981,#1982));
#405=EDGE_LOOP('',(#1983,#1984,#1985,#1986));
#406=EDGE_LOOP('',(#1987,#1988,#1989,#1990));
#407=EDGE_LOOP('',(#1991,#1992,#1993,#1994,#1995));
#408=EDGE_LOOP('',(#1996,#1997,#1998,#1999));
#409=EDGE_LOOP('',(#2000,#2001,#2002,#2003,#2004));
#410=EDGE_LOOP('',(#2005,#2006,#2007,#2008));
#411=EDGE_LOOP('',(#2009,#2010,#2011,#2012));
#412=EDGE_LOOP('',(#2013,#2014,#2015,#2016));
#413=EDGE_LOOP('',(#2017,#2018,#2019,#2020));
#414=EDGE_LOOP('',(#2021,#2022,#2023,#2024));
#415=EDGE_LOOP('',(#2025,#2026,#2027,#2028));
#416=EDGE_LOOP('',(#2029,#2030,#2031,#2032));
#417=EDGE_LOOP('',(#2033,#2034,#2035,#2036));
#418=EDGE_LOOP('',(#2037,#2038,#2039,#2040));
#419=EDGE_LOOP('',(#2041,#2042,#2043,#2044));
#420=EDGE_LOOP('',(#2045,#2046,#2047,#2048));
#421=EDGE_LOOP('',(#2049,#2050,#2051,#2052));
#422=EDGE_LOOP('',(#2053,#2054,#2055,#2056));
#423=EDGE_LOOP('',(#2057,#2058,#2059,#2060));
#424=EDGE_LOOP('',(#2061,#2062,#2063,#2064));
#425=EDGE_LOOP('',(#2065,#2066,#2067,#2068));
#426=EDGE_LOOP('',(#2069,#2070,#2071,#2072));
#427=EDGE_LOOP('',(#2073,#2074,#2075,#2076));
#428=EDGE_LOOP('',(#2077,#2078,#2079,#2080));
#429=EDGE_LOOP('',(#2081,#2082,#2083,#2084));
#430=EDGE_LOOP('',(#2085,#2086,#2087,#2088));
#431=EDGE_LOOP('',(#2089,#2090,#2091));
#432=EDGE_LOOP('',(#2092,#2093,#2094,#2095));
#433=EDGE_LOOP('',(#2096,#2097,#2098));
#434=EDGE_LOOP('',(#2099,#2100,#2101,#2102));
#435=EDGE_LOOP('',(#2103,#2104,#2105));
#436=EDGE_LOOP('',(#2106,#2107,#2108));
#437=EDGE_LOOP('',(#2109,#2110,#2111,#2112));
#438=EDGE_LOOP('',(#2113,#2114,#2115,#2116));
#439=EDGE_LOOP('',(#2117,#2118,#2119,#2120));
#440=EDGE_LOOP('',(#2121,#2122,#2123,#2124));
#441=EDGE_LOOP('',(#2125,#2126,#2127,#2128));
#442=EDGE_LOOP('',(#2129,#2130,#2131,#2132));
#443=EDGE_LOOP('',(#2133,#2134,#2135,#2136));
#444=EDGE_LOOP('',(#2137,#2138,#2139,#2140));
#445=LINE('',#3216,#685);
#446=LINE('',#3218,#686);
#447=LINE('',#3220,#687);
#448=LINE('',#3221,#688);
#449=LINE('',#3226,#689);
#450=LINE('',#3227,#690);
#451=LINE('',#3230,#691);
#452=LINE('',#3232,#692);
#453=LINE('',#3233,#693);
#454=LINE('',#3236,#694);
#455=LINE('',#3238,#695);
#456=LINE('',#3242,#696);
#457=LINE('',#3244,#697);
#458=LINE('',#3246,#698);
#459=LINE('',#3251,#699);
#460=LINE('',#3253,#700);
#461=LINE('',#3255,#701);
#462=LINE('',#3256,#702);
#463=LINE('',#3259,#703);
#464=LINE('',#3261,#704);
#465=LINE('',#3263,#705);
#466=LINE('',#3264,#706);
#467=LINE('',#3267,#707);
#468=LINE('',#3269,#708);
#469=LINE('',#3270,#709);
#470=LINE('',#3273,#710);
#471=LINE('',#3274,#711);
#472=LINE('',#3277,#712);
#473=LINE('',#3281,#713);
#474=LINE('',#3285,#714);
#475=LINE('',#3289,#715);
#476=LINE('',#3293,#716);
#477=LINE('',#3297,#717);
#478=LINE('',#3301,#718);
#479=LINE('',#3305,#719);
#480=LINE('',#3308,#720);
#481=LINE('',#3314,#721);
#482=LINE('',#3316,#722);
#483=LINE('',#3317,#723);
#484=LINE('',#3321,#724);
#485=LINE('',#3325,#725);
#486=LINE('',#3329,#726);
#487=LINE('',#3333,#727);
#488=LINE('',#3337,#728);
#489=LINE('',#3341,#729);
#490=LINE('',#3345,#730);
#491=LINE('',#3349,#731);
#492=LINE('',#3353,#732);
#493=LINE('',#3357,#733);
#494=LINE('',#3361,#734);
#495=LINE('',#3365,#735);
#496=LINE('',#3368,#736);
#497=LINE('',#3369,#737);
#498=LINE('',#3381,#738);
#499=LINE('',#3383,#739);
#500=LINE('',#3384,#740);
#501=LINE('',#3387,#741);
#502=LINE('',#3391,#742);
#503=LINE('',#3393,#743);
#504=LINE('',#3394,#744);
#505=LINE('',#3397,#745);
#506=LINE('',#3399,#746);
#507=LINE('',#3401,#747);
#508=LINE('',#3402,#748);
#509=LINE('',#3404,#749);
#510=LINE('',#3406,#750);
#511=LINE('',#3407,#751);
#512=LINE('',#3410,#752);
#513=LINE('',#3412,#753);
#514=LINE('',#3414,#754);
#515=LINE('',#3415,#755);
#516=LINE('',#3417,#756);
#517=LINE('',#3418,#757);
#518=LINE('',#3420,#758);
#519=LINE('',#3422,#759);
#520=LINE('',#3423,#760);
#521=LINE('',#3425,#761);
#522=LINE('',#3430,#762);
#523=LINE('',#3433,#763);
#524=LINE('',#3434,#764);
#525=LINE('',#3439,#765);
#526=LINE('',#3440,#766);
#527=LINE('',#3443,#767);
#528=LINE('',#3445,#768);
#529=LINE('',#3446,#769);
#530=LINE('',#3451,#770);
#531=LINE('',#3452,#771);
#532=LINE('',#3455,#772);
#533=LINE('',#3456,#773);
#534=LINE('',#3461,#774);
#535=LINE('',#3462,#775);
#536=LINE('',#3465,#776);
#537=LINE('',#3467,#777);
#538=LINE('',#3469,#778);
#539=LINE('',#3471,#779);
#540=LINE('',#3472,#780);
#541=LINE('',#3474,#781);
#542=LINE('',#3476,#782);
#543=LINE('',#3478,#783);
#544=LINE('',#3484,#784);
#545=LINE('',#3487,#785);
#546=LINE('',#3488,#786);
#547=LINE('',#3499,#787);
#548=LINE('',#3500,#788);
#549=LINE('',#3504,#789);
#550=LINE('',#3515,#790);
#551=LINE('',#3516,#791);
#552=LINE('',#3518,#792);
#553=LINE('',#3523,#793);
#554=LINE('',#3525,#794);
#555=LINE('',#3527,#795);
#556=LINE('',#3528,#796);
#557=LINE('',#3531,#797);
#558=LINE('',#3533,#798);
#559=LINE('',#3534,#799);
#560=LINE('',#3537,#800);
#561=LINE('',#3539,#801);
#562=LINE('',#3540,#802);
#563=LINE('',#3542,#803);
#564=LINE('',#3543,#804);
#565=LINE('',#3546,#805);
#566=LINE('',#3548,#806);
#567=LINE('',#3555,#807);
#568=LINE('',#3557,#808);
#569=LINE('',#3559,#809);
#570=LINE('',#3561,#810);
#571=LINE('',#3563,#811);
#572=LINE('',#3564,#812);
#573=LINE('',#3567,#813);
#574=LINE('',#3569,#814);
#575=LINE('',#3571,#815);
#576=LINE('',#3573,#816);
#577=LINE('',#3574,#817);
#578=LINE('',#3577,#818);
#579=LINE('',#3578,#819);
#580=LINE('',#3581,#820);
#581=LINE('',#3583,#821);
#582=LINE('',#3585,#822);
#583=LINE('',#3586,#823);
#584=LINE('',#3589,#824);
#585=LINE('',#3591,#825);
#586=LINE('',#3592,#826);
#587=LINE('',#3595,#827);
#588=LINE('',#3597,#828);
#589=LINE('',#3598,#829);
#590=LINE('',#3601,#830);
#591=LINE('',#3602,#831);
#592=LINE('',#3605,#832);
#593=LINE('',#3608,#833);
#594=LINE('',#3611,#834);
#595=LINE('',#3612,#835);
#596=LINE('',#3615,#836);
#597=LINE('',#3617,#837);
#598=LINE('',#3619,#838);
#599=LINE('',#3627,#839);
#600=LINE('',#3635,#840);
#601=LINE('',#3636,#841);
#602=LINE('',#3643,#842);
#603=LINE('',#3647,#843);
#604=LINE('',#3651,#844);
#605=LINE('',#3655,#845);
#606=LINE('',#3659,#846);
#607=LINE('',#3663,#847);
#608=LINE('',#3667,#848);
#609=LINE('',#3671,#849);
#610=LINE('',#3675,#850);
#611=LINE('',#3679,#851);
#612=LINE('',#3683,#852);
#613=LINE('',#3695,#853);
#614=LINE('',#3697,#854);
#615=LINE('',#3699,#855);
#616=LINE('',#3700,#856);
#617=LINE('',#3703,#857);
#618=LINE('',#3717,#858);
#619=LINE('',#3722,#859);
#620=LINE('',#3724,#860);
#621=LINE('',#3725,#861);
#622=LINE('',#3730,#862);
#623=LINE('',#3734,#863);
#624=LINE('',#3738,#864);
#625=LINE('',#3742,#865);
#626=LINE('',#3746,#866);
#627=LINE('',#3750,#867);
#628=LINE('',#3754,#868);
#629=LINE('',#3758,#869);
#630=LINE('',#3762,#870);
#631=LINE('',#3766,#871);
#632=LINE('',#3770,#872);
#633=LINE('',#3782,#873);
#634=LINE('',#3783,#874);
#635=LINE('',#3785,#875);
#636=LINE('',#3787,#876);
#637=LINE('',#3788,#877);
#638=LINE('',#3790,#878);
#639=LINE('',#3792,#879);
#640=LINE('',#3794,#880);
#641=LINE('',#3796,#881);
#642=LINE('',#3798,#882);
#643=LINE('',#3800,#883);
#644=LINE('',#3801,#884);
#645=LINE('',#3803,#885);
#646=LINE('',#3805,#886);
#647=LINE('',#3806,#887);
#648=LINE('',#3808,#888);
#649=LINE('',#3810,#889);
#650=LINE('',#3811,#890);
#651=LINE('',#3813,#891);
#652=LINE('',#3815,#892);
#653=LINE('',#3816,#893);
#654=LINE('',#3818,#894);
#655=LINE('',#3820,#895);
#656=LINE('',#3824,#896);
#657=LINE('',#3827,#897);
#658=LINE('',#3831,#898);
#659=LINE('',#3837,#899);
#660=LINE('',#3839,#900);
#661=LINE('',#3841,#901);
#662=LINE('',#3842,#902);
#663=LINE('',#3845,#903);
#664=LINE('',#3846,#904);
#665=LINE('',#3849,#905);
#666=LINE('',#3850,#906);
#667=LINE('',#3852,#907);
#668=LINE('',#3856,#908);
#669=LINE('',#3858,#909);
#670=LINE('',#3860,#910);
#671=LINE('',#3861,#911);
#672=LINE('',#3864,#912);
#673=LINE('',#3865,#913);
#674=LINE('',#3868,#914);
#675=LINE('',#3869,#915);
#676=LINE('',#3871,#916);
#677=LINE('',#3874,#917);
#678=LINE('',#3876,#918);
#679=LINE('',#3877,#919);
#680=LINE('',#3880,#920);
#681=LINE('',#3881,#921);
#682=LINE('',#3884,#922);
#683=LINE('',#3885,#923);
#684=LINE('',#3887,#924);
#685=VECTOR('',#2554,10.);
#686=VECTOR('',#2555,10.);
#687=VECTOR('',#2556,10.);
#688=VECTOR('',#2557,10.);
#689=VECTOR('',#2560,10.);
#690=VECTOR('',#2561,10.);
#691=VECTOR('',#2564,10.);
#692=VECTOR('',#2565,10.);
#693=VECTOR('',#2566,10.);
#694=VECTOR('',#2569,10.);
#695=VECTOR('',#2570,10.);
#696=VECTOR('',#2573,10.);
#697=VECTOR('',#2574,10.);
#698=VECTOR('',#2575,10.);
#699=VECTOR('',#2580,10.);
#700=VECTOR('',#2581,10.);
#701=VECTOR('',#2582,10.);
#702=VECTOR('',#2583,10.);
#703=VECTOR('',#2584,10.);
#704=VECTOR('',#2585,10.);
#705=VECTOR('',#2586,10.);
#706=VECTOR('',#2587,10.);
#707=VECTOR('',#2590,10.);
#708=VECTOR('',#2591,10.);
#709=VECTOR('',#2592,10.);
#710=VECTOR('',#2595,10.);
#711=VECTOR('',#2596,10.);
#712=VECTOR('',#2599,10.);
#713=VECTOR('',#2602,10.);
#714=VECTOR('',#2605,10.);
#715=VECTOR('',#2608,10.);
#716=VECTOR('',#2611,10.);
#717=VECTOR('',#2614,10.);
#718=VECTOR('',#2617,10.);
#719=VECTOR('',#2620,10.);
#720=VECTOR('',#2623,10.);
#721=VECTOR('',#2630,10.);
#722=VECTOR('',#2631,10.);
#723=VECTOR('',#2632,10.);
#724=VECTOR('',#2635,10.);
#725=VECTOR('',#2638,10.);
#726=VECTOR('',#2641,10.);
#727=VECTOR('',#2644,10.);
#728=VECTOR('',#2647,10.);
#729=VECTOR('',#2650,10.);
#730=VECTOR('',#2653,10.);
#731=VECTOR('',#2656,10.);
#732=VECTOR('',#2659,10.);
#733=VECTOR('',#2662,10.);
#734=VECTOR('',#2665,10.);
#735=VECTOR('',#2668,10.);
#736=VECTOR('',#2671,10.);
#737=VECTOR('',#2672,10.);
#738=VECTOR('',#2685,10.);
#739=VECTOR('',#2688,10.);
#740=VECTOR('',#2689,10.);
#741=VECTOR('',#2692,10.);
#742=VECTOR('',#2697,10.);
#743=VECTOR('',#2698,10.);
#744=VECTOR('',#2699,10.);
#745=VECTOR('',#2702,10.);
#746=VECTOR('',#2705,10.);
#747=VECTOR('',#2708,10.);
#748=VECTOR('',#2709,10.);
#749=VECTOR('',#2712,10.);
#750=VECTOR('',#2715,10.);
#751=VECTOR('',#2716,10.);
#752=VECTOR('',#2719,10.);
#753=VECTOR('',#2720,10.);
#754=VECTOR('',#2721,10.);
#755=VECTOR('',#2722,10.);
#756=VECTOR('',#2725,10.);
#757=VECTOR('',#2726,10.);
#758=VECTOR('',#2729,10.);
#759=VECTOR('',#2732,10.);
#760=VECTOR('',#2733,10.);
#761=VECTOR('',#2736,10.);
#762=VECTOR('',#2743,10.);
#763=VECTOR('',#2746,10.);
#764=VECTOR('',#2747,10.);
#765=VECTOR('',#2752,10.);
#766=VECTOR('',#2753,10.);
#767=VECTOR('',#2756,10.);
#768=VECTOR('',#2757,10.);
#769=VECTOR('',#2758,10.);
#770=VECTOR('',#2763,10.);
#771=VECTOR('',#2764,10.);
#772=VECTOR('',#2767,10.);
#773=VECTOR('',#2768,10.);
#774=VECTOR('',#2773,10.);
#775=VECTOR('',#2774,10.);
#776=VECTOR('',#2777,10.);
#777=VECTOR('',#2778,10.);
#778=VECTOR('',#2779,10.);
#779=VECTOR('',#2780,10.);
#780=VECTOR('',#2781,10.);
#781=VECTOR('',#2784,1.6);
#782=VECTOR('',#2787,1.6);
#783=VECTOR('',#2790,10.);
#784=VECTOR('',#2799,1.6);
#785=VECTOR('',#2802,10.);
#786=VECTOR('',#2803,10.);
#787=VECTOR('',#2820,10.);
#788=VECTOR('',#2821,10.);
#789=VECTOR('',#2826,1.6);
#790=VECTOR('',#2843,10.);
#791=VECTOR('',#2844,10.);
#792=VECTOR('',#2847,10.);
#793=VECTOR('',#2852,10.);
#794=VECTOR('',#2853,10.);
#795=VECTOR('',#2854,10.);
#796=VECTOR('',#2855,10.);
#797=VECTOR('',#2858,10.);
#798=VECTOR('',#2859,10.);
#799=VECTOR('',#2860,10.);
#800=VECTOR('',#2863,10.);
#801=VECTOR('',#2864,10.);
#802=VECTOR('',#2865,10.);
#803=VECTOR('',#2868,10.);
#804=VECTOR('',#2869,10.);
#805=VECTOR('',#2874,10.);
#806=VECTOR('',#2877,10.);
#807=VECTOR('',#2886,10.);
#808=VECTOR('',#2887,10.);
#809=VECTOR('',#2888,10.);
#810=VECTOR('',#2889,10.);
#811=VECTOR('',#2890,10.);
#812=VECTOR('',#2891,10.);
#813=VECTOR('',#2894,10.);
#814=VECTOR('',#2895,10.);
#815=VECTOR('',#2896,10.);
#816=VECTOR('',#2897,10.);
#817=VECTOR('',#2898,10.);
#818=VECTOR('',#2901,10.);
#819=VECTOR('',#2902,10.);
#820=VECTOR('',#2905,10.);
#821=VECTOR('',#2906,10.);
#822=VECTOR('',#2907,10.);
#823=VECTOR('',#2908,10.);
#824=VECTOR('',#2911,10.);
#825=VECTOR('',#2912,10.);
#826=VECTOR('',#2913,10.);
#827=VECTOR('',#2916,10.);
#828=VECTOR('',#2917,10.);
#829=VECTOR('',#2918,10.);
#830=VECTOR('',#2921,10.);
#831=VECTOR('',#2922,10.);
#832=VECTOR('',#2925,10.);
#833=VECTOR('',#2928,10.);
#834=VECTOR('',#2931,10.);
#835=VECTOR('',#2932,10.);
#836=VECTOR('',#2935,10.);
#837=VECTOR('',#2936,10.);
#838=VECTOR('',#2937,10.);
#839=VECTOR('',#2946,10.);
#840=VECTOR('',#2955,10.);
#841=VECTOR('',#2956,10.);
#842=VECTOR('',#2963,10.);
#843=VECTOR('',#2966,10.);
#844=VECTOR('',#2969,10.);
#845=VECTOR('',#2972,10.);
#846=VECTOR('',#2975,10.);
#847=VECTOR('',#2978,10.);
#848=VECTOR('',#2981,10.);
#849=VECTOR('',#2984,10.);
#850=VECTOR('',#2987,10.);
#851=VECTOR('',#2990,10.);
#852=VECTOR('',#2993,10.);
#853=VECTOR('',#3004,10.);
#854=VECTOR('',#3005,10.);
#855=VECTOR('',#3006,10.);
#856=VECTOR('',#3007,10.);
#857=VECTOR('',#3010,10.);
#858=VECTOR('',#3019,10.);
#859=VECTOR('',#3028,1.6);
#860=VECTOR('',#3031,4.);
#861=VECTOR('',#3032,4.);
#862=VECTOR('',#3037,10.);
#863=VECTOR('',#3040,10.);
#864=VECTOR('',#3043,10.);
#865=VECTOR('',#3046,10.);
#866=VECTOR('',#3049,10.);
#867=VECTOR('',#3052,10.);
#868=VECTOR('',#3055,10.);
#869=VECTOR('',#3058,10.);
#870=VECTOR('',#3061,10.);
#871=VECTOR('',#3064,10.);
#872=VECTOR('',#3067,10.);
#873=VECTOR('',#3082,10.);
#874=VECTOR('',#3083,10.);
#875=VECTOR('',#3086,10.);
#876=VECTOR('',#3089,10.);
#877=VECTOR('',#3090,10.);
#878=VECTOR('',#3093,10.);
#879=VECTOR('',#3096,10.);
#880=VECTOR('',#3099,10.);
#881=VECTOR('',#3102,10.);
#882=VECTOR('',#3105,10.);
#883=VECTOR('',#3108,10.);
#884=VECTOR('',#3109,10.);
#885=VECTOR('',#3112,10.);
#886=VECTOR('',#3115,10.);
#887=VECTOR('',#3116,10.);
#888=VECTOR('',#3119,10.);
#889=VECTOR('',#3122,10.);
#890=VECTOR('',#3123,10.);
#891=VECTOR('',#3126,10.);
#892=VECTOR('',#3129,10.);
#893=VECTOR('',#3130,10.);
#894=VECTOR('',#3133,10.);
#895=VECTOR('',#3136,1.6);
#896=VECTOR('',#3143,1.6);
#897=VECTOR('',#3148,1.6);
#898=VECTOR('',#3155,1.6);
#899=VECTOR('',#3162,10.);
#900=VECTOR('',#3163,10.);
#901=VECTOR('',#3164,10.);
#902=VECTOR('',#3165,10.);
#903=VECTOR('',#3168,10.);
#904=VECTOR('',#3169,10.);
#905=VECTOR('',#3172,10.);
#906=VECTOR('',#3173,10.);
#907=VECTOR('',#3176,10.);
#908=VECTOR('',#3179,10.);
#909=VECTOR('',#3180,10.);
#910=VECTOR('',#3181,10.);
#911=VECTOR('',#3182,10.);
#912=VECTOR('',#3185,10.);
#913=VECTOR('',#3186,10.);
#914=VECTOR('',#3189,10.);
#915=VECTOR('',#3190,10.);
#916=VECTOR('',#3193,10.);
#917=VECTOR('',#3196,10.);
#918=VECTOR('',#3197,10.);
#919=VECTOR('',#3198,10.);
#920=VECTOR('',#3201,10.);
#921=VECTOR('',#3202,10.);
#922=VECTOR('',#3205,10.);
#923=VECTOR('',#3206,10.);
#924=VECTOR('',#3209,10.);
#925=VERTEX_POINT('',#3214);
#926=VERTEX_POINT('',#3215);
#927=VERTEX_POINT('',#3217);
#928=VERTEX_POINT('',#3219);
#929=VERTEX_POINT('',#3222);
#930=VERTEX_POINT('',#3223);
#931=VERTEX_POINT('',#3225);
#932=VERTEX_POINT('',#3229);
#933=VERTEX_POINT('',#3231);
#934=VERTEX_POINT('',#3235);
#935=VERTEX_POINT('',#3237);
#936=VERTEX_POINT('',#3239);
#937=VERTEX_POINT('',#3241);
#938=VERTEX_POINT('',#3243);
#939=VERTEX_POINT('',#3245);
#940=VERTEX_POINT('',#3249);
#941=VERTEX_POINT('',#3250);
#942=VERTEX_POINT('',#3252);
#943=VERTEX_POINT('',#3254);
#944=VERTEX_POINT('',#3257);
#945=VERTEX_POINT('',#3258);
#946=VERTEX_POINT('',#3260);
#947=VERTEX_POINT('',#3262);
#948=VERTEX_POINT('',#3266);
#949=VERTEX_POINT('',#3268);
#950=VERTEX_POINT('',#3272);
#951=VERTEX_POINT('',#3276);
#952=VERTEX_POINT('',#3278);
#953=VERTEX_POINT('',#3280);
#954=VERTEX_POINT('',#3282);
#955=VERTEX_POINT('',#3284);
#956=VERTEX_POINT('',#3286);
#957=VERTEX_POINT('',#3288);
#958=VERTEX_POINT('',#3290);
#959=VERTEX_POINT('',#3292);
#960=VERTEX_POINT('',#3294);
#961=VERTEX_POINT('',#3296);
#962=VERTEX_POINT('',#3298);
#963=VERTEX_POINT('',#3300);
#964=VERTEX_POINT('',#3302);
#965=VERTEX_POINT('',#3304);
#966=VERTEX_POINT('',#3306);
#967=VERTEX_POINT('',#3309);
#968=VERTEX_POINT('',#3311);
#969=VERTEX_POINT('',#3315);
#970=VERTEX_POINT('',#3319);
#971=VERTEX_POINT('',#3320);
#972=VERTEX_POINT('',#3322);
#973=VERTEX_POINT('',#3324);
#974=VERTEX_POINT('',#3326);
#975=VERTEX_POINT('',#3328);
#976=VERTEX_POINT('',#3330);
#977=VERTEX_POINT('',#3332);
#978=VERTEX_POINT('',#3334);
#979=VERTEX_POINT('',#3336);
#980=VERTEX_POINT('',#3338);
#981=VERTEX_POINT('',#3340);
#982=VERTEX_POINT('',#3342);
#983=VERTEX_POINT('',#3344);
#984=VERTEX_POINT('',#3346);
#985=VERTEX_POINT('',#3348);
#986=VERTEX_POINT('',#3350);
#987=VERTEX_POINT('',#3352);
#988=VERTEX_POINT('',#3354);
#989=VERTEX_POINT('',#3356);
#990=VERTEX_POINT('',#3358);
#991=VERTEX_POINT('',#3360);
#992=VERTEX_POINT('',#3362);
#993=VERTEX_POINT('',#3364);
#994=VERTEX_POINT('',#3367);
#995=VERTEX_POINT('',#3370);
#996=VERTEX_POINT('',#3372);
#997=VERTEX_POINT('',#3374);
#998=VERTEX_POINT('',#3376);
#999=VERTEX_POINT('',#3379);
#1000=VERTEX_POINT('',#3386);
#1001=VERTEX_POINT('',#3390);
#1002=VERTEX_POINT('',#3392);
#1003=VERTEX_POINT('',#3395);
#1004=VERTEX_POINT('',#3409);
#1005=VERTEX_POINT('',#3411);
#1006=VERTEX_POINT('',#3413);
#1007=VERTEX_POINT('',#3428);
#1008=VERTEX_POINT('',#3432);
#1009=VERTEX_POINT('',#3436);
#1010=VERTEX_POINT('',#3437);
#1011=VERTEX_POINT('',#3442);
#1012=VERTEX_POINT('',#3444);
#1013=VERTEX_POINT('',#3448);
#1014=VERTEX_POINT('',#3449);
#1015=VERTEX_POINT('',#3454);
#1016=VERTEX_POINT('',#3458);
#1017=VERTEX_POINT('',#3459);
#1018=VERTEX_POINT('',#3464);
#1019=VERTEX_POINT('',#3466);
#1020=VERTEX_POINT('',#3468);
#1021=VERTEX_POINT('',#3470);
#1022=VERTEX_POINT('',#3482);
#1023=VERTEX_POINT('',#3486);
#1024=VERTEX_POINT('',#3494);
#1025=VERTEX_POINT('',#3498);
#1026=VERTEX_POINT('',#3502);
#1027=VERTEX_POINT('',#3510);
#1028=VERTEX_POINT('',#3514);
#1029=VERTEX_POINT('',#3521);
#1030=VERTEX_POINT('',#3522);
#1031=VERTEX_POINT('',#3524);
#1032=VERTEX_POINT('',#3526);
#1033=VERTEX_POINT('',#3530);
#1034=VERTEX_POINT('',#3532);
#1035=VERTEX_POINT('',#3536);
#1036=VERTEX_POINT('',#3538);
#1037=VERTEX_POINT('',#3553);
#1038=VERTEX_POINT('',#3554);
#1039=VERTEX_POINT('',#3556);
#1040=VERTEX_POINT('',#3558);
#1041=VERTEX_POINT('',#3560);
#1042=VERTEX_POINT('',#3562);
#1043=VERTEX_POINT('',#3566);
#1044=VERTEX_POINT('',#3568);
#1045=VERTEX_POINT('',#3570);
#1046=VERTEX_POINT('',#3572);
#1047=VERTEX_POINT('',#3576);
#1048=VERTEX_POINT('',#3580);
#1049=VERTEX_POINT('',#3582);
#1050=VERTEX_POINT('',#3584);
#1051=VERTEX_POINT('',#3588);
#1052=VERTEX_POINT('',#3590);
#1053=VERTEX_POINT('',#3594);
#1054=VERTEX_POINT('',#3596);
#1055=VERTEX_POINT('',#3600);
#1056=VERTEX_POINT('',#3604);
#1057=VERTEX_POINT('',#3606);
#1058=VERTEX_POINT('',#3610);
#1059=VERTEX_POINT('',#3614);
#1060=VERTEX_POINT('',#3616);
#1061=VERTEX_POINT('',#3618);
#1062=VERTEX_POINT('',#3620);
#1063=VERTEX_POINT('',#3623);
#1064=VERTEX_POINT('',#3626);
#1065=VERTEX_POINT('',#3630);
#1066=VERTEX_POINT('',#3632);
#1067=VERTEX_POINT('',#3634);
#1068=VERTEX_POINT('',#3637);
#1069=VERTEX_POINT('',#3640);
#1070=VERTEX_POINT('',#3642);
#1071=VERTEX_POINT('',#3644);
#1072=VERTEX_POINT('',#3646);
#1073=VERTEX_POINT('',#3648);
#1074=VERTEX_POINT('',#3650);
#1075=VERTEX_POINT('',#3652);
#1076=VERTEX_POINT('',#3654);
#1077=VERTEX_POINT('',#3656);
#1078=VERTEX_POINT('',#3658);
#1079=VERTEX_POINT('',#3660);
#1080=VERTEX_POINT('',#3662);
#1081=VERTEX_POINT('',#3664);
#1082=VERTEX_POINT('',#3666);
#1083=VERTEX_POINT('',#3668);
#1084=VERTEX_POINT('',#3670);
#1085=VERTEX_POINT('',#3672);
#1086=VERTEX_POINT('',#3674);
#1087=VERTEX_POINT('',#3676);
#1088=VERTEX_POINT('',#3678);
#1089=VERTEX_POINT('',#3680);
#1090=VERTEX_POINT('',#3682);
#1091=VERTEX_POINT('',#3685);
#1092=VERTEX_POINT('',#3687);
#1093=VERTEX_POINT('',#3689);
#1094=VERTEX_POINT('',#3691);
#1095=VERTEX_POINT('',#3693);
#1096=VERTEX_POINT('',#3694);
#1097=VERTEX_POINT('',#3696);
#1098=VERTEX_POINT('',#3698);
#1099=VERTEX_POINT('',#3702);
#1100=VERTEX_POINT('',#3706);
#1101=VERTEX_POINT('',#3712);
#1102=VERTEX_POINT('',#3716);
#1103=VERTEX_POINT('',#3727);
#1104=VERTEX_POINT('',#3729);
#1105=VERTEX_POINT('',#3731);
#1106=VERTEX_POINT('',#3733);
#1107=VERTEX_POINT('',#3735);
#1108=VERTEX_POINT('',#3737);
#1109=VERTEX_POINT('',#3739);
#1110=VERTEX_POINT('',#3741);
#1111=VERTEX_POINT('',#3743);
#1112=VERTEX_POINT('',#3745);
#1113=VERTEX_POINT('',#3747);
#1114=VERTEX_POINT('',#3749);
#1115=VERTEX_POINT('',#3751);
#1116=VERTEX_POINT('',#3753);
#1117=VERTEX_POINT('',#3755);
#1118=VERTEX_POINT('',#3757);
#1119=VERTEX_POINT('',#3759);
#1120=VERTEX_POINT('',#3761);
#1121=VERTEX_POINT('',#3763);
#1122=VERTEX_POINT('',#3765);
#1123=VERTEX_POINT('',#3767);
#1124=VERTEX_POINT('',#3769);
#1125=VERTEX_POINT('',#3772);
#1126=VERTEX_POINT('',#3774);
#1127=VERTEX_POINT('',#3776);
#1128=VERTEX_POINT('',#3778);
#1129=VERTEX_POINT('',#3835);
#1130=VERTEX_POINT('',#3836);
#1131=VERTEX_POINT('',#3838);
#1132=VERTEX_POINT('',#3840);
#1133=VERTEX_POINT('',#3844);
#1134=VERTEX_POINT('',#3848);
#1135=VERTEX_POINT('',#3854);
#1136=VERTEX_POINT('',#3855);
#1137=VERTEX_POINT('',#3857);
#1138=VERTEX_POINT('',#3859);
#1139=VERTEX_POINT('',#3863);
#1140=VERTEX_POINT('',#3867);
#1141=VERTEX_POINT('',#3873);
#1142=VERTEX_POINT('',#3875);
#1143=VERTEX_POINT('',#3879);
#1144=VERTEX_POINT('',#3883);
#1145=EDGE_CURVE('',#925,#926,#445,.T.);
#1146=EDGE_CURVE('',#927,#925,#446,.T.);
#1147=EDGE_CURVE('',#928,#927,#447,.T.);
#1148=EDGE_CURVE('',#926,#928,#448,.T.);
#1149=EDGE_CURVE('',#929,#930,#99,.T.);
#1150=EDGE_CURVE('',#931,#929,#449,.T.);
#1151=EDGE_CURVE('',#930,#931,#450,.T.);
#1152=EDGE_CURVE('',#932,#931,#451,.T.);
#1153=EDGE_CURVE('',#932,#933,#452,.T.);
#1154=EDGE_CURVE('',#933,#930,#453,.T.);
#1155=EDGE_CURVE('',#934,#925,#454,.T.);
#1156=EDGE_CURVE('',#926,#935,#455,.T.);
#1157=EDGE_CURVE('',#936,#935,#63,.T.);
#1158=EDGE_CURVE('',#937,#936,#456,.T.);
#1159=EDGE_CURVE('',#937,#938,#457,.T.);
#1160=EDGE_CURVE('',#938,#939,#458,.T.);
#1161=EDGE_CURVE('',#934,#939,#64,.T.);
#1162=EDGE_CURVE('',#940,#941,#459,.T.);
#1163=EDGE_CURVE('',#942,#940,#460,.T.);
#1164=EDGE_CURVE('',#943,#942,#461,.T.);
#1165=EDGE_CURVE('',#941,#943,#462,.T.);
#1166=EDGE_CURVE('',#944,#945,#463,.T.);
#1167=EDGE_CURVE('',#946,#944,#464,.T.);
#1168=EDGE_CURVE('',#947,#946,#465,.T.);
#1169=EDGE_CURVE('',#945,#947,#466,.T.);
#1170=EDGE_CURVE('',#944,#948,#467,.T.);
#1171=EDGE_CURVE('',#948,#949,#468,.T.);
#1172=EDGE_CURVE('',#946,#949,#469,.T.);
#1173=EDGE_CURVE('',#945,#950,#470,.T.);
#1174=EDGE_CURVE('',#950,#948,#471,.T.);
#1175=EDGE_CURVE('',#941,#951,#472,.T.);
#1176=EDGE_CURVE('',#952,#951,#100,.T.);
#1177=EDGE_CURVE('',#953,#952,#473,.T.);
#1178=EDGE_CURVE('',#954,#953,#101,.T.);
#1179=EDGE_CURVE('',#955,#954,#474,.T.);
#1180=EDGE_CURVE('',#956,#955,#102,.T.);
#1181=EDGE_CURVE('',#957,#956,#475,.T.);
#1182=EDGE_CURVE('',#958,#957,#103,.T.);
#1183=EDGE_CURVE('',#959,#958,#476,.T.);
#1184=EDGE_CURVE('',#960,#959,#104,.T.);
#1185=EDGE_CURVE('',#961,#960,#477,.T.);
#1186=EDGE_CURVE('',#962,#961,#105,.T.);
#1187=EDGE_CURVE('',#963,#962,#478,.T.);
#1188=EDGE_CURVE('',#964,#963,#106,.T.);
#1189=EDGE_CURVE('',#965,#964,#479,.T.);
#1190=EDGE_CURVE('',#966,#965,#107,.T.);
#1191=EDGE_CURVE('',#966,#940,#480,.T.);
#1192=EDGE_CURVE('',#967,#967,#108,.T.);
#1193=EDGE_CURVE('',#968,#968,#109,.T.);
#1194=EDGE_CURVE('',#951,#934,#481,.T.);
#1195=EDGE_CURVE('',#969,#943,#482,.T.);
#1196=EDGE_CURVE('',#927,#969,#483,.T.);
#1197=EDGE_CURVE('',#970,#971,#484,.T.);
#1198=EDGE_CURVE('',#972,#971,#110,.T.);
#1199=EDGE_CURVE('',#973,#972,#485,.T.);
#1200=EDGE_CURVE('',#974,#973,#111,.T.);
#1201=EDGE_CURVE('',#975,#974,#486,.T.);
#1202=EDGE_CURVE('',#976,#975,#112,.T.);
#1203=EDGE_CURVE('',#976,#977,#487,.T.);
#1204=EDGE_CURVE('',#978,#977,#113,.T.);
#1205=EDGE_CURVE('',#978,#979,#488,.T.);
#1206=EDGE_CURVE('',#979,#980,#114,.T.);
#1207=EDGE_CURVE('',#980,#981,#489,.T.);
#1208=EDGE_CURVE('',#982,#981,#115,.T.);
#1209=EDGE_CURVE('',#982,#983,#490,.T.);
#1210=EDGE_CURVE('',#984,#983,#116,.T.);
#1211=EDGE_CURVE('',#985,#984,#491,.T.);
#1212=EDGE_CURVE('',#986,#985,#117,.T.);
#1213=EDGE_CURVE('',#987,#986,#492,.T.);
#1214=EDGE_CURVE('',#988,#987,#118,.T.);
#1215=EDGE_CURVE('',#988,#989,#493,.T.);
#1216=EDGE_CURVE('',#990,#989,#119,.T.);
#1217=EDGE_CURVE('',#990,#991,#494,.T.);
#1218=EDGE_CURVE('',#991,#992,#120,.T.);
#1219=EDGE_CURVE('',#992,#993,#495,.T.);
#1220=EDGE_CURVE('',#970,#993,#121,.T.);
#1221=EDGE_CURVE('',#942,#994,#496,.T.);
#1222=EDGE_CURVE('',#994,#969,#497,.T.);
#1223=EDGE_CURVE('',#995,#995,#122,.T.);
#1224=EDGE_CURVE('',#996,#996,#123,.T.);
#1225=EDGE_CURVE('',#997,#997,#124,.T.);
#1226=EDGE_CURVE('',#998,#998,#125,.T.);
#1227=EDGE_CURVE('',#939,#999,#65,.T.);
#1228=EDGE_CURVE('',#999,#952,#498,.T.);
#1229=EDGE_CURVE('',#935,#966,#499,.T.);
#1230=EDGE_CURVE('',#994,#928,#500,.T.);
#1231=EDGE_CURVE('',#965,#1000,#501,.T.);
#1232=EDGE_CURVE('',#1000,#936,#66,.T.);
#1233=EDGE_CURVE('',#1001,#937,#502,.T.);
#1234=EDGE_CURVE('',#1002,#1001,#503,.T.);
#1235=EDGE_CURVE('',#938,#1002,#504,.T.);
#1236=EDGE_CURVE('',#933,#1003,#126,.T.);
#1237=EDGE_CURVE('',#1003,#932,#505,.T.);
#1238=EDGE_CURVE('',#1003,#929,#506,.T.);
#1239=EDGE_CURVE('',#963,#972,#507,.T.);
#1240=EDGE_CURVE('',#971,#964,#508,.T.);
#1241=EDGE_CURVE('',#973,#962,#509,.T.);
#1242=EDGE_CURVE('',#953,#982,#510,.T.);
#1243=EDGE_CURVE('',#981,#954,#511,.T.);
#1244=EDGE_CURVE('',#1004,#999,#512,.T.);
#1245=EDGE_CURVE('',#1005,#1004,#513,.T.);
#1246=EDGE_CURVE('',#1005,#1006,#514,.T.);
#1247=EDGE_CURVE('',#983,#1006,#515,.T.);
#1248=EDGE_CURVE('',#975,#960,#516,.T.);
#1249=EDGE_CURVE('',#959,#976,#517,.T.);
#1250=EDGE_CURVE('',#974,#961,#518,.T.);
#1251=EDGE_CURVE('',#957,#978,#519,.T.);
#1252=EDGE_CURVE('',#977,#958,#520,.T.);
#1253=EDGE_CURVE('',#979,#956,#521,.T.);
#1254=EDGE_CURVE('',#1006,#1007,#127,.T.);
#1255=EDGE_CURVE('',#1007,#984,#522,.T.);
#1256=EDGE_CURVE('',#1008,#1007,#523,.T.);
#1257=EDGE_CURVE('',#985,#1008,#524,.T.);
#1258=EDGE_CURVE('',#1009,#1010,#128,.T.);
#1259=EDGE_CURVE('',#1010,#970,#525,.T.);
#1260=EDGE_CURVE('',#993,#1009,#526,.T.);
#1261=EDGE_CURVE('',#1010,#1011,#527,.T.);
#1262=EDGE_CURVE('',#1012,#1011,#528,.T.);
#1263=EDGE_CURVE('',#1000,#1012,#529,.T.);
#1264=EDGE_CURVE('',#1013,#1014,#129,.T.);
#1265=EDGE_CURVE('',#1014,#990,#530,.T.);
#1266=EDGE_CURVE('',#989,#1013,#531,.T.);
#1267=EDGE_CURVE('',#1014,#1015,#532,.T.);
#1268=EDGE_CURVE('',#991,#1015,#533,.T.);
#1269=EDGE_CURVE('',#1016,#1017,#130,.T.);
#1270=EDGE_CURVE('',#1017,#988,#534,.T.);
#1271=EDGE_CURVE('',#987,#1016,#535,.T.);
#1272=EDGE_CURVE('',#1017,#1018,#536,.T.);
#1273=EDGE_CURVE('',#1019,#1018,#537,.T.);
#1274=EDGE_CURVE('',#1020,#1019,#538,.T.);
#1275=EDGE_CURVE('',#1021,#1020,#539,.T.);
#1276=EDGE_CURVE('',#1021,#1013,#540,.T.);
#1277=EDGE_CURVE('',#968,#998,#541,.T.);
#1278=EDGE_CURVE('',#967,#997,#542,.T.);
#1279=EDGE_CURVE('',#980,#955,#543,.T.);
#1280=EDGE_CURVE('',#1022,#1022,#131,.T.);
#1281=EDGE_CURVE('',#1022,#996,#544,.T.);
#1282=EDGE_CURVE('',#992,#1023,#545,.T.);
#1283=EDGE_CURVE('',#1023,#1009,#546,.T.);
#1284=EDGE_CURVE('',#1015,#1023,#132,.T.);
#1285=EDGE_CURVE('',#1011,#1021,#133,.T.);
#1286=EDGE_CURVE('',#1020,#1024,#67,.T.);
#1287=EDGE_CURVE('',#1024,#1012,#68,.T.);
#1288=EDGE_CURVE('',#986,#1025,#547,.T.);
#1289=EDGE_CURVE('',#1016,#1025,#548,.T.);
#1290=EDGE_CURVE('',#1026,#1026,#134,.T.);
#1291=EDGE_CURVE('',#1026,#995,#549,.T.);
#1292=EDGE_CURVE('',#1025,#1008,#135,.T.);
#1293=EDGE_CURVE('',#1018,#1005,#136,.T.);
#1294=EDGE_CURVE('',#1004,#1027,#69,.T.);
#1295=EDGE_CURVE('',#1027,#1019,#70,.T.);
#1296=EDGE_CURVE('',#947,#1028,#550,.T.);
#1297=EDGE_CURVE('',#1028,#950,#551,.T.);
#1298=EDGE_CURVE('',#949,#1028,#552,.T.);
#1299=EDGE_CURVE('',#1029,#1030,#553,.T.);
#1300=EDGE_CURVE('',#1029,#1031,#554,.T.);
#1301=EDGE_CURVE('',#1031,#1032,#555,.T.);
#1302=EDGE_CURVE('',#1030,#1032,#556,.T.);
#1303=EDGE_CURVE('',#1033,#1029,#557,.T.);
#1304=EDGE_CURVE('',#1033,#1034,#558,.T.);
#1305=EDGE_CURVE('',#1034,#1031,#559,.T.);
#1306=EDGE_CURVE('',#1035,#1033,#560,.T.);
#1307=EDGE_CURVE('',#1035,#1036,#561,.T.);
#1308=EDGE_CURVE('',#1036,#1034,#562,.T.);
#1309=EDGE_CURVE('',#1030,#1035,#563,.T.);
#1310=EDGE_CURVE('',#1032,#1036,#564,.T.);
#1311=EDGE_CURVE('',#1001,#1024,#565,.T.);
#1312=EDGE_CURVE('',#1002,#1027,#566,.T.);
#1313=EDGE_CURVE('',#1037,#1038,#567,.T.);
#1314=EDGE_CURVE('',#1038,#1039,#568,.T.);
#1315=EDGE_CURVE('',#1039,#1040,#569,.T.);
#1316=EDGE_CURVE('',#1040,#1041,#570,.T.);
#1317=EDGE_CURVE('',#1041,#1042,#571,.T.);
#1318=EDGE_CURVE('',#1042,#1037,#572,.T.);
#1319=EDGE_CURVE('',#1042,#1043,#573,.T.);
#1320=EDGE_CURVE('',#1044,#1043,#574,.T.);
#1321=EDGE_CURVE('',#1044,#1045,#575,.T.);
#1322=EDGE_CURVE('',#1045,#1046,#576,.T.);
#1323=EDGE_CURVE('',#1046,#1037,#577,.T.);
#1324=EDGE_CURVE('',#1047,#1041,#578,.T.);
#1325=EDGE_CURVE('',#1043,#1047,#579,.T.);
#1326=EDGE_CURVE('',#1040,#1048,#580,.T.);
#1327=EDGE_CURVE('',#1048,#1049,#581,.T.);
#1328=EDGE_CURVE('',#1049,#1050,#582,.T.);
#1329=EDGE_CURVE('',#1047,#1050,#583,.T.);
#1330=EDGE_CURVE('',#1050,#1051,#584,.T.);
#1331=EDGE_CURVE('',#1051,#1052,#585,.T.);
#1332=EDGE_CURVE('',#1052,#1044,#586,.T.);
#1333=EDGE_CURVE('',#1049,#1053,#587,.T.);
#1334=EDGE_CURVE('',#1054,#1053,#588,.T.);
#1335=EDGE_CURVE('',#1054,#1051,#589,.T.);
#1336=EDGE_CURVE('',#1055,#1048,#590,.T.);
#1337=EDGE_CURVE('',#1053,#1055,#591,.T.);
#1338=EDGE_CURVE('',#1052,#1056,#592,.T.);
#1339=EDGE_CURVE('',#1056,#1057,#71,.F.);
#1340=EDGE_CURVE('',#1057,#1045,#593,.T.);
#1341=EDGE_CURVE('',#1039,#1058,#594,.T.);
#1342=EDGE_CURVE('',#1058,#1055,#595,.T.);
#1343=EDGE_CURVE('',#1059,#1038,#596,.T.);
#1344=EDGE_CURVE('',#1060,#1059,#597,.T.);
#1345=EDGE_CURVE('',#1061,#1060,#598,.T.);
#1346=EDGE_CURVE('',#1062,#1061,#137,.T.);
#1347=EDGE_CURVE('',#1058,#1062,#138,.T.);
#1348=EDGE_CURVE('',#1063,#1063,#139,.T.);
#1349=EDGE_CURVE('',#1046,#1064,#599,.T.);
#1350=EDGE_CURVE('',#1064,#1059,#72,.F.);
#1351=EDGE_CURVE('',#1065,#1054,#140,.T.);
#1352=EDGE_CURVE('',#1066,#1065,#141,.T.);
#1353=EDGE_CURVE('',#1067,#1066,#600,.T.);
#1354=EDGE_CURVE('',#1056,#1067,#601,.T.);
#1355=EDGE_CURVE('',#1068,#1068,#142,.T.);
#1356=EDGE_CURVE('',#1069,#1057,#143,.T.);
#1357=EDGE_CURVE('',#1069,#1070,#602,.T.);
#1358=EDGE_CURVE('',#1070,#1071,#144,.T.);
#1359=EDGE_CURVE('',#1071,#1072,#603,.T.);
#1360=EDGE_CURVE('',#1073,#1072,#145,.T.);
#1361=EDGE_CURVE('',#1074,#1073,#604,.T.);
#1362=EDGE_CURVE('',#1075,#1074,#146,.T.);
#1363=EDGE_CURVE('',#1076,#1075,#605,.T.);
#1364=EDGE_CURVE('',#1077,#1076,#147,.T.);
#1365=EDGE_CURVE('',#1078,#1077,#606,.T.);
#1366=EDGE_CURVE('',#1079,#1078,#148,.T.);
#1367=EDGE_CURVE('',#1080,#1079,#607,.T.);
#1368=EDGE_CURVE('',#1081,#1080,#149,.T.);
#1369=EDGE_CURVE('',#1081,#1082,#608,.T.);
#1370=EDGE_CURVE('',#1082,#1083,#150,.T.);
#1371=EDGE_CURVE('',#1083,#1084,#609,.T.);
#1372=EDGE_CURVE('',#1085,#1084,#151,.T.);
#1373=EDGE_CURVE('',#1086,#1085,#610,.T.);
#1374=EDGE_CURVE('',#1087,#1086,#152,.T.);
#1375=EDGE_CURVE('',#1088,#1087,#611,.T.);
#1376=EDGE_CURVE('',#1089,#1088,#153,.T.);
#1377=EDGE_CURVE('',#1090,#1089,#612,.T.);
#1378=EDGE_CURVE('',#1064,#1090,#154,.T.);
#1379=EDGE_CURVE('',#1091,#1091,#155,.T.);
#1380=EDGE_CURVE('',#1092,#1092,#156,.T.);
#1381=EDGE_CURVE('',#1093,#1093,#157,.T.);
#1382=EDGE_CURVE('',#1094,#1094,#158,.T.);
#1383=EDGE_CURVE('',#1095,#1096,#613,.T.);
#1384=EDGE_CURVE('',#1096,#1097,#614,.T.);
#1385=EDGE_CURVE('',#1097,#1098,#615,.T.);
#1386=EDGE_CURVE('',#1098,#1095,#616,.T.);
#1387=EDGE_CURVE('',#1062,#1099,#617,.T.);
#1388=EDGE_CURVE('',#1099,#1055,#159,.T.);
#1389=EDGE_CURVE('',#1061,#1100,#13,.F.);
#1390=EDGE_CURVE('',#1100,#1099,#160,.T.);
#1391=EDGE_CURVE('',#1101,#1066,#14,.F.);
#1392=EDGE_CURVE('',#1065,#1102,#618,.T.);
#1393=EDGE_CURVE('',#1102,#1101,#161,.T.);
#1394=EDGE_CURVE('',#1053,#1102,#162,.T.);
#1395=EDGE_CURVE('',#1068,#1063,#619,.T.);
#1396=EDGE_CURVE('',#1100,#1101,#620,.T.);
#1397=EDGE_CURVE('',#1102,#1099,#621,.T.);
#1398=EDGE_CURVE('',#1103,#1060,#163,.T.);
#1399=EDGE_CURVE('',#1104,#1103,#622,.T.);
#1400=EDGE_CURVE('',#1105,#1104,#164,.T.);
#1401=EDGE_CURVE('',#1105,#1106,#623,.T.);
#1402=EDGE_CURVE('',#1107,#1106,#165,.T.);
#1403=EDGE_CURVE('',#1107,#1108,#624,.T.);
#1404=EDGE_CURVE('',#1109,#1108,#166,.T.);
#1405=EDGE_CURVE('',#1110,#1109,#625,.T.);
#1406=EDGE_CURVE('',#1110,#1111,#167,.T.);
#1407=EDGE_CURVE('',#1111,#1112,#626,.T.);
#1408=EDGE_CURVE('',#1113,#1112,#168,.T.);
#1409=EDGE_CURVE('',#1113,#1114,#627,.T.);
#1410=EDGE_CURVE('',#1115,#1114,#169,.T.);
#1411=EDGE_CURVE('',#1116,#1115,#628,.T.);
#1412=EDGE_CURVE('',#1117,#1116,#170,.T.);
#1413=EDGE_CURVE('',#1117,#1118,#629,.T.);
#1414=EDGE_CURVE('',#1119,#1118,#171,.T.);
#1415=EDGE_CURVE('',#1119,#1120,#630,.T.);
#1416=EDGE_CURVE('',#1121,#1120,#172,.T.);
#1417=EDGE_CURVE('',#1122,#1121,#631,.T.);
#1418=EDGE_CURVE('',#1122,#1123,#173,.T.);
#1419=EDGE_CURVE('',#1123,#1124,#632,.T.);
#1420=EDGE_CURVE('',#1067,#1124,#174,.T.);
#1421=EDGE_CURVE('',#1125,#1125,#175,.T.);
#1422=EDGE_CURVE('',#1126,#1126,#176,.T.);
#1423=EDGE_CURVE('',#1127,#1127,#177,.T.);
#1424=EDGE_CURVE('',#1128,#1128,#178,.T.);
#1425=EDGE_CURVE('',#1072,#1121,#633,.T.);
#1426=EDGE_CURVE('',#1120,#1073,#634,.T.);
#1427=EDGE_CURVE('',#1122,#1071,#635,.T.);
#1428=EDGE_CURVE('',#1106,#1087,#636,.T.);
#1429=EDGE_CURVE('',#1086,#1107,#637,.T.);
#1430=EDGE_CURVE('',#1105,#1088,#638,.T.);
#1431=EDGE_CURVE('',#1124,#1069,#639,.T.);
#1432=EDGE_CURVE('',#1123,#1070,#640,.T.);
#1433=EDGE_CURVE('',#1090,#1103,#641,.T.);
#1434=EDGE_CURVE('',#1104,#1089,#642,.T.);
#1435=EDGE_CURVE('',#1084,#1109,#643,.T.);
#1436=EDGE_CURVE('',#1108,#1085,#644,.T.);
#1437=EDGE_CURVE('',#1110,#1083,#645,.T.);
#1438=EDGE_CURVE('',#1118,#1075,#646,.T.);
#1439=EDGE_CURVE('',#1074,#1119,#647,.T.);
#1440=EDGE_CURVE('',#1117,#1076,#648,.T.);
#1441=EDGE_CURVE('',#1078,#1115,#649,.T.);
#1442=EDGE_CURVE('',#1114,#1079,#650,.T.);
#1443=EDGE_CURVE('',#1116,#1077,#651,.T.);
#1444=EDGE_CURVE('',#1112,#1081,#652,.T.);
#1445=EDGE_CURVE('',#1080,#1113,#653,.T.);
#1446=EDGE_CURVE('',#1111,#1082,#654,.T.);
#1447=EDGE_CURVE('',#1091,#1128,#655,.T.);
#1448=EDGE_CURVE('',#1092,#1127,#656,.T.);
#1449=EDGE_CURVE('',#1093,#1126,#657,.T.);
#1450=EDGE_CURVE('',#1094,#1125,#658,.T.);
#1451=EDGE_CURVE('',#1129,#1130,#659,.T.);
#1452=EDGE_CURVE('',#1130,#1131,#660,.T.);
#1453=EDGE_CURVE('',#1131,#1132,#661,.T.);
#1454=EDGE_CURVE('',#1129,#1132,#662,.T.);
#1455=EDGE_CURVE('',#1133,#1131,#663,.T.);
#1456=EDGE_CURVE('',#1132,#1133,#664,.T.);
#1457=EDGE_CURVE('',#1133,#1134,#665,.T.);
#1458=EDGE_CURVE('',#1134,#1130,#666,.T.);
#1459=EDGE_CURVE('',#1134,#1129,#667,.T.);
#1460=EDGE_CURVE('',#1135,#1136,#668,.T.);
#1461=EDGE_CURVE('',#1137,#1136,#669,.T.);
#1462=EDGE_CURVE('',#1137,#1138,#670,.T.);
#1463=EDGE_CURVE('',#1135,#1138,#671,.T.);
#1464=EDGE_CURVE('',#1139,#1135,#672,.T.);
#1465=EDGE_CURVE('',#1136,#1139,#673,.T.);
#1466=EDGE_CURVE('',#1140,#1137,#674,.T.);
#1467=EDGE_CURVE('',#1140,#1138,#675,.T.);
#1468=EDGE_CURVE('',#1139,#1140,#676,.T.);
#1469=EDGE_CURVE('',#1095,#1141,#677,.T.);
#1470=EDGE_CURVE('',#1142,#1141,#678,.T.);
#1471=EDGE_CURVE('',#1096,#1142,#679,.T.);
#1472=EDGE_CURVE('',#1143,#1142,#680,.T.);
#1473=EDGE_CURVE('',#1097,#1143,#681,.T.);
#1474=EDGE_CURVE('',#1144,#1143,#682,.T.);
#1475=EDGE_CURVE('',#1098,#1144,#683,.T.);
#1476=EDGE_CURVE('',#1141,#1144,#684,.T.);
#1477=ORIENTED_EDGE('',*,*,#1145,.F.);
#1478=ORIENTED_EDGE('',*,*,#1146,.F.);
#1479=ORIENTED_EDGE('',*,*,#1147,.F.);
#1480=ORIENTED_EDGE('',*,*,#1148,.F.);
#1481=ORIENTED_EDGE('',*,*,#1149,.F.);
#1482=ORIENTED_EDGE('',*,*,#1150,.F.);
#1483=ORIENTED_EDGE('',*,*,#1151,.F.);
#1484=ORIENTED_EDGE('',*,*,#1151,.T.);
#1485=ORIENTED_EDGE('',*,*,#1152,.F.);
#1486=ORIENTED_EDGE('',*,*,#1153,.T.);
#1487=ORIENTED_EDGE('',*,*,#1154,.T.);
#1488=ORIENTED_EDGE('',*,*,#1155,.T.);
#1489=ORIENTED_EDGE('',*,*,#1145,.T.);
#1490=ORIENTED_EDGE('',*,*,#1156,.T.);
#1491=ORIENTED_EDGE('',*,*,#1157,.F.);
#1492=ORIENTED_EDGE('',*,*,#1158,.F.);
#1493=ORIENTED_EDGE('',*,*,#1159,.T.);
#1494=ORIENTED_EDGE('',*,*,#1160,.T.);
#1495=ORIENTED_EDGE('',*,*,#1161,.F.);
#1496=ORIENTED_EDGE('',*,*,#1162,.F.);
#1497=ORIENTED_EDGE('',*,*,#1163,.F.);
#1498=ORIENTED_EDGE('',*,*,#1164,.F.);
#1499=ORIENTED_EDGE('',*,*,#1165,.F.);
#1500=ORIENTED_EDGE('',*,*,#1166,.F.);
#1501=ORIENTED_EDGE('',*,*,#1167,.F.);
#1502=ORIENTED_EDGE('',*,*,#1168,.F.);
#1503=ORIENTED_EDGE('',*,*,#1169,.F.);
#1504=ORIENTED_EDGE('',*,*,#1167,.T.);
#1505=ORIENTED_EDGE('',*,*,#1170,.T.);
#1506=ORIENTED_EDGE('',*,*,#1171,.T.);
#1507=ORIENTED_EDGE('',*,*,#1172,.F.);
#1508=ORIENTED_EDGE('',*,*,#1166,.T.);
#1509=ORIENTED_EDGE('',*,*,#1173,.T.);
#1510=ORIENTED_EDGE('',*,*,#1174,.T.);
#1511=ORIENTED_EDGE('',*,*,#1170,.F.);
#1512=ORIENTED_EDGE('',*,*,#1162,.T.);
#1513=ORIENTED_EDGE('',*,*,#1175,.T.);
#1514=ORIENTED_EDGE('',*,*,#1176,.F.);
#1515=ORIENTED_EDGE('',*,*,#1177,.F.);
#1516=ORIENTED_EDGE('',*,*,#1178,.F.);
#1517=ORIENTED_EDGE('',*,*,#1179,.F.);
#1518=ORIENTED_EDGE('',*,*,#1180,.F.);
#1519=ORIENTED_EDGE('',*,*,#1181,.F.);
#1520=ORIENTED_EDGE('',*,*,#1182,.F.);
#1521=ORIENTED_EDGE('',*,*,#1183,.F.);
#1522=ORIENTED_EDGE('',*,*,#1184,.F.);
#1523=ORIENTED_EDGE('',*,*,#1185,.F.);
#1524=ORIENTED_EDGE('',*,*,#1186,.F.);
#1525=ORIENTED_EDGE('',*,*,#1187,.F.);
#1526=ORIENTED_EDGE('',*,*,#1188,.F.);
#1527=ORIENTED_EDGE('',*,*,#1189,.F.);
#1528=ORIENTED_EDGE('',*,*,#1190,.F.);
#1529=ORIENTED_EDGE('',*,*,#1191,.T.);
#1530=ORIENTED_EDGE('',*,*,#1192,.F.);
#1531=ORIENTED_EDGE('',*,*,#1193,.F.);
#1532=ORIENTED_EDGE('',*,*,#1194,.F.);
#1533=ORIENTED_EDGE('',*,*,#1175,.F.);
#1534=ORIENTED_EDGE('',*,*,#1165,.T.);
#1535=ORIENTED_EDGE('',*,*,#1195,.F.);
#1536=ORIENTED_EDGE('',*,*,#1196,.F.);
#1537=ORIENTED_EDGE('',*,*,#1146,.T.);
#1538=ORIENTED_EDGE('',*,*,#1155,.F.);
#1539=ORIENTED_EDGE('',*,*,#1197,.T.);
#1540=ORIENTED_EDGE('',*,*,#1198,.F.);
#1541=ORIENTED_EDGE('',*,*,#1199,.F.);
#1542=ORIENTED_EDGE('',*,*,#1200,.F.);
#1543=ORIENTED_EDGE('',*,*,#1201,.F.);
#1544=ORIENTED_EDGE('',*,*,#1202,.F.);
#1545=ORIENTED_EDGE('',*,*,#1203,.T.);
#1546=ORIENTED_EDGE('',*,*,#1204,.F.);
#1547=ORIENTED_EDGE('',*,*,#1205,.T.);
#1548=ORIENTED_EDGE('',*,*,#1206,.T.);
#1549=ORIENTED_EDGE('',*,*,#1207,.T.);
#1550=ORIENTED_EDGE('',*,*,#1208,.F.);
#1551=ORIENTED_EDGE('',*,*,#1209,.T.);
#1552=ORIENTED_EDGE('',*,*,#1210,.F.);
#1553=ORIENTED_EDGE('',*,*,#1211,.F.);
#1554=ORIENTED_EDGE('',*,*,#1212,.F.);
#1555=ORIENTED_EDGE('',*,*,#1213,.F.);
#1556=ORIENTED_EDGE('',*,*,#1214,.F.);
#1557=ORIENTED_EDGE('',*,*,#1215,.T.);
#1558=ORIENTED_EDGE('',*,*,#1216,.F.);
#1559=ORIENTED_EDGE('',*,*,#1217,.T.);
#1560=ORIENTED_EDGE('',*,*,#1218,.T.);
#1561=ORIENTED_EDGE('',*,*,#1219,.T.);
#1562=ORIENTED_EDGE('',*,*,#1220,.F.);
#1563=ORIENTED_EDGE('',*,*,#1221,.T.);
#1564=ORIENTED_EDGE('',*,*,#1222,.T.);
#1565=ORIENTED_EDGE('',*,*,#1195,.T.);
#1566=ORIENTED_EDGE('',*,*,#1164,.T.);
#1567=ORIENTED_EDGE('',*,*,#1223,.F.);
#1568=ORIENTED_EDGE('',*,*,#1224,.T.);
#1569=ORIENTED_EDGE('',*,*,#1225,.T.);
#1570=ORIENTED_EDGE('',*,*,#1226,.F.);
#1571=ORIENTED_EDGE('',*,*,#1194,.T.);
#1572=ORIENTED_EDGE('',*,*,#1161,.T.);
#1573=ORIENTED_EDGE('',*,*,#1227,.T.);
#1574=ORIENTED_EDGE('',*,*,#1228,.T.);
#1575=ORIENTED_EDGE('',*,*,#1176,.T.);
#1576=ORIENTED_EDGE('',*,*,#1229,.F.);
#1577=ORIENTED_EDGE('',*,*,#1156,.F.);
#1578=ORIENTED_EDGE('',*,*,#1148,.T.);
#1579=ORIENTED_EDGE('',*,*,#1230,.F.);
#1580=ORIENTED_EDGE('',*,*,#1221,.F.);
#1581=ORIENTED_EDGE('',*,*,#1163,.T.);
#1582=ORIENTED_EDGE('',*,*,#1191,.F.);
#1583=ORIENTED_EDGE('',*,*,#1229,.T.);
#1584=ORIENTED_EDGE('',*,*,#1190,.T.);
#1585=ORIENTED_EDGE('',*,*,#1231,.T.);
#1586=ORIENTED_EDGE('',*,*,#1232,.T.);
#1587=ORIENTED_EDGE('',*,*,#1157,.T.);
#1588=ORIENTED_EDGE('',*,*,#1233,.F.);
#1589=ORIENTED_EDGE('',*,*,#1234,.F.);
#1590=ORIENTED_EDGE('',*,*,#1235,.F.);
#1591=ORIENTED_EDGE('',*,*,#1159,.F.);
#1592=ORIENTED_EDGE('',*,*,#1236,.F.);
#1593=ORIENTED_EDGE('',*,*,#1153,.F.);
#1594=ORIENTED_EDGE('',*,*,#1237,.F.);
#1595=ORIENTED_EDGE('',*,*,#1150,.T.);
#1596=ORIENTED_EDGE('',*,*,#1238,.F.);
#1597=ORIENTED_EDGE('',*,*,#1237,.T.);
#1598=ORIENTED_EDGE('',*,*,#1152,.T.);
#1599=ORIENTED_EDGE('',*,*,#1188,.T.);
#1600=ORIENTED_EDGE('',*,*,#1239,.T.);
#1601=ORIENTED_EDGE('',*,*,#1198,.T.);
#1602=ORIENTED_EDGE('',*,*,#1240,.T.);
#1603=ORIENTED_EDGE('',*,*,#1239,.F.);
#1604=ORIENTED_EDGE('',*,*,#1187,.T.);
#1605=ORIENTED_EDGE('',*,*,#1241,.F.);
#1606=ORIENTED_EDGE('',*,*,#1199,.T.);
#1607=ORIENTED_EDGE('',*,*,#1178,.T.);
#1608=ORIENTED_EDGE('',*,*,#1242,.T.);
#1609=ORIENTED_EDGE('',*,*,#1208,.T.);
#1610=ORIENTED_EDGE('',*,*,#1243,.T.);
#1611=ORIENTED_EDGE('',*,*,#1242,.F.);
#1612=ORIENTED_EDGE('',*,*,#1177,.T.);
#1613=ORIENTED_EDGE('',*,*,#1228,.F.);
#1614=ORIENTED_EDGE('',*,*,#1244,.F.);
#1615=ORIENTED_EDGE('',*,*,#1245,.F.);
#1616=ORIENTED_EDGE('',*,*,#1246,.T.);
#1617=ORIENTED_EDGE('',*,*,#1247,.F.);
#1618=ORIENTED_EDGE('',*,*,#1209,.F.);
#1619=ORIENTED_EDGE('',*,*,#1202,.T.);
#1620=ORIENTED_EDGE('',*,*,#1248,.T.);
#1621=ORIENTED_EDGE('',*,*,#1184,.T.);
#1622=ORIENTED_EDGE('',*,*,#1249,.T.);
#1623=ORIENTED_EDGE('',*,*,#1248,.F.);
#1624=ORIENTED_EDGE('',*,*,#1201,.T.);
#1625=ORIENTED_EDGE('',*,*,#1250,.T.);
#1626=ORIENTED_EDGE('',*,*,#1185,.T.);
#1627=ORIENTED_EDGE('',*,*,#1182,.T.);
#1628=ORIENTED_EDGE('',*,*,#1251,.T.);
#1629=ORIENTED_EDGE('',*,*,#1204,.T.);
#1630=ORIENTED_EDGE('',*,*,#1252,.T.);
#1631=ORIENTED_EDGE('',*,*,#1251,.F.);
#1632=ORIENTED_EDGE('',*,*,#1181,.T.);
#1633=ORIENTED_EDGE('',*,*,#1253,.F.);
#1634=ORIENTED_EDGE('',*,*,#1205,.F.);
#1635=ORIENTED_EDGE('',*,*,#1186,.T.);
#1636=ORIENTED_EDGE('',*,*,#1250,.F.);
#1637=ORIENTED_EDGE('',*,*,#1200,.T.);
#1638=ORIENTED_EDGE('',*,*,#1241,.T.);
#1639=ORIENTED_EDGE('',*,*,#1254,.T.);
#1640=ORIENTED_EDGE('',*,*,#1255,.T.);
#1641=ORIENTED_EDGE('',*,*,#1210,.T.);
#1642=ORIENTED_EDGE('',*,*,#1247,.T.);
#1643=ORIENTED_EDGE('',*,*,#1255,.F.);
#1644=ORIENTED_EDGE('',*,*,#1256,.F.);
#1645=ORIENTED_EDGE('',*,*,#1257,.F.);
#1646=ORIENTED_EDGE('',*,*,#1211,.T.);
#1647=ORIENTED_EDGE('',*,*,#1258,.T.);
#1648=ORIENTED_EDGE('',*,*,#1259,.T.);
#1649=ORIENTED_EDGE('',*,*,#1220,.T.);
#1650=ORIENTED_EDGE('',*,*,#1260,.T.);
#1651=ORIENTED_EDGE('',*,*,#1240,.F.);
#1652=ORIENTED_EDGE('',*,*,#1197,.F.);
#1653=ORIENTED_EDGE('',*,*,#1259,.F.);
#1654=ORIENTED_EDGE('',*,*,#1261,.T.);
#1655=ORIENTED_EDGE('',*,*,#1262,.F.);
#1656=ORIENTED_EDGE('',*,*,#1263,.F.);
#1657=ORIENTED_EDGE('',*,*,#1231,.F.);
#1658=ORIENTED_EDGE('',*,*,#1189,.T.);
#1659=ORIENTED_EDGE('',*,*,#1264,.T.);
#1660=ORIENTED_EDGE('',*,*,#1265,.T.);
#1661=ORIENTED_EDGE('',*,*,#1216,.T.);
#1662=ORIENTED_EDGE('',*,*,#1266,.T.);
#1663=ORIENTED_EDGE('',*,*,#1265,.F.);
#1664=ORIENTED_EDGE('',*,*,#1267,.T.);
#1665=ORIENTED_EDGE('',*,*,#1268,.F.);
#1666=ORIENTED_EDGE('',*,*,#1217,.F.);
#1667=ORIENTED_EDGE('',*,*,#1269,.T.);
#1668=ORIENTED_EDGE('',*,*,#1270,.T.);
#1669=ORIENTED_EDGE('',*,*,#1214,.T.);
#1670=ORIENTED_EDGE('',*,*,#1271,.T.);
#1671=ORIENTED_EDGE('',*,*,#1266,.F.);
#1672=ORIENTED_EDGE('',*,*,#1215,.F.);
#1673=ORIENTED_EDGE('',*,*,#1270,.F.);
#1674=ORIENTED_EDGE('',*,*,#1272,.T.);
#1675=ORIENTED_EDGE('',*,*,#1273,.F.);
#1676=ORIENTED_EDGE('',*,*,#1274,.F.);
#1677=ORIENTED_EDGE('',*,*,#1275,.F.);
#1678=ORIENTED_EDGE('',*,*,#1276,.T.);
#1679=ORIENTED_EDGE('',*,*,#1193,.T.);
#1680=ORIENTED_EDGE('',*,*,#1277,.T.);
#1681=ORIENTED_EDGE('',*,*,#1226,.T.);
#1682=ORIENTED_EDGE('',*,*,#1277,.F.);
#1683=ORIENTED_EDGE('',*,*,#1192,.T.);
#1684=ORIENTED_EDGE('',*,*,#1278,.T.);
#1685=ORIENTED_EDGE('',*,*,#1225,.F.);
#1686=ORIENTED_EDGE('',*,*,#1278,.F.);
#1687=ORIENTED_EDGE('',*,*,#1243,.F.);
#1688=ORIENTED_EDGE('',*,*,#1207,.F.);
#1689=ORIENTED_EDGE('',*,*,#1279,.T.);
#1690=ORIENTED_EDGE('',*,*,#1179,.T.);
#1691=ORIENTED_EDGE('',*,*,#1180,.T.);
#1692=ORIENTED_EDGE('',*,*,#1279,.F.);
#1693=ORIENTED_EDGE('',*,*,#1206,.F.);
#1694=ORIENTED_EDGE('',*,*,#1253,.T.);
#1695=ORIENTED_EDGE('',*,*,#1249,.F.);
#1696=ORIENTED_EDGE('',*,*,#1183,.T.);
#1697=ORIENTED_EDGE('',*,*,#1252,.F.);
#1698=ORIENTED_EDGE('',*,*,#1203,.F.);
#1699=ORIENTED_EDGE('',*,*,#1280,.T.);
#1700=ORIENTED_EDGE('',*,*,#1281,.T.);
#1701=ORIENTED_EDGE('',*,*,#1224,.F.);
#1702=ORIENTED_EDGE('',*,*,#1281,.F.);
#1703=ORIENTED_EDGE('',*,*,#1260,.F.);
#1704=ORIENTED_EDGE('',*,*,#1219,.F.);
#1705=ORIENTED_EDGE('',*,*,#1282,.T.);
#1706=ORIENTED_EDGE('',*,*,#1283,.T.);
#1707=ORIENTED_EDGE('',*,*,#1218,.F.);
#1708=ORIENTED_EDGE('',*,*,#1268,.T.);
#1709=ORIENTED_EDGE('',*,*,#1284,.T.);
#1710=ORIENTED_EDGE('',*,*,#1282,.F.);
#1711=ORIENTED_EDGE('',*,*,#1276,.F.);
#1712=ORIENTED_EDGE('',*,*,#1285,.F.);
#1713=ORIENTED_EDGE('',*,*,#1261,.F.);
#1714=ORIENTED_EDGE('',*,*,#1258,.F.);
#1715=ORIENTED_EDGE('',*,*,#1283,.F.);
#1716=ORIENTED_EDGE('',*,*,#1284,.F.);
#1717=ORIENTED_EDGE('',*,*,#1267,.F.);
#1718=ORIENTED_EDGE('',*,*,#1264,.F.);
#1719=ORIENTED_EDGE('',*,*,#1280,.F.);
#1720=ORIENTED_EDGE('',*,*,#1285,.T.);
#1721=ORIENTED_EDGE('',*,*,#1275,.T.);
#1722=ORIENTED_EDGE('',*,*,#1286,.T.);
#1723=ORIENTED_EDGE('',*,*,#1287,.T.);
#1724=ORIENTED_EDGE('',*,*,#1262,.T.);
#1725=ORIENTED_EDGE('',*,*,#1271,.F.);
#1726=ORIENTED_EDGE('',*,*,#1213,.T.);
#1727=ORIENTED_EDGE('',*,*,#1288,.T.);
#1728=ORIENTED_EDGE('',*,*,#1289,.F.);
#1729=ORIENTED_EDGE('',*,*,#1290,.F.);
#1730=ORIENTED_EDGE('',*,*,#1291,.T.);
#1731=ORIENTED_EDGE('',*,*,#1223,.T.);
#1732=ORIENTED_EDGE('',*,*,#1291,.F.);
#1733=ORIENTED_EDGE('',*,*,#1212,.T.);
#1734=ORIENTED_EDGE('',*,*,#1257,.T.);
#1735=ORIENTED_EDGE('',*,*,#1292,.F.);
#1736=ORIENTED_EDGE('',*,*,#1288,.F.);
#1737=ORIENTED_EDGE('',*,*,#1289,.T.);
#1738=ORIENTED_EDGE('',*,*,#1292,.T.);
#1739=ORIENTED_EDGE('',*,*,#1256,.T.);
#1740=ORIENTED_EDGE('',*,*,#1254,.F.);
#1741=ORIENTED_EDGE('',*,*,#1246,.F.);
#1742=ORIENTED_EDGE('',*,*,#1293,.F.);
#1743=ORIENTED_EDGE('',*,*,#1272,.F.);
#1744=ORIENTED_EDGE('',*,*,#1269,.F.);
#1745=ORIENTED_EDGE('',*,*,#1290,.T.);
#1746=ORIENTED_EDGE('',*,*,#1293,.T.);
#1747=ORIENTED_EDGE('',*,*,#1245,.T.);
#1748=ORIENTED_EDGE('',*,*,#1294,.T.);
#1749=ORIENTED_EDGE('',*,*,#1295,.T.);
#1750=ORIENTED_EDGE('',*,*,#1273,.T.);
#1751=ORIENTED_EDGE('',*,*,#1169,.T.);
#1752=ORIENTED_EDGE('',*,*,#1296,.T.);
#1753=ORIENTED_EDGE('',*,*,#1297,.T.);
#1754=ORIENTED_EDGE('',*,*,#1173,.F.);
#1755=ORIENTED_EDGE('',*,*,#1168,.T.);
#1756=ORIENTED_EDGE('',*,*,#1172,.T.);
#1757=ORIENTED_EDGE('',*,*,#1298,.T.);
#1758=ORIENTED_EDGE('',*,*,#1296,.F.);
#1759=ORIENTED_EDGE('',*,*,#1171,.F.);
#1760=ORIENTED_EDGE('',*,*,#1174,.F.);
#1761=ORIENTED_EDGE('',*,*,#1297,.F.);
#1762=ORIENTED_EDGE('',*,*,#1298,.F.);
#1763=ORIENTED_EDGE('',*,*,#1299,.F.);
#1764=ORIENTED_EDGE('',*,*,#1300,.T.);
#1765=ORIENTED_EDGE('',*,*,#1301,.T.);
#1766=ORIENTED_EDGE('',*,*,#1302,.F.);
#1767=ORIENTED_EDGE('',*,*,#1303,.F.);
#1768=ORIENTED_EDGE('',*,*,#1304,.T.);
#1769=ORIENTED_EDGE('',*,*,#1305,.T.);
#1770=ORIENTED_EDGE('',*,*,#1300,.F.);
#1771=ORIENTED_EDGE('',*,*,#1306,.F.);
#1772=ORIENTED_EDGE('',*,*,#1307,.T.);
#1773=ORIENTED_EDGE('',*,*,#1308,.T.);
#1774=ORIENTED_EDGE('',*,*,#1304,.F.);
#1775=ORIENTED_EDGE('',*,*,#1309,.F.);
#1776=ORIENTED_EDGE('',*,*,#1302,.T.);
#1777=ORIENTED_EDGE('',*,*,#1310,.T.);
#1778=ORIENTED_EDGE('',*,*,#1307,.F.);
#1779=ORIENTED_EDGE('',*,*,#1310,.F.);
#1780=ORIENTED_EDGE('',*,*,#1301,.F.);
#1781=ORIENTED_EDGE('',*,*,#1305,.F.);
#1782=ORIENTED_EDGE('',*,*,#1308,.F.);
#1783=ORIENTED_EDGE('',*,*,#1287,.F.);
#1784=ORIENTED_EDGE('',*,*,#1311,.F.);
#1785=ORIENTED_EDGE('',*,*,#1233,.T.);
#1786=ORIENTED_EDGE('',*,*,#1158,.T.);
#1787=ORIENTED_EDGE('',*,*,#1232,.F.);
#1788=ORIENTED_EDGE('',*,*,#1263,.T.);
#1789=ORIENTED_EDGE('',*,*,#1227,.F.);
#1790=ORIENTED_EDGE('',*,*,#1160,.F.);
#1791=ORIENTED_EDGE('',*,*,#1235,.T.);
#1792=ORIENTED_EDGE('',*,*,#1312,.T.);
#1793=ORIENTED_EDGE('',*,*,#1294,.F.);
#1794=ORIENTED_EDGE('',*,*,#1244,.T.);
#1795=ORIENTED_EDGE('',*,*,#1286,.F.);
#1796=ORIENTED_EDGE('',*,*,#1274,.T.);
#1797=ORIENTED_EDGE('',*,*,#1295,.F.);
#1798=ORIENTED_EDGE('',*,*,#1312,.F.);
#1799=ORIENTED_EDGE('',*,*,#1234,.T.);
#1800=ORIENTED_EDGE('',*,*,#1311,.T.);
#1801=ORIENTED_EDGE('',*,*,#1222,.F.);
#1802=ORIENTED_EDGE('',*,*,#1230,.T.);
#1803=ORIENTED_EDGE('',*,*,#1147,.T.);
#1804=ORIENTED_EDGE('',*,*,#1196,.T.);
#1805=ORIENTED_EDGE('',*,*,#1299,.T.);
#1806=ORIENTED_EDGE('',*,*,#1309,.T.);
#1807=ORIENTED_EDGE('',*,*,#1306,.T.);
#1808=ORIENTED_EDGE('',*,*,#1303,.T.);
#1809=ORIENTED_EDGE('',*,*,#1149,.T.);
#1810=ORIENTED_EDGE('',*,*,#1154,.F.);
#1811=ORIENTED_EDGE('',*,*,#1236,.T.);
#1812=ORIENTED_EDGE('',*,*,#1238,.T.);
#1813=ORIENTED_EDGE('',*,*,#1313,.T.);
#1814=ORIENTED_EDGE('',*,*,#1314,.T.);
#1815=ORIENTED_EDGE('',*,*,#1315,.T.);
#1816=ORIENTED_EDGE('',*,*,#1316,.T.);
#1817=ORIENTED_EDGE('',*,*,#1317,.T.);
#1818=ORIENTED_EDGE('',*,*,#1318,.T.);
#1819=ORIENTED_EDGE('',*,*,#1318,.F.);
#1820=ORIENTED_EDGE('',*,*,#1319,.T.);
#1821=ORIENTED_EDGE('',*,*,#1320,.F.);
#1822=ORIENTED_EDGE('',*,*,#1321,.T.);
#1823=ORIENTED_EDGE('',*,*,#1322,.T.);
#1824=ORIENTED_EDGE('',*,*,#1323,.T.);
#1825=ORIENTED_EDGE('',*,*,#1317,.F.);
#1826=ORIENTED_EDGE('',*,*,#1324,.F.);
#1827=ORIENTED_EDGE('',*,*,#1325,.F.);
#1828=ORIENTED_EDGE('',*,*,#1319,.F.);
#1829=ORIENTED_EDGE('',*,*,#1316,.F.);
#1830=ORIENTED_EDGE('',*,*,#1326,.T.);
#1831=ORIENTED_EDGE('',*,*,#1327,.T.);
#1832=ORIENTED_EDGE('',*,*,#1328,.T.);
#1833=ORIENTED_EDGE('',*,*,#1329,.F.);
#1834=ORIENTED_EDGE('',*,*,#1324,.T.);
#1835=ORIENTED_EDGE('',*,*,#1330,.T.);
#1836=ORIENTED_EDGE('',*,*,#1331,.T.);
#1837=ORIENTED_EDGE('',*,*,#1332,.T.);
#1838=ORIENTED_EDGE('',*,*,#1320,.T.);
#1839=ORIENTED_EDGE('',*,*,#1325,.T.);
#1840=ORIENTED_EDGE('',*,*,#1329,.T.);
#1841=ORIENTED_EDGE('',*,*,#1330,.F.);
#1842=ORIENTED_EDGE('',*,*,#1328,.F.);
#1843=ORIENTED_EDGE('',*,*,#1333,.T.);
#1844=ORIENTED_EDGE('',*,*,#1334,.F.);
#1845=ORIENTED_EDGE('',*,*,#1335,.T.);
#1846=ORIENTED_EDGE('',*,*,#1327,.F.);
#1847=ORIENTED_EDGE('',*,*,#1336,.F.);
#1848=ORIENTED_EDGE('',*,*,#1337,.F.);
#1849=ORIENTED_EDGE('',*,*,#1333,.F.);
#1850=ORIENTED_EDGE('',*,*,#1332,.F.);
#1851=ORIENTED_EDGE('',*,*,#1338,.T.);
#1852=ORIENTED_EDGE('',*,*,#1339,.T.);
#1853=ORIENTED_EDGE('',*,*,#1340,.T.);
#1854=ORIENTED_EDGE('',*,*,#1321,.F.);
#1855=ORIENTED_EDGE('',*,*,#1315,.F.);
#1856=ORIENTED_EDGE('',*,*,#1341,.T.);
#1857=ORIENTED_EDGE('',*,*,#1342,.T.);
#1858=ORIENTED_EDGE('',*,*,#1336,.T.);
#1859=ORIENTED_EDGE('',*,*,#1326,.F.);
#1860=ORIENTED_EDGE('',*,*,#1314,.F.);
#1861=ORIENTED_EDGE('',*,*,#1343,.F.);
#1862=ORIENTED_EDGE('',*,*,#1344,.F.);
#1863=ORIENTED_EDGE('',*,*,#1345,.F.);
#1864=ORIENTED_EDGE('',*,*,#1346,.F.);
#1865=ORIENTED_EDGE('',*,*,#1347,.F.);
#1866=ORIENTED_EDGE('',*,*,#1341,.F.);
#1867=ORIENTED_EDGE('',*,*,#1348,.T.);
#1868=ORIENTED_EDGE('',*,*,#1313,.F.);
#1869=ORIENTED_EDGE('',*,*,#1323,.F.);
#1870=ORIENTED_EDGE('',*,*,#1349,.T.);
#1871=ORIENTED_EDGE('',*,*,#1350,.T.);
#1872=ORIENTED_EDGE('',*,*,#1343,.T.);
#1873=ORIENTED_EDGE('',*,*,#1331,.F.);
#1874=ORIENTED_EDGE('',*,*,#1335,.F.);
#1875=ORIENTED_EDGE('',*,*,#1351,.F.);
#1876=ORIENTED_EDGE('',*,*,#1352,.F.);
#1877=ORIENTED_EDGE('',*,*,#1353,.F.);
#1878=ORIENTED_EDGE('',*,*,#1354,.F.);
#1879=ORIENTED_EDGE('',*,*,#1338,.F.);
#1880=ORIENTED_EDGE('',*,*,#1355,.T.);
#1881=ORIENTED_EDGE('',*,*,#1322,.F.);
#1882=ORIENTED_EDGE('',*,*,#1340,.F.);
#1883=ORIENTED_EDGE('',*,*,#1356,.F.);
#1884=ORIENTED_EDGE('',*,*,#1357,.T.);
#1885=ORIENTED_EDGE('',*,*,#1358,.T.);
#1886=ORIENTED_EDGE('',*,*,#1359,.T.);
#1887=ORIENTED_EDGE('',*,*,#1360,.F.);
#1888=ORIENTED_EDGE('',*,*,#1361,.F.);
#1889=ORIENTED_EDGE('',*,*,#1362,.F.);
#1890=ORIENTED_EDGE('',*,*,#1363,.F.);
#1891=ORIENTED_EDGE('',*,*,#1364,.F.);
#1892=ORIENTED_EDGE('',*,*,#1365,.F.);
#1893=ORIENTED_EDGE('',*,*,#1366,.F.);
#1894=ORIENTED_EDGE('',*,*,#1367,.F.);
#1895=ORIENTED_EDGE('',*,*,#1368,.F.);
#1896=ORIENTED_EDGE('',*,*,#1369,.T.);
#1897=ORIENTED_EDGE('',*,*,#1370,.T.);
#1898=ORIENTED_EDGE('',*,*,#1371,.T.);
#1899=ORIENTED_EDGE('',*,*,#1372,.F.);
#1900=ORIENTED_EDGE('',*,*,#1373,.F.);
#1901=ORIENTED_EDGE('',*,*,#1374,.F.);
#1902=ORIENTED_EDGE('',*,*,#1375,.F.);
#1903=ORIENTED_EDGE('',*,*,#1376,.F.);
#1904=ORIENTED_EDGE('',*,*,#1377,.F.);
#1905=ORIENTED_EDGE('',*,*,#1378,.F.);
#1906=ORIENTED_EDGE('',*,*,#1349,.F.);
#1907=ORIENTED_EDGE('',*,*,#1379,.T.);
#1908=ORIENTED_EDGE('',*,*,#1380,.F.);
#1909=ORIENTED_EDGE('',*,*,#1381,.F.);
#1910=ORIENTED_EDGE('',*,*,#1382,.T.);
#1911=ORIENTED_EDGE('',*,*,#1383,.T.);
#1912=ORIENTED_EDGE('',*,*,#1384,.T.);
#1913=ORIENTED_EDGE('',*,*,#1385,.T.);
#1914=ORIENTED_EDGE('',*,*,#1386,.T.);
#1915=ORIENTED_EDGE('',*,*,#1387,.T.);
#1916=ORIENTED_EDGE('',*,*,#1388,.T.);
#1917=ORIENTED_EDGE('',*,*,#1342,.F.);
#1918=ORIENTED_EDGE('',*,*,#1347,.T.);
#1919=ORIENTED_EDGE('',*,*,#1389,.T.);
#1920=ORIENTED_EDGE('',*,*,#1390,.T.);
#1921=ORIENTED_EDGE('',*,*,#1387,.F.);
#1922=ORIENTED_EDGE('',*,*,#1346,.T.);
#1923=ORIENTED_EDGE('',*,*,#1391,.T.);
#1924=ORIENTED_EDGE('',*,*,#1352,.T.);
#1925=ORIENTED_EDGE('',*,*,#1392,.T.);
#1926=ORIENTED_EDGE('',*,*,#1393,.T.);
#1927=ORIENTED_EDGE('',*,*,#1334,.T.);
#1928=ORIENTED_EDGE('',*,*,#1394,.T.);
#1929=ORIENTED_EDGE('',*,*,#1392,.F.);
#1930=ORIENTED_EDGE('',*,*,#1351,.T.);
#1931=ORIENTED_EDGE('',*,*,#1355,.F.);
#1932=ORIENTED_EDGE('',*,*,#1395,.T.);
#1933=ORIENTED_EDGE('',*,*,#1348,.F.);
#1934=ORIENTED_EDGE('',*,*,#1395,.F.);
#1935=ORIENTED_EDGE('',*,*,#1390,.F.);
#1936=ORIENTED_EDGE('',*,*,#1396,.T.);
#1937=ORIENTED_EDGE('',*,*,#1393,.F.);
#1938=ORIENTED_EDGE('',*,*,#1397,.T.);
#1939=ORIENTED_EDGE('',*,*,#1353,.T.);
#1940=ORIENTED_EDGE('',*,*,#1391,.F.);
#1941=ORIENTED_EDGE('',*,*,#1396,.F.);
#1942=ORIENTED_EDGE('',*,*,#1389,.F.);
#1943=ORIENTED_EDGE('',*,*,#1345,.T.);
#1944=ORIENTED_EDGE('',*,*,#1398,.F.);
#1945=ORIENTED_EDGE('',*,*,#1399,.F.);
#1946=ORIENTED_EDGE('',*,*,#1400,.F.);
#1947=ORIENTED_EDGE('',*,*,#1401,.T.);
#1948=ORIENTED_EDGE('',*,*,#1402,.F.);
#1949=ORIENTED_EDGE('',*,*,#1403,.T.);
#1950=ORIENTED_EDGE('',*,*,#1404,.F.);
#1951=ORIENTED_EDGE('',*,*,#1405,.F.);
#1952=ORIENTED_EDGE('',*,*,#1406,.T.);
#1953=ORIENTED_EDGE('',*,*,#1407,.T.);
#1954=ORIENTED_EDGE('',*,*,#1408,.F.);
#1955=ORIENTED_EDGE('',*,*,#1409,.T.);
#1956=ORIENTED_EDGE('',*,*,#1410,.F.);
#1957=ORIENTED_EDGE('',*,*,#1411,.F.);
#1958=ORIENTED_EDGE('',*,*,#1412,.F.);
#1959=ORIENTED_EDGE('',*,*,#1413,.T.);
#1960=ORIENTED_EDGE('',*,*,#1414,.F.);
#1961=ORIENTED_EDGE('',*,*,#1415,.T.);
#1962=ORIENTED_EDGE('',*,*,#1416,.F.);
#1963=ORIENTED_EDGE('',*,*,#1417,.F.);
#1964=ORIENTED_EDGE('',*,*,#1418,.T.);
#1965=ORIENTED_EDGE('',*,*,#1419,.T.);
#1966=ORIENTED_EDGE('',*,*,#1420,.F.);
#1967=ORIENTED_EDGE('',*,*,#1421,.T.);
#1968=ORIENTED_EDGE('',*,*,#1422,.F.);
#1969=ORIENTED_EDGE('',*,*,#1423,.F.);
#1970=ORIENTED_EDGE('',*,*,#1424,.T.);
#1971=ORIENTED_EDGE('',*,*,#1388,.F.);
#1972=ORIENTED_EDGE('',*,*,#1397,.F.);
#1973=ORIENTED_EDGE('',*,*,#1394,.F.);
#1974=ORIENTED_EDGE('',*,*,#1337,.T.);
#1975=ORIENTED_EDGE('',*,*,#1360,.T.);
#1976=ORIENTED_EDGE('',*,*,#1425,.T.);
#1977=ORIENTED_EDGE('',*,*,#1416,.T.);
#1978=ORIENTED_EDGE('',*,*,#1426,.T.);
#1979=ORIENTED_EDGE('',*,*,#1425,.F.);
#1980=ORIENTED_EDGE('',*,*,#1359,.F.);
#1981=ORIENTED_EDGE('',*,*,#1427,.F.);
#1982=ORIENTED_EDGE('',*,*,#1417,.T.);
#1983=ORIENTED_EDGE('',*,*,#1402,.T.);
#1984=ORIENTED_EDGE('',*,*,#1428,.T.);
#1985=ORIENTED_EDGE('',*,*,#1374,.T.);
#1986=ORIENTED_EDGE('',*,*,#1429,.T.);
#1987=ORIENTED_EDGE('',*,*,#1428,.F.);
#1988=ORIENTED_EDGE('',*,*,#1401,.F.);
#1989=ORIENTED_EDGE('',*,*,#1430,.T.);
#1990=ORIENTED_EDGE('',*,*,#1375,.T.);
#1991=ORIENTED_EDGE('',*,*,#1420,.T.);
#1992=ORIENTED_EDGE('',*,*,#1431,.T.);
#1993=ORIENTED_EDGE('',*,*,#1356,.T.);
#1994=ORIENTED_EDGE('',*,*,#1339,.F.);
#1995=ORIENTED_EDGE('',*,*,#1354,.T.);
#1996=ORIENTED_EDGE('',*,*,#1431,.F.);
#1997=ORIENTED_EDGE('',*,*,#1419,.F.);
#1998=ORIENTED_EDGE('',*,*,#1432,.T.);
#1999=ORIENTED_EDGE('',*,*,#1357,.F.);
#2000=ORIENTED_EDGE('',*,*,#1378,.T.);
#2001=ORIENTED_EDGE('',*,*,#1433,.T.);
#2002=ORIENTED_EDGE('',*,*,#1398,.T.);
#2003=ORIENTED_EDGE('',*,*,#1344,.T.);
#2004=ORIENTED_EDGE('',*,*,#1350,.F.);
#2005=ORIENTED_EDGE('',*,*,#1433,.F.);
#2006=ORIENTED_EDGE('',*,*,#1377,.T.);
#2007=ORIENTED_EDGE('',*,*,#1434,.F.);
#2008=ORIENTED_EDGE('',*,*,#1399,.T.);
#2009=ORIENTED_EDGE('',*,*,#1372,.T.);
#2010=ORIENTED_EDGE('',*,*,#1435,.T.);
#2011=ORIENTED_EDGE('',*,*,#1404,.T.);
#2012=ORIENTED_EDGE('',*,*,#1436,.T.);
#2013=ORIENTED_EDGE('',*,*,#1435,.F.);
#2014=ORIENTED_EDGE('',*,*,#1371,.F.);
#2015=ORIENTED_EDGE('',*,*,#1437,.F.);
#2016=ORIENTED_EDGE('',*,*,#1405,.T.);
#2017=ORIENTED_EDGE('',*,*,#1414,.T.);
#2018=ORIENTED_EDGE('',*,*,#1438,.T.);
#2019=ORIENTED_EDGE('',*,*,#1362,.T.);
#2020=ORIENTED_EDGE('',*,*,#1439,.T.);
#2021=ORIENTED_EDGE('',*,*,#1438,.F.);
#2022=ORIENTED_EDGE('',*,*,#1413,.F.);
#2023=ORIENTED_EDGE('',*,*,#1440,.T.);
#2024=ORIENTED_EDGE('',*,*,#1363,.T.);
#2025=ORIENTED_EDGE('',*,*,#1366,.T.);
#2026=ORIENTED_EDGE('',*,*,#1441,.T.);
#2027=ORIENTED_EDGE('',*,*,#1410,.T.);
#2028=ORIENTED_EDGE('',*,*,#1442,.T.);
#2029=ORIENTED_EDGE('',*,*,#1441,.F.);
#2030=ORIENTED_EDGE('',*,*,#1365,.T.);
#2031=ORIENTED_EDGE('',*,*,#1443,.F.);
#2032=ORIENTED_EDGE('',*,*,#1411,.T.);
#2033=ORIENTED_EDGE('',*,*,#1408,.T.);
#2034=ORIENTED_EDGE('',*,*,#1444,.T.);
#2035=ORIENTED_EDGE('',*,*,#1368,.T.);
#2036=ORIENTED_EDGE('',*,*,#1445,.T.);
#2037=ORIENTED_EDGE('',*,*,#1444,.F.);
#2038=ORIENTED_EDGE('',*,*,#1407,.F.);
#2039=ORIENTED_EDGE('',*,*,#1446,.T.);
#2040=ORIENTED_EDGE('',*,*,#1369,.F.);
#2041=ORIENTED_EDGE('',*,*,#1379,.F.);
#2042=ORIENTED_EDGE('',*,*,#1447,.T.);
#2043=ORIENTED_EDGE('',*,*,#1424,.F.);
#2044=ORIENTED_EDGE('',*,*,#1447,.F.);
#2045=ORIENTED_EDGE('',*,*,#1418,.F.);
#2046=ORIENTED_EDGE('',*,*,#1427,.T.);
#2047=ORIENTED_EDGE('',*,*,#1358,.F.);
#2048=ORIENTED_EDGE('',*,*,#1432,.F.);
#2049=ORIENTED_EDGE('',*,*,#1426,.F.);
#2050=ORIENTED_EDGE('',*,*,#1415,.F.);
#2051=ORIENTED_EDGE('',*,*,#1439,.F.);
#2052=ORIENTED_EDGE('',*,*,#1361,.T.);
#2053=ORIENTED_EDGE('',*,*,#1380,.T.);
#2054=ORIENTED_EDGE('',*,*,#1448,.T.);
#2055=ORIENTED_EDGE('',*,*,#1423,.T.);
#2056=ORIENTED_EDGE('',*,*,#1448,.F.);
#2057=ORIENTED_EDGE('',*,*,#1400,.T.);
#2058=ORIENTED_EDGE('',*,*,#1434,.T.);
#2059=ORIENTED_EDGE('',*,*,#1376,.T.);
#2060=ORIENTED_EDGE('',*,*,#1430,.F.);
#2061=ORIENTED_EDGE('',*,*,#1381,.T.);
#2062=ORIENTED_EDGE('',*,*,#1449,.T.);
#2063=ORIENTED_EDGE('',*,*,#1422,.T.);
#2064=ORIENTED_EDGE('',*,*,#1449,.F.);
#2065=ORIENTED_EDGE('',*,*,#1412,.T.);
#2066=ORIENTED_EDGE('',*,*,#1443,.T.);
#2067=ORIENTED_EDGE('',*,*,#1364,.T.);
#2068=ORIENTED_EDGE('',*,*,#1440,.F.);
#2069=ORIENTED_EDGE('',*,*,#1442,.F.);
#2070=ORIENTED_EDGE('',*,*,#1409,.F.);
#2071=ORIENTED_EDGE('',*,*,#1445,.F.);
#2072=ORIENTED_EDGE('',*,*,#1367,.T.);
#2073=ORIENTED_EDGE('',*,*,#1382,.F.);
#2074=ORIENTED_EDGE('',*,*,#1450,.T.);
#2075=ORIENTED_EDGE('',*,*,#1421,.F.);
#2076=ORIENTED_EDGE('',*,*,#1450,.F.);
#2077=ORIENTED_EDGE('',*,*,#1406,.F.);
#2078=ORIENTED_EDGE('',*,*,#1437,.T.);
#2079=ORIENTED_EDGE('',*,*,#1370,.F.);
#2080=ORIENTED_EDGE('',*,*,#1446,.F.);
#2081=ORIENTED_EDGE('',*,*,#1429,.F.);
#2082=ORIENTED_EDGE('',*,*,#1373,.T.);
#2083=ORIENTED_EDGE('',*,*,#1436,.F.);
#2084=ORIENTED_EDGE('',*,*,#1403,.F.);
#2085=ORIENTED_EDGE('',*,*,#1451,.T.);
#2086=ORIENTED_EDGE('',*,*,#1452,.T.);
#2087=ORIENTED_EDGE('',*,*,#1453,.T.);
#2088=ORIENTED_EDGE('',*,*,#1454,.F.);
#2089=ORIENTED_EDGE('',*,*,#1453,.F.);
#2090=ORIENTED_EDGE('',*,*,#1455,.F.);
#2091=ORIENTED_EDGE('',*,*,#1456,.F.);
#2092=ORIENTED_EDGE('',*,*,#1457,.F.);
#2093=ORIENTED_EDGE('',*,*,#1455,.T.);
#2094=ORIENTED_EDGE('',*,*,#1452,.F.);
#2095=ORIENTED_EDGE('',*,*,#1458,.F.);
#2096=ORIENTED_EDGE('',*,*,#1451,.F.);
#2097=ORIENTED_EDGE('',*,*,#1459,.F.);
#2098=ORIENTED_EDGE('',*,*,#1458,.T.);
#2099=ORIENTED_EDGE('',*,*,#1460,.T.);
#2100=ORIENTED_EDGE('',*,*,#1461,.F.);
#2101=ORIENTED_EDGE('',*,*,#1462,.T.);
#2102=ORIENTED_EDGE('',*,*,#1463,.F.);
#2103=ORIENTED_EDGE('',*,*,#1460,.F.);
#2104=ORIENTED_EDGE('',*,*,#1464,.F.);
#2105=ORIENTED_EDGE('',*,*,#1465,.F.);
#2106=ORIENTED_EDGE('',*,*,#1462,.F.);
#2107=ORIENTED_EDGE('',*,*,#1466,.F.);
#2108=ORIENTED_EDGE('',*,*,#1467,.T.);
#2109=ORIENTED_EDGE('',*,*,#1463,.T.);
#2110=ORIENTED_EDGE('',*,*,#1467,.F.);
#2111=ORIENTED_EDGE('',*,*,#1468,.F.);
#2112=ORIENTED_EDGE('',*,*,#1464,.T.);
#2113=ORIENTED_EDGE('',*,*,#1383,.F.);
#2114=ORIENTED_EDGE('',*,*,#1469,.T.);
#2115=ORIENTED_EDGE('',*,*,#1470,.F.);
#2116=ORIENTED_EDGE('',*,*,#1471,.F.);
#2117=ORIENTED_EDGE('',*,*,#1384,.F.);
#2118=ORIENTED_EDGE('',*,*,#1471,.T.);
#2119=ORIENTED_EDGE('',*,*,#1472,.F.);
#2120=ORIENTED_EDGE('',*,*,#1473,.F.);
#2121=ORIENTED_EDGE('',*,*,#1456,.T.);
#2122=ORIENTED_EDGE('',*,*,#1457,.T.);
#2123=ORIENTED_EDGE('',*,*,#1459,.T.);
#2124=ORIENTED_EDGE('',*,*,#1454,.T.);
#2125=ORIENTED_EDGE('',*,*,#1385,.F.);
#2126=ORIENTED_EDGE('',*,*,#1473,.T.);
#2127=ORIENTED_EDGE('',*,*,#1474,.F.);
#2128=ORIENTED_EDGE('',*,*,#1475,.F.);
#2129=ORIENTED_EDGE('',*,*,#1386,.F.);
#2130=ORIENTED_EDGE('',*,*,#1475,.T.);
#2131=ORIENTED_EDGE('',*,*,#1476,.F.);
#2132=ORIENTED_EDGE('',*,*,#1469,.F.);
#2133=ORIENTED_EDGE('',*,*,#1465,.T.);
#2134=ORIENTED_EDGE('',*,*,#1468,.T.);
#2135=ORIENTED_EDGE('',*,*,#1466,.T.);
#2136=ORIENTED_EDGE('',*,*,#1461,.T.);
#2137=ORIENTED_EDGE('',*,*,#1476,.T.);
#2138=ORIENTED_EDGE('',*,*,#1474,.T.);
#2139=ORIENTED_EDGE('',*,*,#1472,.T.);
#2140=ORIENTED_EDGE('',*,*,#1470,.T.);
#2141=PLANE('',#2340);
#2142=PLANE('',#2342);
#2143=PLANE('',#2343);
#2144=PLANE('',#2346);
#2145=PLANE('',#2347);
#2146=PLANE('',#2348);
#2147=PLANE('',#2349);
#2148=PLANE('',#2360);
#2149=PLANE('',#2361);
#2150=PLANE('',#2380);
#2151=PLANE('',#2383);
#2152=PLANE('',#2385);
#2153=PLANE('',#2387);
#2154=PLANE('',#2389);
#2155=PLANE('',#2391);
#2156=PLANE('',#2393);
#2157=PLANE('',#2397);
#2158=PLANE('',#2400);
#2159=PLANE('',#2403);
#2160=PLANE('',#2406);
#2161=PLANE('',#2409);
#2162=PLANE('',#2411);
#2163=PLANE('',#2414);
#2164=PLANE('',#2417);
#2165=PLANE('',#2422);
#2166=PLANE('',#2427);
#2167=PLANE('',#2432);
#2168=PLANE('',#2433);
#2169=PLANE('',#2434);
#2170=PLANE('',#2435);
#2171=PLANE('',#2436);
#2172=PLANE('',#2437);
#2173=PLANE('',#2438);
#2174=PLANE('',#2439);
#2175=PLANE('',#2440);
#2176=PLANE('',#2441);
#2177=PLANE('',#2442);
#2178=PLANE('',#2443);
#2179=PLANE('',#2445);
#2180=PLANE('',#2446);
#2181=PLANE('',#2447);
#2182=PLANE('',#2448);
#2183=PLANE('',#2449);
#2184=PLANE('',#2450);
#2185=PLANE('',#2451);
#2186=PLANE('',#2452);
#2187=PLANE('',#2454);
#2188=PLANE('',#2455);
#2189=PLANE('',#2459);
#2190=PLANE('',#2461);
#2191=PLANE('',#2465);
#2192=PLANE('',#2492);
#2193=PLANE('',#2511);
#2194=PLANE('',#2513);
#2195=PLANE('',#2515);
#2196=PLANE('',#2517);
#2197=PLANE('',#2519);
#2198=PLANE('',#2521);
#2199=PLANE('',#2523);
#2200=PLANE('',#2525);
#2201=PLANE('',#2528);
#2202=PLANE('',#2533);
#2203=PLANE('',#2536);
#2204=PLANE('',#2537);
#2205=PLANE('',#2538);
#2206=PLANE('',#2539);
#2207=PLANE('',#2540);
#2208=PLANE('',#2541);
#2209=PLANE('',#2542);
#2210=PLANE('',#2543);
#2211=PLANE('',#2544);
#2212=PLANE('',#2545);
#2213=PLANE('',#2546);
#2214=PLANE('',#2547);
#2215=PLANE('',#2548);
#2216=PLANE('',#2549);
#2217=ADVANCED_FACE('',(#179,#73),#2141,.F.);
#2218=ADVANCED_FACE('',(#180),#2142,.T.);
#2219=ADVANCED_FACE('',(#181),#2143,.T.);
#2220=ADVANCED_FACE('',(#182,#74),#2144,.F.);
#2221=ADVANCED_FACE('',(#183),#2145,.F.);
#2222=ADVANCED_FACE('',(#184),#2146,.F.);
#2223=ADVANCED_FACE('',(#185,#75,#76),#2147,.F.);
#2224=ADVANCED_FACE('',(#186),#2148,.F.);
#2225=ADVANCED_FACE('',(#187,#77,#78,#79,#80,#81),#2149,.T.);
#2226=ADVANCED_FACE('',(#188),#23,.T.);
#2227=ADVANCED_FACE('',(#189),#2150,.F.);
#2228=ADVANCED_FACE('',(#190),#24,.T.);
#2229=ADVANCED_FACE('',(#191,#82),#2151,.T.);
#2230=ADVANCED_FACE('',(#192),#2152,.T.);
#2231=ADVANCED_FACE('',(#193),#25,.F.);
#2232=ADVANCED_FACE('',(#194),#2153,.T.);
#2233=ADVANCED_FACE('',(#195),#26,.F.);
#2234=ADVANCED_FACE('',(#196),#2154,.T.);
#2235=ADVANCED_FACE('',(#197),#27,.F.);
#2236=ADVANCED_FACE('',(#198),#2155,.T.);
#2237=ADVANCED_FACE('',(#199),#28,.F.);
#2238=ADVANCED_FACE('',(#200),#2156,.F.);
#2239=ADVANCED_FACE('',(#201),#29,.T.);
#2240=ADVANCED_FACE('',(#202),#30,.F.);
#2241=ADVANCED_FACE('',(#203),#2157,.T.);
#2242=ADVANCED_FACE('',(#204),#31,.F.);
#2243=ADVANCED_FACE('',(#205),#2158,.T.);
#2244=ADVANCED_FACE('',(#206),#32,.F.);
#2245=ADVANCED_FACE('',(#207),#2159,.F.);
#2246=ADVANCED_FACE('',(#208),#33,.F.);
#2247=ADVANCED_FACE('',(#209),#2160,.T.);
#2248=ADVANCED_FACE('',(#210),#34,.F.);
#2249=ADVANCED_FACE('',(#211),#35,.F.);
#2250=ADVANCED_FACE('',(#212),#2161,.F.);
#2251=ADVANCED_FACE('',(#213),#36,.T.);
#2252=ADVANCED_FACE('',(#214),#2162,.T.);
#2253=ADVANCED_FACE('',(#215),#37,.F.);
#2254=ADVANCED_FACE('',(#216),#2163,.F.);
#2255=ADVANCED_FACE('',(#217),#38,.T.);
#2256=ADVANCED_FACE('',(#218,#83),#2164,.T.);
#2257=ADVANCED_FACE('',(#219),#39,.T.);
#2258=ADVANCED_FACE('',(#220),#2165,.T.);
#2259=ADVANCED_FACE('',(#221),#40,.F.);
#2260=ADVANCED_FACE('',(#222),#41,.T.);
#2261=ADVANCED_FACE('',(#223,#84),#2166,.F.);
#2262=ADVANCED_FACE('',(#224),#42,.T.);
#2263=ADVANCED_FACE('',(#225),#2167,.F.);
#2264=ADVANCED_FACE('',(#226),#2168,.F.);
#2265=ADVANCED_FACE('',(#227),#2169,.F.);
#2266=ADVANCED_FACE('',(#228),#2170,.F.);
#2267=ADVANCED_FACE('',(#229),#2171,.F.);
#2268=ADVANCED_FACE('',(#230),#2172,.F.);
#2269=ADVANCED_FACE('',(#231),#2173,.F.);
#2270=ADVANCED_FACE('',(#232),#2174,.F.);
#2271=ADVANCED_FACE('',(#233),#2175,.T.);
#2272=ADVANCED_FACE('',(#234),#2176,.T.);
#2273=ADVANCED_FACE('',(#235),#2177,.T.);
#2274=ADVANCED_FACE('',(#236,#85),#2178,.T.);
#2275=ADVANCED_FACE('',(#237),#43,.F.);
#2276=ADVANCED_FACE('',(#238),#2179,.T.);
#2277=ADVANCED_FACE('',(#239),#2180,.T.);
#2278=ADVANCED_FACE('',(#240),#2181,.F.);
#2279=ADVANCED_FACE('',(#241),#2182,.T.);
#2280=ADVANCED_FACE('',(#242),#2183,.T.);
#2281=ADVANCED_FACE('',(#243),#2184,.T.);
#2282=ADVANCED_FACE('',(#244),#2185,.T.);
#2283=ADVANCED_FACE('',(#245),#2186,.T.);
#2284=ADVANCED_FACE('',(#246),#2187,.T.);
#2285=ADVANCED_FACE('',(#247,#86),#2188,.T.);
#2286=ADVANCED_FACE('',(#248),#2189,.T.);
#2287=ADVANCED_FACE('',(#249,#87),#2190,.T.);
#2288=ADVANCED_FACE('',(#250,#88,#89,#90,#91,#92),#2191,.F.);
#2289=ADVANCED_FACE('',(#251),#15,.T.);
#2290=ADVANCED_FACE('',(#252),#16,.F.);
#2291=ADVANCED_FACE('',(#253),#17,.F.);
#2292=ADVANCED_FACE('',(#254),#18,.T.);
#2293=ADVANCED_FACE('',(#255),#44,.F.);
#2294=ADVANCED_FACE('',(#256),#45,.F.);
#2295=ADVANCED_FACE('',(#257,#93,#94,#95,#96),#2192,.T.);
#2296=ADVANCED_FACE('',(#258),#46,.T.);
#2297=ADVANCED_FACE('',(#259),#47,.F.);
#2298=ADVANCED_FACE('',(#260),#2193,.T.);
#2299=ADVANCED_FACE('',(#261),#48,.F.);
#2300=ADVANCED_FACE('',(#262),#2194,.F.);
#2301=ADVANCED_FACE('',(#263),#49,.F.);
#2302=ADVANCED_FACE('',(#264),#2195,.T.);
#2303=ADVANCED_FACE('',(#265),#50,.F.);
#2304=ADVANCED_FACE('',(#266),#2196,.F.);
#2305=ADVANCED_FACE('',(#267),#51,.F.);
#2306=ADVANCED_FACE('',(#268),#2197,.T.);
#2307=ADVANCED_FACE('',(#269),#52,.F.);
#2308=ADVANCED_FACE('',(#270),#2198,.F.);
#2309=ADVANCED_FACE('',(#271),#53,.F.);
#2310=ADVANCED_FACE('',(#272),#2199,.F.);
#2311=ADVANCED_FACE('',(#273),#54,.F.);
#2312=ADVANCED_FACE('',(#274),#2200,.T.);
#2313=ADVANCED_FACE('',(#275),#55,.F.);
#2314=ADVANCED_FACE('',(#276),#56,.T.);
#2315=ADVANCED_FACE('',(#277),#2201,.T.);
#2316=ADVANCED_FACE('',(#278),#57,.F.);
#2317=ADVANCED_FACE('',(#279),#58,.T.);
#2318=ADVANCED_FACE('',(#280),#59,.F.);
#2319=ADVANCED_FACE('',(#281),#60,.T.);
#2320=ADVANCED_FACE('',(#282),#2202,.T.);
#2321=ADVANCED_FACE('',(#283),#61,.F.);
#2322=ADVANCED_FACE('',(#284),#62,.T.);
#2323=ADVANCED_FACE('',(#285),#2203,.T.);
#2324=ADVANCED_FACE('',(#286),#2204,.T.);
#2325=ADVANCED_FACE('',(#287),#2205,.T.);
#2326=ADVANCED_FACE('',(#288),#2206,.T.);
#2327=ADVANCED_FACE('',(#289),#2207,.T.);
#2328=ADVANCED_FACE('',(#290),#2208,.T.);
#2329=ADVANCED_FACE('',(#291),#2209,.T.);
#2330=ADVANCED_FACE('',(#292),#2210,.T.);
#2331=ADVANCED_FACE('',(#293),#2211,.T.);
#2332=ADVANCED_FACE('',(#294),#2212,.T.);
#2333=ADVANCED_FACE('',(#295,#97),#2213,.T.);
#2334=ADVANCED_FACE('',(#296),#2214,.T.);
#2335=ADVANCED_FACE('',(#297,#98),#2215,.T.);
#2336=ADVANCED_FACE('',(#298),#2216,.T.);
#2337=CLOSED_SHELL('',(#2217,#2218,#2219,#2220,#2221,#2222,#2223,#2224,
#2225,#2226,#2227,#2228,#2229,#2230,#2231,#2232,#2233,#2234,#2235,#2236,
#2237,#2238,#2239,#2240,#2241,#2242,#2243,#2244,#2245,#2246,#2247,#2248,
#2249,#2250,#2251,#2252,#2253,#2254,#2255,#2256,#2257,#2258,#2259,#2260,
#2261,#2262,#2263,#2264,#2265,#2266,#2267,#2268,#2269,#2270,#2271,#2272,
#2273,#2274,#2275));
#2338=CLOSED_SHELL('',(#2276,#2277,#2278,#2279,#2280,#2281,#2282,#2283,
#2284,#2285,#2286,#2287,#2288,#2289,#2290,#2291,#2292,#2293,#2294,#2295,
#2296,#2297,#2298,#2299,#2300,#2301,#2302,#2303,#2304,#2305,#2306,#2307,
#2308,#2309,#2310,#2311,#2312,#2313,#2314,#2315,#2316,#2317,#2318,#2319,
#2320,#2321,#2322,#2323,#2324,#2325,#2326,#2327,#2328,#2329,#2330,#2331,
#2332,#2333,#2334,#2335,#2336));
#2339=AXIS2_PLACEMENT_3D('',#3212,#2550,#2551);
#2340=AXIS2_PLACEMENT_3D('',#3213,#2552,#2553);
#2341=AXIS2_PLACEMENT_3D('',#3224,#2558,#2559);
#2342=AXIS2_PLACEMENT_3D('',#3228,#2562,#2563);
#2343=AXIS2_PLACEMENT_3D('',#3234,#2567,#2568);
#2344=AXIS2_PLACEMENT_3D('',#3240,#2571,#2572);
#2345=AXIS2_PLACEMENT_3D('',#3247,#2576,#2577);
#2346=AXIS2_PLACEMENT_3D('',#3248,#2578,#2579);
#2347=AXIS2_PLACEMENT_3D('',#3265,#2588,#2589);
#2348=AXIS2_PLACEMENT_3D('',#3271,#2593,#2594);
#2349=AXIS2_PLACEMENT_3D('',#3275,#2597,#2598);
#2350=AXIS2_PLACEMENT_3D('',#3279,#2600,#2601);
#2351=AXIS2_PLACEMENT_3D('',#3283,#2603,#2604);
#2352=AXIS2_PLACEMENT_3D('',#3287,#2606,#2607);
#2353=AXIS2_PLACEMENT_3D('',#3291,#2609,#2610);
#2354=AXIS2_PLACEMENT_3D('',#3295,#2612,#2613);
#2355=AXIS2_PLACEMENT_3D('',#3299,#2615,#2616);
#2356=AXIS2_PLACEMENT_3D('',#3303,#2618,#2619);
#2357=AXIS2_PLACEMENT_3D('',#3307,#2621,#2622);
#2358=AXIS2_PLACEMENT_3D('',#3310,#2624,#2625);
#2359=AXIS2_PLACEMENT_3D('',#3312,#2626,#2627);
#2360=AXIS2_PLACEMENT_3D('',#3313,#2628,#2629);
#2361=AXIS2_PLACEMENT_3D('',#3318,#2633,#2634);
#2362=AXIS2_PLACEMENT_3D('',#3323,#2636,#2637);
#2363=AXIS2_PLACEMENT_3D('',#3327,#2639,#2640);
#2364=AXIS2_PLACEMENT_3D('',#3331,#2642,#2643);
#2365=AXIS2_PLACEMENT_3D('',#3335,#2645,#2646);
#2366=AXIS2_PLACEMENT_3D('',#3339,#2648,#2649);
#2367=AXIS2_PLACEMENT_3D('',#3343,#2651,#2652);
#2368=AXIS2_PLACEMENT_3D('',#3347,#2654,#2655);
#2369=AXIS2_PLACEMENT_3D('',#3351,#2657,#2658);
#2370=AXIS2_PLACEMENT_3D('',#3355,#2660,#2661);
#2371=AXIS2_PLACEMENT_3D('',#3359,#2663,#2664);
#2372=AXIS2_PLACEMENT_3D('',#3363,#2666,#2667);
#2373=AXIS2_PLACEMENT_3D('',#3366,#2669,#2670);
#2374=AXIS2_PLACEMENT_3D('',#3371,#2673,#2674);
#2375=AXIS2_PLACEMENT_3D('',#3373,#2675,#2676);
#2376=AXIS2_PLACEMENT_3D('',#3375,#2677,#2678);
#2377=AXIS2_PLACEMENT_3D('',#3377,#2679,#2680);
#2378=AXIS2_PLACEMENT_3D('',#3378,#2681,#2682);
#2379=AXIS2_PLACEMENT_3D('',#3380,#2683,#2684);
#2380=AXIS2_PLACEMENT_3D('',#3382,#2686,#2687);
#2381=AXIS2_PLACEMENT_3D('',#3385,#2690,#2691);
#2382=AXIS2_PLACEMENT_3D('',#3388,#2693,#2694);
#2383=AXIS2_PLACEMENT_3D('',#3389,#2695,#2696);
#2384=AXIS2_PLACEMENT_3D('',#3396,#2700,#2701);
#2385=AXIS2_PLACEMENT_3D('',#3398,#2703,#2704);
#2386=AXIS2_PLACEMENT_3D('',#3400,#2706,#2707);
#2387=AXIS2_PLACEMENT_3D('',#3403,#2710,#2711);
#2388=AXIS2_PLACEMENT_3D('',#3405,#2713,#2714);
#2389=AXIS2_PLACEMENT_3D('',#3408,#2717,#2718);
#2390=AXIS2_PLACEMENT_3D('',#3416,#2723,#2724);
#2391=AXIS2_PLACEMENT_3D('',#3419,#2727,#2728);
#2392=AXIS2_PLACEMENT_3D('',#3421,#2730,#2731);
#2393=AXIS2_PLACEMENT_3D('',#3424,#2734,#2735);
#2394=AXIS2_PLACEMENT_3D('',#3426,#2737,#2738);
#2395=AXIS2_PLACEMENT_3D('',#3427,#2739,#2740);
#2396=AXIS2_PLACEMENT_3D('',#3429,#2741,#2742);
#2397=AXIS2_PLACEMENT_3D('',#3431,#2744,#2745);
#2398=AXIS2_PLACEMENT_3D('',#3435,#2748,#2749);
#2399=AXIS2_PLACEMENT_3D('',#3438,#2750,#2751);
#2400=AXIS2_PLACEMENT_3D('',#3441,#2754,#2755);
#2401=AXIS2_PLACEMENT_3D('',#3447,#2759,#2760);
#2402=AXIS2_PLACEMENT_3D('',#3450,#2761,#2762);
#2403=AXIS2_PLACEMENT_3D('',#3453,#2765,#2766);
#2404=AXIS2_PLACEMENT_3D('',#3457,#2769,#2770);
#2405=AXIS2_PLACEMENT_3D('',#3460,#2771,#2772);
#2406=AXIS2_PLACEMENT_3D('',#3463,#2775,#2776);
#2407=AXIS2_PLACEMENT_3D('',#3473,#2782,#2783);
#2408=AXIS2_PLACEMENT_3D('',#3475,#2785,#2786);
#2409=AXIS2_PLACEMENT_3D('',#3477,#2788,#2789);
#2410=AXIS2_PLACEMENT_3D('',#3479,#2791,#2792);
#2411=AXIS2_PLACEMENT_3D('',#3480,#2793,#2794);
#2412=AXIS2_PLACEMENT_3D('',#3481,#2795,#2796);
#2413=AXIS2_PLACEMENT_3D('',#3483,#2797,#2798);
#2414=AXIS2_PLACEMENT_3D('',#3485,#2800,#2801);
#2415=AXIS2_PLACEMENT_3D('',#3489,#2804,#2805);
#2416=AXIS2_PLACEMENT_3D('',#3490,#2806,#2807);
#2417=AXIS2_PLACEMENT_3D('',#3491,#2808,#2809);
#2418=AXIS2_PLACEMENT_3D('',#3492,#2810,#2811);
#2419=AXIS2_PLACEMENT_3D('',#3493,#2812,#2813);
#2420=AXIS2_PLACEMENT_3D('',#3495,#2814,#2815);
#2421=AXIS2_PLACEMENT_3D('',#3496,#2816,#2817);
#2422=AXIS2_PLACEMENT_3D('',#3497,#2818,#2819);
#2423=AXIS2_PLACEMENT_3D('',#3501,#2822,#2823);
#2424=AXIS2_PLACEMENT_3D('',#3503,#2824,#2825);
#2425=AXIS2_PLACEMENT_3D('',#3505,#2827,#2828);
#2426=AXIS2_PLACEMENT_3D('',#3506,#2829,#2830);
#2427=AXIS2_PLACEMENT_3D('',#3507,#2831,#2832);
#2428=AXIS2_PLACEMENT_3D('',#3508,#2833,#2834);
#2429=AXIS2_PLACEMENT_3D('',#3509,#2835,#2836);
#2430=AXIS2_PLACEMENT_3D('',#3511,#2837,#2838);
#2431=AXIS2_PLACEMENT_3D('',#3512,#2839,#2840);
#2432=AXIS2_PLACEMENT_3D('',#3513,#2841,#2842);
#2433=AXIS2_PLACEMENT_3D('',#3517,#2845,#2846);
#2434=AXIS2_PLACEMENT_3D('',#3519,#2848,#2849);
#2435=AXIS2_PLACEMENT_3D('',#3520,#2850,#2851);
#2436=AXIS2_PLACEMENT_3D('',#3529,#2856,#2857);
#2437=AXIS2_PLACEMENT_3D('',#3535,#2861,#2862);
#2438=AXIS2_PLACEMENT_3D('',#3541,#2866,#2867);
#2439=AXIS2_PLACEMENT_3D('',#3544,#2870,#2871);
#2440=AXIS2_PLACEMENT_3D('',#3545,#2872,#2873);
#2441=AXIS2_PLACEMENT_3D('',#3547,#2875,#2876);
#2442=AXIS2_PLACEMENT_3D('',#3549,#2878,#2879);
#2443=AXIS2_PLACEMENT_3D('',#3550,#2880,#2881);
#2444=AXIS2_PLACEMENT_3D('',#3551,#2882,#2883);
#2445=AXIS2_PLACEMENT_3D('',#3552,#2884,#2885);
#2446=AXIS2_PLACEMENT_3D('',#3565,#2892,#2893);
#2447=AXIS2_PLACEMENT_3D('',#3575,#2899,#2900);
#2448=AXIS2_PLACEMENT_3D('',#3579,#2903,#2904);
#2449=AXIS2_PLACEMENT_3D('',#3587,#2909,#2910);
#2450=AXIS2_PLACEMENT_3D('',#3593,#2914,#2915);
#2451=AXIS2_PLACEMENT_3D('',#3599,#2919,#2920);
#2452=AXIS2_PLACEMENT_3D('',#3603,#2923,#2924);
#2453=AXIS2_PLACEMENT_3D('',#3607,#2926,#2927);
#2454=AXIS2_PLACEMENT_3D('',#3609,#2929,#2930);
#2455=AXIS2_PLACEMENT_3D('',#3613,#2933,#2934);
#2456=AXIS2_PLACEMENT_3D('',#3621,#2938,#2939);
#2457=AXIS2_PLACEMENT_3D('',#3622,#2940,#2941);
#2458=AXIS2_PLACEMENT_3D('',#3624,#2942,#2943);
#2459=AXIS2_PLACEMENT_3D('',#3625,#2944,#2945);
#2460=AXIS2_PLACEMENT_3D('',#3628,#2947,#2948);
#2461=AXIS2_PLACEMENT_3D('',#3629,#2949,#2950);
#2462=AXIS2_PLACEMENT_3D('',#3631,#2951,#2952);
#2463=AXIS2_PLACEMENT_3D('',#3633,#2953,#2954);
#2464=AXIS2_PLACEMENT_3D('',#3638,#2957,#2958);
#2465=AXIS2_PLACEMENT_3D('',#3639,#2959,#2960);
#2466=AXIS2_PLACEMENT_3D('',#3641,#2961,#2962);
#2467=AXIS2_PLACEMENT_3D('',#3645,#2964,#2965);
#2468=AXIS2_PLACEMENT_3D('',#3649,#2967,#2968);
#2469=AXIS2_PLACEMENT_3D('',#3653,#2970,#2971);
#2470=AXIS2_PLACEMENT_3D('',#3657,#2973,#2974);
#2471=AXIS2_PLACEMENT_3D('',#3661,#2976,#2977);
#2472=AXIS2_PLACEMENT_3D('',#3665,#2979,#2980);
#2473=AXIS2_PLACEMENT_3D('',#3669,#2982,#2983);
#2474=AXIS2_PLACEMENT_3D('',#3673,#2985,#2986);
#2475=AXIS2_PLACEMENT_3D('',#3677,#2988,#2989);
#2476=AXIS2_PLACEMENT_3D('',#3681,#2991,#2992);
#2477=AXIS2_PLACEMENT_3D('',#3684,#2994,#2995);
#2478=AXIS2_PLACEMENT_3D('',#3686,#2996,#2997);
#2479=AXIS2_PLACEMENT_3D('',#3688,#2998,#2999);
#2480=AXIS2_PLACEMENT_3D('',#3690,#3000,#3001);
#2481=AXIS2_PLACEMENT_3D('',#3692,#3002,#3003);
#2482=AXIS2_PLACEMENT_3D('',#3701,#3008,#3009);
#2483=AXIS2_PLACEMENT_3D('',#3704,#3011,#3012);
#2484=AXIS2_PLACEMENT_3D('',#3705,#3013,#3014);
#2485=AXIS2_PLACEMENT_3D('',#3710,#3015,#3016);
#2486=AXIS2_PLACEMENT_3D('',#3711,#3017,#3018);
#2487=AXIS2_PLACEMENT_3D('',#3718,#3020,#3021);
#2488=AXIS2_PLACEMENT_3D('',#3719,#3022,#3023);
#2489=AXIS2_PLACEMENT_3D('',#3720,#3024,#3025);
#2490=AXIS2_PLACEMENT_3D('',#3721,#3026,#3027);
#2491=AXIS2_PLACEMENT_3D('',#3723,#3029,#3030);
#2492=AXIS2_PLACEMENT_3D('',#3726,#3033,#3034);
#2493=AXIS2_PLACEMENT_3D('',#3728,#3035,#3036);
#2494=AXIS2_PLACEMENT_3D('',#3732,#3038,#3039);
#2495=AXIS2_PLACEMENT_3D('',#3736,#3041,#3042);
#2496=AXIS2_PLACEMENT_3D('',#3740,#3044,#3045);
#2497=AXIS2_PLACEMENT_3D('',#3744,#3047,#3048);
#2498=AXIS2_PLACEMENT_3D('',#3748,#3050,#3051);
#2499=AXIS2_PLACEMENT_3D('',#3752,#3053,#3054);
#2500=AXIS2_PLACEMENT_3D('',#3756,#3056,#3057);
#2501=AXIS2_PLACEMENT_3D('',#3760,#3059,#3060);
#2502=AXIS2_PLACEMENT_3D('',#3764,#3062,#3063);
#2503=AXIS2_PLACEMENT_3D('',#3768,#3065,#3066);
#2504=AXIS2_PLACEMENT_3D('',#3771,#3068,#3069);
#2505=AXIS2_PLACEMENT_3D('',#3773,#3070,#3071);
#2506=AXIS2_PLACEMENT_3D('',#3775,#3072,#3073);
#2507=AXIS2_PLACEMENT_3D('',#3777,#3074,#3075);
#2508=AXIS2_PLACEMENT_3D('',#3779,#3076,#3077);
#2509=AXIS2_PLACEMENT_3D('',#3780,#3078,#3079);
#2510=AXIS2_PLACEMENT_3D('',#3781,#3080,#3081);
#2511=AXIS2_PLACEMENT_3D('',#3784,#3084,#3085);
#2512=AXIS2_PLACEMENT_3D('',#3786,#3087,#3088);
#2513=AXIS2_PLACEMENT_3D('',#3789,#3091,#3092);
#2514=AXIS2_PLACEMENT_3D('',#3791,#3094,#3095);
#2515=AXIS2_PLACEMENT_3D('',#3793,#3097,#3098);
#2516=AXIS2_PLACEMENT_3D('',#3795,#3100,#3101);
#2517=AXIS2_PLACEMENT_3D('',#3797,#3103,#3104);
#2518=AXIS2_PLACEMENT_3D('',#3799,#3106,#3107);
#2519=AXIS2_PLACEMENT_3D('',#3802,#3110,#3111);
#2520=AXIS2_PLACEMENT_3D('',#3804,#3113,#3114);
#2521=AXIS2_PLACEMENT_3D('',#3807,#3117,#3118);
#2522=AXIS2_PLACEMENT_3D('',#3809,#3120,#3121);
#2523=AXIS2_PLACEMENT_3D('',#3812,#3124,#3125);
#2524=AXIS2_PLACEMENT_3D('',#3814,#3127,#3128);
#2525=AXIS2_PLACEMENT_3D('',#3817,#3131,#3132);
#2526=AXIS2_PLACEMENT_3D('',#3819,#3134,#3135);
#2527=AXIS2_PLACEMENT_3D('',#3821,#3137,#3138);
#2528=AXIS2_PLACEMENT_3D('',#3822,#3139,#3140);
#2529=AXIS2_PLACEMENT_3D('',#3823,#3141,#3142);
#2530=AXIS2_PLACEMENT_3D('',#3825,#3144,#3145);
#2531=AXIS2_PLACEMENT_3D('',#3826,#3146,#3147);
#2532=AXIS2_PLACEMENT_3D('',#3828,#3149,#3150);
#2533=AXIS2_PLACEMENT_3D('',#3829,#3151,#3152);
#2534=AXIS2_PLACEMENT_3D('',#3830,#3153,#3154);
#2535=AXIS2_PLACEMENT_3D('',#3832,#3156,#3157);
#2536=AXIS2_PLACEMENT_3D('',#3833,#3158,#3159);
#2537=AXIS2_PLACEMENT_3D('',#3834,#3160,#3161);
#2538=AXIS2_PLACEMENT_3D('',#3843,#3166,#3167);
#2539=AXIS2_PLACEMENT_3D('',#3847,#3170,#3171);
#2540=AXIS2_PLACEMENT_3D('',#3851,#3174,#3175);
#2541=AXIS2_PLACEMENT_3D('',#3853,#3177,#3178);
#2542=AXIS2_PLACEMENT_3D('',#3862,#3183,#3184);
#2543=AXIS2_PLACEMENT_3D('',#3866,#3187,#3188);
#2544=AXIS2_PLACEMENT_3D('',#3870,#3191,#3192);
#2545=AXIS2_PLACEMENT_3D('',#3872,#3194,#3195);
#2546=AXIS2_PLACEMENT_3D('',#3878,#3199,#3200);
#2547=AXIS2_PLACEMENT_3D('',#3882,#3203,#3204);
#2548=AXIS2_PLACEMENT_3D('',#3886,#3207,#3208);
#2549=AXIS2_PLACEMENT_3D('',#3888,#3210,#3211);
#2550=DIRECTION('axis',(0.,0.,1.));
#2551=DIRECTION('refdir',(1.,0.,0.));
#2552=DIRECTION('center_axis',(-1.71012886906708E-17,-1.,-7.80898465809564E-16));
#2553=DIRECTION('ref_axis',(-1.,1.71012886906708E-17,1.02051063946402E-32));
#2554=DIRECTION('',(1.,-1.71012886906709E-17,4.53522477379557E-17));
#2555=DIRECTION('',(-1.12827543152963E-16,7.80898465809564E-16,-1.));
#2556=DIRECTION('',(-1.,0.,0.));
#2557=DIRECTION('',(0.,-7.80898465809564E-16,1.));
#2558=DIRECTION('center_axis',(1.71012886906708E-17,1.,7.80898465809564E-16));
#2559=DIRECTION('ref_axis',(-1.,0.,0.));
#2560=DIRECTION('',(-1.,1.71012886906708E-17,1.51889955641157E-32));
#2561=DIRECTION('',(0.,-7.80898465809564E-16,1.));
#2562=DIRECTION('center_axis',(1.,0.,0.));
#2563=DIRECTION('ref_axis',(0.,5.96744875736021E-16,-1.));
#2564=DIRECTION('',(0.,1.,8.88178419700125E-16));
#2565=DIRECTION('',(0.,7.80898465809564E-16,-1.));
#2566=DIRECTION('',(0.,1.,8.88178419700125E-16));
#2567=DIRECTION('center_axis',(1.99764447173586E-17,-0.707106781186547,
-0.707106781186548));
#2568=DIRECTION('ref_axis',(-1.,0.,-2.82509590472849E-17));
#2569=DIRECTION('',(7.9781120868078E-17,-0.707106781186548,0.707106781186547));
#2570=DIRECTION('',(0.,0.707106781186548,-0.707106781186547));
#2571=DIRECTION('center_axis',(-1.99764447173586E-17,0.707106781186547,
0.707106781186548));
#2572=DIRECTION('ref_axis',(6.5420519111824E-17,0.707106781186548,-0.707106781186547));
#2573=DIRECTION('',(0.577350269189626,0.577350269189626,-0.577350269189625));
#2574=DIRECTION('',(-1.,1.71012886906709E-17,-4.53522477379557E-17));
#2575=DIRECTION('',(-0.577350269189626,0.577350269189626,-0.577350269189625));
#2576=DIRECTION('center_axis',(-1.99764447173586E-17,0.707106781186547,
0.707106781186548));
#2577=DIRECTION('ref_axis',(0.,0.707106781186548,-0.707106781186547));
#2578=DIRECTION('center_axis',(0.,0.,-1.));
#2579=DIRECTION('ref_axis',(-1.,0.,0.));
#2580=DIRECTION('',(-1.,0.,0.));
#2581=DIRECTION('',(0.,-1.,0.));
#2582=DIRECTION('',(1.,0.,0.));
#2583=DIRECTION('',(0.,1.,0.));
#2584=DIRECTION('',(0.,1.,0.));
#2585=DIRECTION('',(1.,0.,0.));
#2586=DIRECTION('',(0.,-1.,0.));
#2587=DIRECTION('',(-1.,0.,0.));
#2588=DIRECTION('center_axis',(0.,-1.,0.));
#2589=DIRECTION('ref_axis',(-1.,0.,0.));
#2590=DIRECTION('',(0.,0.,-1.));
#2591=DIRECTION('',(-1.,0.,0.));
#2592=DIRECTION('',(0.,0.,-1.));
#2593=DIRECTION('center_axis',(1.,0.,0.));
#2594=DIRECTION('ref_axis',(0.,-1.,0.));
#2595=DIRECTION('',(0.,0.,-1.));
#2596=DIRECTION('',(0.,-1.,0.));
#2597=DIRECTION('center_axis',(0.,1.,0.));
#2598=DIRECTION('ref_axis',(0.,0.,1.));
#2599=DIRECTION('',(-1.12827543152963E-16,0.,-1.));
#2600=DIRECTION('center_axis',(0.,-1.,0.));
#2601=DIRECTION('ref_axis',(-1.,0.,2.38291771139058E-15));
#2602=DIRECTION('',(3.75075346157147E-17,0.,-1.));
#2603=DIRECTION('center_axis',(0.,-1.,0.));
#2604=DIRECTION('ref_axis',(0.923879532511287,0.,-0.38268343236509));
#2605=DIRECTION('',(0.707106781186548,0.,0.707106781186547));
#2606=DIRECTION('center_axis',(0.,1.,0.));
#2607=DIRECTION('ref_axis',(-1.,0.,9.02620345223705E-16));
#2608=DIRECTION('',(-0.707106781186548,0.,-0.707106781186547));
#2609=DIRECTION('center_axis',(0.,-1.,0.));
#2610=DIRECTION('ref_axis',(-0.382683432365089,-6.0084837121965E-16,0.923879532511287));
#2611=DIRECTION('',(-1.,0.,-4.53522477379557E-17));
#2612=DIRECTION('center_axis',(0.,-1.,0.));
#2613=DIRECTION('ref_axis',(0.382683432365091,-6.0084837121965E-16,0.923879532511287));
#2614=DIRECTION('',(-0.707106781186547,4.71122377951635E-32,0.707106781186548));
#2615=DIRECTION('center_axis',(6.66267656436665E-32,1.,-6.26376799251381E-47));
#2616=DIRECTION('ref_axis',(1.,-6.66267656436665E-32,-9.77635414455134E-16));
#2617=DIRECTION('',(0.707106781186547,-4.71122377951635E-32,-0.707106781186548));
#2618=DIRECTION('center_axis',(0.,-1.,0.));
#2619=DIRECTION('ref_axis',(-0.923879532511287,0.,-0.382683432365089));
#2620=DIRECTION('',(0.,6.26376799251381E-47,1.));
#2621=DIRECTION('center_axis',(-6.66267656436665E-32,-1.,6.26376799251381E-47));
#2622=DIRECTION('ref_axis',(0.707106781186548,2.09345661157836E-15,-0.707106781186547));
#2623=DIRECTION('',(0.,0.,1.));
#2624=DIRECTION('center_axis',(0.,-1.,0.));
#2625=DIRECTION('ref_axis',(-1.,0.,9.02620345223705E-16));
#2626=DIRECTION('center_axis',(-6.66267656436665E-32,-1.,6.26376799251381E-47));
#2627=DIRECTION('ref_axis',(1.,-6.66267656436665E-32,-9.77635414455134E-16));
#2628=DIRECTION('center_axis',(-1.,0.,0.));
#2629=DIRECTION('ref_axis',(0.,0.,1.));
#2630=DIRECTION('',(0.,-1.,-8.88178419700125E-16));
#2631=DIRECTION('',(0.,0.,-1.));
#2632=DIRECTION('',(0.,1.,8.32667268468867E-16));
#2633=DIRECTION('center_axis',(0.,1.,0.));
#2634=DIRECTION('ref_axis',(0.,0.,1.));
#2635=DIRECTION('',(0.,1.66566914109167E-32,-1.));
#2636=DIRECTION('center_axis',(0.,1.,0.));
#2637=DIRECTION('ref_axis',(-0.923879532511287,0.,-0.382683432365089));
#2638=DIRECTION('',(-0.707106781186547,4.71122377951635E-32,0.707106781186548));
#2639=DIRECTION('center_axis',(-6.66267656436665E-32,-1.,6.26376799251381E-47));
#2640=DIRECTION('ref_axis',(1.,-6.66267656436665E-32,-9.77635414455134E-16));
#2641=DIRECTION('',(0.707106781186547,-4.71122377951635E-32,-0.707106781186548));
#2642=DIRECTION('center_axis',(0.,1.,0.));
#2643=DIRECTION('ref_axis',(0.382683432365091,-6.0084837121965E-16,0.923879532511287));
#2644=DIRECTION('',(-1.,-5.43116542582623E-34,-3.62817981903646E-17));
#2645=DIRECTION('center_axis',(0.,1.,0.));
#2646=DIRECTION('ref_axis',(-0.382683432365089,-6.0084837121965E-16,0.923879532511287));
#2647=DIRECTION('',(-0.707106781186548,0.,-0.707106781186547));
#2648=DIRECTION('center_axis',(0.,1.,0.));
#2649=DIRECTION('ref_axis',(-1.,0.,9.02620345223705E-16));
#2650=DIRECTION('',(0.707106781186548,0.,0.707106781186547));
#2651=DIRECTION('center_axis',(0.,1.,0.));
#2652=DIRECTION('ref_axis',(0.923879532511287,0.,-0.38268343236509));
#2653=DIRECTION('',(0.,5.61465074426631E-34,1.));
#2654=DIRECTION('center_axis',(0.,1.,0.));
#2655=DIRECTION('ref_axis',(0.923879532511287,0.,0.38268343236509));
#2656=DIRECTION('',(0.707106781186548,0.,-0.707106781186548));
#2657=DIRECTION('center_axis',(0.,-1.,0.));
#2658=DIRECTION('ref_axis',(-1.,0.,0.));
#2659=DIRECTION('',(-0.707106781186548,0.,0.707106781186548));
#2660=DIRECTION('center_axis',(0.,1.,0.));
#2661=DIRECTION('ref_axis',(-0.38268343236509,5.34087441084134E-16,-0.923879532511287));
#2662=DIRECTION('',(1.,-1.61123550902985E-32,0.));
#2663=DIRECTION('center_axis',(0.,1.,0.));
#2664=DIRECTION('ref_axis',(0.38268343236509,5.34087441084134E-16,-0.923879532511287));
#2665=DIRECTION('',(0.707106781186548,-4.71122377951635E-32,0.707106781186548));
#2666=DIRECTION('center_axis',(6.66267656436665E-32,1.,2.49900571871294E-48));
#2667=DIRECTION('ref_axis',(1.,-6.66267656436665E-32,7.50150692314295E-17));
#2668=DIRECTION('',(-0.707106781186548,4.71122377951635E-32,-0.707106781186548));
#2669=DIRECTION('center_axis',(0.,1.,0.));
#2670=DIRECTION('ref_axis',(-0.923879532511287,0.,0.38268343236509));
#2671=DIRECTION('',(0.,0.,1.));
#2672=DIRECTION('',(-1.,0.,0.));
#2673=DIRECTION('center_axis',(0.,1.,0.));
#2674=DIRECTION('ref_axis',(-1.,0.,0.));
#2675=DIRECTION('center_axis',(-6.66267656436665E-32,-1.,-2.49900571871294E-48));
#2676=DIRECTION('ref_axis',(1.,-6.66267656436665E-32,7.50150692314295E-17));
#2677=DIRECTION('center_axis',(0.,-1.,0.));
#2678=DIRECTION('ref_axis',(-1.,0.,9.02620345223705E-16));
#2679=DIRECTION('center_axis',(6.66267656436665E-32,1.,-6.26376799251381E-47));
#2680=DIRECTION('ref_axis',(1.,-6.66267656436665E-32,-9.77635414455134E-16));
#2681=DIRECTION('center_axis',(0.,1.,8.88178419700125E-16));
#2682=DIRECTION('ref_axis',(-0.707106781186548,0.,-0.707106781186548));
#2683=DIRECTION('center_axis',(0.707106781186547,0.707106781186548,5.78700432664475E-16));
#2684=DIRECTION('ref_axis',(-0.707106781186548,0.707106781186547,8.50466748453712E-16));
#2685=DIRECTION('',(0.,1.,0.));
#2686=DIRECTION('center_axis',(1.,0.,0.));
#2687=DIRECTION('ref_axis',(0.,0.,-1.));
#2688=DIRECTION('',(0.,1.,8.88178419700125E-16));
#2689=DIRECTION('',(0.,-1.,0.));
#2690=DIRECTION('center_axis',(0.,1.,8.88178419700125E-16));
#2691=DIRECTION('ref_axis',(0.707106781186548,2.09345661157836E-15,-0.707106781186547));
#2692=DIRECTION('',(0.,-1.,-8.88178419700125E-16));
#2693=DIRECTION('center_axis',(-0.707106781186548,0.707106781186548,5.52178600592114E-16));
#2694=DIRECTION('ref_axis',(0.707106781186548,0.707106781186548,8.50466748453711E-16));
#2695=DIRECTION('center_axis',(-1.71012886906708E-17,-1.,-7.80898465809564E-16));
#2696=DIRECTION('ref_axis',(-1.,1.71012886906708E-17,1.02051063946402E-32));
#2697=DIRECTION('',(0.,7.80898465809564E-16,-1.));
#2698=DIRECTION('',(1.,-1.71012886906708E-17,-6.21713956991281E-32));
#2699=DIRECTION('',(-3.75075346157147E-17,-7.80898465809564E-16,1.));
#2700=DIRECTION('center_axis',(-1.71012886906708E-17,-1.,-7.80898465809564E-16));
#2701=DIRECTION('ref_axis',(-1.,0.,0.));
#2702=DIRECTION('',(1.,-1.71012886906708E-17,-1.51889955641157E-32));
#2703=DIRECTION('center_axis',(0.,-8.88178419700125E-16,1.));
#2704=DIRECTION('ref_axis',(1.,0.,0.));
#2705=DIRECTION('',(0.,1.,8.88178419700125E-16));
#2706=DIRECTION('center_axis',(0.,1.,6.66267656436666E-32));
#2707=DIRECTION('ref_axis',(-0.923879532511287,0.,-0.382683432365089));
#2708=DIRECTION('',(0.,1.,6.66267656436666E-32));
#2709=DIRECTION('',(0.,-1.,-6.66267656436666E-32));
#2710=DIRECTION('center_axis',(0.707106781186548,-4.71122377951635E-32,
0.707106781186547));
#2711=DIRECTION('ref_axis',(-0.707106781186547,4.71122377951635E-32,0.707106781186548));
#2712=DIRECTION('',(-6.66267656436665E-32,-1.,6.26376799251381E-47));
#2713=DIRECTION('center_axis',(-3.33133828218333E-32,-1.,-3.33133828218332E-32));
#2714=DIRECTION('ref_axis',(0.923879532511287,0.,-0.38268343236509));
#2715=DIRECTION('',(3.33133828218333E-32,1.,3.33133828218332E-32));
#2716=DIRECTION('',(-3.33133828218333E-32,-1.,-3.33133828218332E-32));
#2717=DIRECTION('center_axis',(-1.,3.33133828218333E-32,-3.75075346157147E-17));
#2718=DIRECTION('ref_axis',(-3.75075346157147E-17,-7.80898465809564E-16,
1.));
#2719=DIRECTION('',(3.75075346157147E-17,7.80898465809564E-16,-1.));
#2720=DIRECTION('',(0.,-1.,-8.88178419700125E-16));
#2721=DIRECTION('',(3.75075346157147E-17,0.,-1.));
#2722=DIRECTION('',(-3.33133828218333E-32,-1.,3.33133828218333E-32));
#2723=DIRECTION('center_axis',(8.88178419700124E-16,-1.,-8.88178419700125E-16));
#2724=DIRECTION('ref_axis',(0.382683432365091,-6.0084837121965E-16,0.923879532511287));
#2725=DIRECTION('',(8.88178419700123E-16,-1.,-8.88178419700125E-16));
#2726=DIRECTION('',(-8.88178419700123E-16,1.,8.88178419700125E-16));
#2727=DIRECTION('center_axis',(-0.707106781186548,4.71122377951635E-32,
-0.707106781186547));
#2728=DIRECTION('ref_axis',(0.707106781186547,-4.71122377951635E-32,-0.707106781186548));
#2729=DIRECTION('',(-6.66267656436665E-32,-1.,6.26376799251381E-47));
#2730=DIRECTION('center_axis',(8.88178419700127E-16,1.,8.88178419700125E-16));
#2731=DIRECTION('ref_axis',(-0.382683432365089,-6.0084837121965E-16,0.923879532511287));
#2732=DIRECTION('',(8.88178419700127E-16,1.,8.88178419700125E-16));
#2733=DIRECTION('',(-8.88178419700127E-16,-1.,-8.88178419700125E-16));
#2734=DIRECTION('center_axis',(-0.707106781186547,0.,0.707106781186548));
#2735=DIRECTION('ref_axis',(-0.707106781186548,0.,-0.707106781186547));
#2736=DIRECTION('',(0.,-1.,0.));
#2737=DIRECTION('center_axis',(-6.66267656436665E-32,-1.,6.26376799251381E-47));
#2738=DIRECTION('ref_axis',(1.,-6.66267656436665E-32,-9.77635414455134E-16));
#2739=DIRECTION('center_axis',(3.33133828218333E-32,1.,-3.33133828218333E-32));
#2740=DIRECTION('ref_axis',(0.923879532511287,0.,0.38268343236509));
#2741=DIRECTION('center_axis',(0.,-1.,0.));
#2742=DIRECTION('ref_axis',(0.923879532511287,0.,0.38268343236509));
#2743=DIRECTION('',(3.33133828218333E-32,1.,-3.33133828218333E-32));
#2744=DIRECTION('center_axis',(-0.707106781186548,0.,-0.707106781186548));
#2745=DIRECTION('ref_axis',(0.707106781186548,0.,-0.707106781186548));
#2746=DIRECTION('',(0.707106781186548,0.,-0.707106781186548));
#2747=DIRECTION('',(0.,-1.,0.));
#2748=DIRECTION('center_axis',(0.,-1.,6.66267656436665E-32));
#2749=DIRECTION('ref_axis',(-0.923879532511287,0.,0.38268343236509));
#2750=DIRECTION('center_axis',(-6.66267656436665E-32,-1.,-2.49900571871294E-48));
#2751=DIRECTION('ref_axis',(-0.923879532511287,0.,0.38268343236509));
#2752=DIRECTION('',(0.,1.,-6.66267656436665E-32));
#2753=DIRECTION('',(0.,-1.,6.66267656436665E-32));
#2754=DIRECTION('center_axis',(1.,0.,0.));
#2755=DIRECTION('ref_axis',(0.,5.96561733477156E-16,-1.));
#2756=DIRECTION('',(0.,-2.49900571871294E-48,1.));
#2757=DIRECTION('',(0.,1.,8.88178419700125E-16));
#2758=DIRECTION('',(0.,-7.80898465809564E-16,1.));
#2759=DIRECTION('center_axis',(8.88178419700125E-16,1.,8.88178419700125E-16));
#2760=DIRECTION('ref_axis',(0.38268343236509,5.34087441084134E-16,-0.923879532511287));
#2761=DIRECTION('center_axis',(-6.66267656436665E-32,-1.,-2.49900571871294E-48));
#2762=DIRECTION('ref_axis',(0.38268343236509,5.34087441084134E-16,-0.923879532511287));
#2763=DIRECTION('',(8.88178419700125E-16,1.,8.88178419700125E-16));
#2764=DIRECTION('',(-8.88178419700125E-16,-1.,-8.88178419700125E-16));
#2765=DIRECTION('center_axis',(0.707106781186548,-4.71122377951635E-32,
-0.707106781186548));
#2766=DIRECTION('ref_axis',(0.707106781186548,-4.71122377951635E-32,0.707106781186548));
#2767=DIRECTION('',(0.707106781186548,-4.71122377951635E-32,0.707106781186548));
#2768=DIRECTION('',(-6.66267656436665E-32,-1.,-2.49900571871294E-48));
#2769=DIRECTION('center_axis',(8.88178419700125E-16,-1.,-8.88178419700125E-16));
#2770=DIRECTION('ref_axis',(-0.38268343236509,5.34087441084134E-16,-0.923879532511287));
#2771=DIRECTION('center_axis',(0.,-1.,0.));
#2772=DIRECTION('ref_axis',(-0.38268343236509,5.34087441084134E-16,-0.923879532511287));
#2773=DIRECTION('',(-8.88178419700125E-16,1.,8.88178419700125E-16));
#2774=DIRECTION('',(8.88178419700125E-16,-1.,-8.88178419700125E-16));
#2775=DIRECTION('center_axis',(4.69824001350124E-32,-8.88178419700125E-16,
1.));
#2776=DIRECTION('ref_axis',(1.,1.61211367421724E-16,9.6202057419311E-32));
#2777=DIRECTION('',(-1.,0.,4.69824001350124E-32));
#2778=DIRECTION('',(0.,1.,8.88178419700125E-16));
#2779=DIRECTION('',(-1.,1.71012886906708E-17,6.21713956991281E-32));
#2780=DIRECTION('',(0.,-1.,-8.88178419700125E-16));
#2781=DIRECTION('',(-1.,6.66267656436665E-32,4.69824001350125E-32));
#2782=DIRECTION('center_axis',(-6.66267656436665E-32,-1.,6.26376799251381E-47));
#2783=DIRECTION('ref_axis',(1.,-6.66267656436665E-32,-9.77635414455134E-16));
#2784=DIRECTION('',(6.66267656436665E-32,1.,-6.26376799251381E-47));
#2785=DIRECTION('center_axis',(0.,1.,0.));
#2786=DIRECTION('ref_axis',(-1.,0.,9.02620345223705E-16));
#2787=DIRECTION('',(0.,1.,0.));
#2788=DIRECTION('center_axis',(0.707106781186547,0.,-0.707106781186548));
#2789=DIRECTION('ref_axis',(0.707106781186548,0.,0.707106781186547));
#2790=DIRECTION('',(0.,-1.,0.));
#2791=DIRECTION('center_axis',(0.,1.,0.));
#2792=DIRECTION('ref_axis',(-1.,0.,9.02620345223705E-16));
#2793=DIRECTION('center_axis',(4.53522477379557E-17,8.88178419700125E-16,
-1.));
#2794=DIRECTION('ref_axis',(-1.,1.71012886906709E-17,-4.53522477379557E-17));
#2795=DIRECTION('center_axis',(6.66267656436665E-32,1.,2.49900571871294E-48));
#2796=DIRECTION('ref_axis',(1.,-6.66267656436665E-32,7.50150692314295E-17));
#2797=DIRECTION('center_axis',(-6.66267656436665E-32,-1.,-2.49900571871294E-48));
#2798=DIRECTION('ref_axis',(1.,-6.66267656436665E-32,7.50150692314295E-17));
#2799=DIRECTION('',(6.66267656436665E-32,1.,2.49900571871294E-48));
#2800=DIRECTION('center_axis',(-0.707106781186548,4.71122377951635E-32,
0.707106781186548));
#2801=DIRECTION('ref_axis',(-0.707106781186548,4.71122377951635E-32,-0.707106781186548));
#2802=DIRECTION('',(-6.66267656436665E-32,-1.,-2.49900571871294E-48));
#2803=DIRECTION('',(-0.707106781186548,4.71122377951635E-32,-0.707106781186548));
#2804=DIRECTION('center_axis',(6.66267656436665E-32,1.,2.49900571871294E-48));
#2805=DIRECTION('ref_axis',(1.,-6.66267656436665E-32,7.50150692314295E-17));
#2806=DIRECTION('center_axis',(6.66267656436665E-32,1.,2.49900571871294E-48));
#2807=DIRECTION('ref_axis',(1.,-6.66267656436665E-32,7.50150692314295E-17));
#2808=DIRECTION('center_axis',(-6.66267656436665E-32,-1.,-2.49900571871294E-48));
#2809=DIRECTION('ref_axis',(1.,-6.66267656436665E-32,7.50150692314295E-17));
#2810=DIRECTION('center_axis',(-6.66267656436665E-32,-1.,-2.49900571871294E-48));
#2811=DIRECTION('ref_axis',(0.707106781186549,0.,0.707106781186546));
#2812=DIRECTION('center_axis',(0.,1.,8.88178419700125E-16));
#2813=DIRECTION('ref_axis',(0.707106781186549,0.,0.707106781186546));
#2814=DIRECTION('center_axis',(1.20924372002021E-17,0.707106781186548,-0.707106781186548));
#2815=DIRECTION('ref_axis',(6.54205191118239E-17,0.707106781186548,0.707106781186548));
#2816=DIRECTION('center_axis',(-0.707106781186548,0.707106781186548,5.52178600592114E-16));
#2817=DIRECTION('ref_axis',(0.707106781186548,0.707106781186548,8.50466748453711E-16));
#2818=DIRECTION('center_axis',(0.707106781186548,0.,0.707106781186548));
#2819=DIRECTION('ref_axis',(-0.707106781186548,0.,0.707106781186548));
#2820=DIRECTION('',(0.,-1.,0.));
#2821=DIRECTION('',(-0.707106781186548,0.,0.707106781186548));
#2822=DIRECTION('center_axis',(0.,-1.,0.));
#2823=DIRECTION('ref_axis',(-1.,0.,0.));
#2824=DIRECTION('center_axis',(0.,1.,0.));
#2825=DIRECTION('ref_axis',(-1.,0.,0.));
#2826=DIRECTION('',(0.,1.,0.));
#2827=DIRECTION('center_axis',(0.,-1.,0.));
#2828=DIRECTION('ref_axis',(-1.,0.,0.));
#2829=DIRECTION('center_axis',(0.,-1.,0.));
#2830=DIRECTION('ref_axis',(-1.,0.,0.));
#2831=DIRECTION('center_axis',(0.,1.,0.));
#2832=DIRECTION('ref_axis',(-1.,0.,0.));
#2833=DIRECTION('center_axis',(0.,-1.,0.));
#2834=DIRECTION('ref_axis',(-0.707106781186548,-2.09345661157837E-15,0.707106781186547));
#2835=DIRECTION('center_axis',(0.,1.,8.88178419700125E-16));
#2836=DIRECTION('ref_axis',(-0.707106781186548,-2.09345661157837E-15,0.707106781186547));
#2837=DIRECTION('center_axis',(0.707106781186547,0.707106781186548,5.78700432664475E-16));
#2838=DIRECTION('ref_axis',(-0.707106781186548,0.707106781186547,7.19625710230064E-16));
#2839=DIRECTION('center_axis',(1.20924372002021E-17,0.707106781186548,-0.707106781186548));
#2840=DIRECTION('ref_axis',(6.54205191118239E-17,0.707106781186547,0.707106781186547));
#2841=DIRECTION('center_axis',(0.,1.,0.));
#2842=DIRECTION('ref_axis',(1.,0.,0.));
#2843=DIRECTION('',(0.,0.,-1.));
#2844=DIRECTION('',(1.,0.,0.));
#2845=DIRECTION('center_axis',(-1.,0.,0.));
#2846=DIRECTION('ref_axis',(0.,1.,0.));
#2847=DIRECTION('',(0.,1.,0.));
#2848=DIRECTION('center_axis',(0.,0.,-1.));
#2849=DIRECTION('ref_axis',(-1.,0.,0.));
#2850=DIRECTION('center_axis',(1.,0.,0.));
#2851=DIRECTION('ref_axis',(0.,1.,0.));
#2852=DIRECTION('',(0.,1.,0.));
#2853=DIRECTION('',(0.,0.,1.));
#2854=DIRECTION('',(0.,1.,0.));
#2855=DIRECTION('',(0.,0.,1.));
#2856=DIRECTION('center_axis',(0.,-1.,0.));
#2857=DIRECTION('ref_axis',(1.,0.,0.));
#2858=DIRECTION('',(1.,0.,0.));
#2859=DIRECTION('',(0.,0.,1.));
#2860=DIRECTION('',(1.,0.,0.));
#2861=DIRECTION('center_axis',(-1.,0.,0.));
#2862=DIRECTION('ref_axis',(0.,-1.,0.));
#2863=DIRECTION('',(0.,-1.,0.));
#2864=DIRECTION('',(0.,0.,1.));
#2865=DIRECTION('',(0.,-1.,0.));
#2866=DIRECTION('center_axis',(0.,1.,0.));
#2867=DIRECTION('ref_axis',(-1.,0.,0.));
#2868=DIRECTION('',(-1.,0.,0.));
#2869=DIRECTION('',(-1.,0.,0.));
#2870=DIRECTION('center_axis',(0.,0.,1.));
#2871=DIRECTION('ref_axis',(1.,0.,0.));
#2872=DIRECTION('center_axis',(0.707106781186548,-0.707106781186548,-5.52178600592114E-16));
#2873=DIRECTION('ref_axis',(-7.80898465809564E-16,0.,-1.));
#2874=DIRECTION('',(0.577350269189626,0.577350269189626,0.577350269189626));
#2875=DIRECTION('center_axis',(-0.707106781186547,-0.707106781186548,-5.78700432664475E-16));
#2876=DIRECTION('ref_axis',(-8.18406000425279E-16,0.,1.));
#2877=DIRECTION('',(-0.577350269189626,0.577350269189625,0.577350269189626));
#2878=DIRECTION('center_axis',(-1.20924372002021E-17,-0.707106781186548,
0.707106781186548));
#2879=DIRECTION('ref_axis',(1.,0.,1.71012886906708E-17));
#2880=DIRECTION('center_axis',(0.,0.,-1.));
#2881=DIRECTION('ref_axis',(-1.,0.,0.));
#2882=DIRECTION('center_axis',(0.,1.,8.88178419700125E-16));
#2883=DIRECTION('ref_axis',(0.938159042068337,-3.0749143749164E-16,0.346204580826742));
#2884=DIRECTION('center_axis',(-0.707106781186548,0.,-0.707106781186547));
#2885=DIRECTION('ref_axis',(-0.707106781186547,0.,0.707106781186548));
#2886=DIRECTION('',(-0.577350269189625,0.577350269189627,0.577350269189626));
#2887=DIRECTION('',(0.,1.,0.));
#2888=DIRECTION('',(0.577350269189626,0.577350269189625,-0.577350269189627));
#2889=DIRECTION('',(0.577350269189625,-0.577350269189627,-0.577350269189626));
#2890=DIRECTION('',(0.,-1.,0.));
#2891=DIRECTION('',(-0.577350269189625,-0.577350269189627,0.577350269189626));
#2892=DIRECTION('center_axis',(-3.48909435263062E-16,-0.707106781186547,
-0.707106781186548));
#2893=DIRECTION('ref_axis',(-1.,0.,4.93432455388958E-16));
#2894=DIRECTION('',(1.,0.,-4.93432455388958E-16));
#2895=DIRECTION('',(-0.577350269189626,0.577350269189627,-0.577350269189625));
#2896=DIRECTION('',(-0.577350269189626,-0.577350269189626,0.577350269189625));
#2897=DIRECTION('',(-1.,0.,4.93432455388958E-16));
#2898=DIRECTION('',(-0.577350269189626,0.577350269189627,-0.577350269189625));
#2899=DIRECTION('center_axis',(4.93432455388958E-16,0.,1.));
#2900=DIRECTION('ref_axis',(1.,0.,-4.93432455388958E-16));
#2901=DIRECTION('',(-1.,0.,4.93432455388958E-16));
#2902=DIRECTION('',(6.66267656436665E-32,1.,-3.28758085661791E-47));
#2903=DIRECTION('center_axis',(-3.48909435263062E-16,0.707106781186547,
-0.707106781186548));
#2904=DIRECTION('ref_axis',(-1.,0.,4.93432455388958E-16));
#2905=DIRECTION('',(0.577350269189628,0.577350269189626,0.577350269189624));
#2906=DIRECTION('',(1.,0.,-4.93432455388958E-16));
#2907=DIRECTION('',(0.577350269189627,-0.577350269189626,-0.577350269189625));
#2908=DIRECTION('',(0.577350269189626,0.577350269189627,0.577350269189625));
#2909=DIRECTION('center_axis',(0.707106781186547,-4.71122377951635E-32,
-0.707106781186548));
#2910=DIRECTION('ref_axis',(-0.707106781186548,0.,-0.707106781186547));
#2911=DIRECTION('',(0.577350269189627,-0.577350269189625,0.577350269189626));
#2912=DIRECTION('',(-6.66267656436665E-32,-1.,3.28758085661791E-47));
#2913=DIRECTION('',(-0.577350269189626,-0.577350269189626,-0.577350269189625));
#2914=DIRECTION('center_axis',(0.707106781186547,0.707106781186548,-3.14018491736755E-16));
#2915=DIRECTION('ref_axis',(-4.44089209850063E-16,0.,-1.));
#2916=DIRECTION('',(4.44089209850063E-16,0.,1.));
#2917=DIRECTION('',(-0.707106781186549,0.707106781186546,3.92523114670943E-16));
#2918=DIRECTION('',(-4.44089209850063E-16,0.,-1.));
#2919=DIRECTION('center_axis',(0.,1.,0.));
#2920=DIRECTION('ref_axis',(0.,0.,1.));
#2921=DIRECTION('',(-4.44089209850063E-16,0.,-1.));
#2922=DIRECTION('',(-1.,0.,0.));
#2923=DIRECTION('center_axis',(0.707106781186548,-0.707106781186548,-3.14018491736755E-16));
#2924=DIRECTION('ref_axis',(-4.44089209850063E-16,0.,-1.));
#2925=DIRECTION('',(4.44089209850063E-16,0.,1.));
#2926=DIRECTION('center_axis',(-0.707106781186548,0.707106781186548,3.14018491736755E-16));
#2927=DIRECTION('ref_axis',(0.707106781186548,0.707106781186547,-3.43457725337076E-16));
#2928=DIRECTION('',(-4.44089209850063E-16,0.,-1.));
#2929=DIRECTION('center_axis',(-0.707106781186546,0.707106781186549,3.14018491736755E-16));
#2930=DIRECTION('ref_axis',(4.44089209850063E-16,0.,1.));
#2931=DIRECTION('',(4.44089209850063E-16,0.,1.));
#2932=DIRECTION('',(0.707106781186549,0.707106781186546,-3.92523114670943E-16));
#2933=DIRECTION('center_axis',(-1.,0.,4.44089209850063E-16));
#2934=DIRECTION('ref_axis',(0.,1.,0.));
#2935=DIRECTION('',(-4.44089209850063E-16,0.,-1.));
#2936=DIRECTION('',(0.,-1.,0.));
#2937=DIRECTION('',(-4.44089209850063E-16,0.,-1.));
#2938=DIRECTION('center_axis',(-1.,0.,4.44089209850063E-16));
#2939=DIRECTION('ref_axis',(0.,-1.,0.));
#2940=DIRECTION('center_axis',(1.,0.,-4.44089209850063E-16));
#2941=DIRECTION('ref_axis',(3.14018491736755E-16,0.707106781186548,0.707106781186548));
#2942=DIRECTION('center_axis',(1.,0.,-4.44089209850063E-16));
#2943=DIRECTION('ref_axis',(0.,1.,0.));
#2944=DIRECTION('center_axis',(-0.707106781186548,-0.707106781186547,3.14018491736755E-16));
#2945=DIRECTION('ref_axis',(4.44089209850063E-16,0.,1.));
#2946=DIRECTION('',(4.44089209850063E-16,0.,1.));
#2947=DIRECTION('center_axis',(0.707106781186548,0.707106781186547,-3.14018491736755E-16));
#2948=DIRECTION('ref_axis',(-0.707106781186547,0.707106781186548,2.94392336003208E-16));
#2949=DIRECTION('center_axis',(1.,-6.66267656436665E-32,-4.44089209850063E-16));
#2950=DIRECTION('ref_axis',(-6.66267656436665E-32,-1.,3.00693371032126E-47));
#2951=DIRECTION('center_axis',(-1.,6.66267656436665E-32,4.44089209850063E-16));
#2952=DIRECTION('ref_axis',(3.14018491736755E-16,0.707106781186547,0.707106781186547));
#2953=DIRECTION('center_axis',(1.,-6.66267656436665E-32,-4.44089209850063E-16));
#2954=DIRECTION('ref_axis',(-6.66267656436665E-32,-1.,2.95882277095612E-47));
#2955=DIRECTION('',(4.44089209850063E-16,0.,1.));
#2956=DIRECTION('',(6.66267656436665E-32,1.,-3.00693371032126E-47));
#2957=DIRECTION('center_axis',(-1.,6.66267656436665E-32,4.44089209850063E-16));
#2958=DIRECTION('ref_axis',(0.,1.,0.));
#2959=DIRECTION('center_axis',(0.,1.,0.));
#2960=DIRECTION('ref_axis',(-1.,0.,0.));
#2961=DIRECTION('center_axis',(0.,-1.,0.));
#2962=DIRECTION('ref_axis',(0.382683432365091,0.,0.923879532511287));
#2963=DIRECTION('',(0.707106781186547,-4.71122377951635E-32,-0.707106781186548));
#2964=DIRECTION('center_axis',(-6.66267656436665E-32,-1.,6.26376799251381E-47));
#2965=DIRECTION('ref_axis',(1.,-6.66267656436665E-32,-9.77635414455134E-16));
#2966=DIRECTION('',(-0.707106781186547,4.71122377951635E-32,0.707106781186548));
#2967=DIRECTION('center_axis',(0.,-1.,0.));
#2968=DIRECTION('ref_axis',(-0.923879532511287,0.,-0.38268343236509));
#2969=DIRECTION('',(3.76346788008528E-16,0.,-1.));
#2970=DIRECTION('center_axis',(0.,-1.,0.));
#2971=DIRECTION('ref_axis',(-0.923879532511287,0.,0.38268343236509));
#2972=DIRECTION('',(-0.707106781186548,4.71122377951635E-32,-0.707106781186548));
#2973=DIRECTION('center_axis',(6.66267656436665E-32,1.,2.49900571871294E-48));
#2974=DIRECTION('ref_axis',(1.,-6.66267656436665E-32,7.50150692314295E-17));
#2975=DIRECTION('',(0.707106781186548,-4.71122377951635E-32,0.707106781186548));
#2976=DIRECTION('center_axis',(0.,-1.,0.));
#2977=DIRECTION('ref_axis',(0.38268343236509,0.,-0.923879532511287));
#2978=DIRECTION('',(1.,0.,1.80524069044741E-16));
#2979=DIRECTION('center_axis',(0.,-1.,0.));
#2980=DIRECTION('ref_axis',(-0.38268343236509,0.,-0.923879532511287));
#2981=DIRECTION('',(-0.707106781186548,0.,0.707106781186548));
#2982=DIRECTION('center_axis',(0.,-1.,0.));
#2983=DIRECTION('ref_axis',(-1.,0.,0.));
#2984=DIRECTION('',(0.707106781186548,0.,-0.707106781186548));
#2985=DIRECTION('center_axis',(0.,-1.,0.));
#2986=DIRECTION('ref_axis',(0.923879532511287,0.,0.38268343236509));
#2987=DIRECTION('',(0.,0.,1.));
#2988=DIRECTION('center_axis',(0.,-1.,0.));
#2989=DIRECTION('ref_axis',(0.923879532511287,0.,-0.38268343236509));
#2990=DIRECTION('',(0.707106781186548,0.,0.707106781186547));
#2991=DIRECTION('center_axis',(0.,1.,0.));
#2992=DIRECTION('ref_axis',(-1.,0.,9.02620345223705E-16));
#2993=DIRECTION('',(-0.707106781186548,0.,-0.707106781186547));
#2994=DIRECTION('center_axis',(0.,-1.,0.));
#2995=DIRECTION('ref_axis',(-0.382683432365089,0.,0.923879532511287));
#2996=DIRECTION('center_axis',(6.66267656436665E-32,1.,-6.26376799251381E-47));
#2997=DIRECTION('ref_axis',(1.,-6.66267656436665E-32,-9.77635414455134E-16));
#2998=DIRECTION('center_axis',(0.,-1.,0.));
#2999=DIRECTION('ref_axis',(-1.,0.,9.02620345223705E-16));
#3000=DIRECTION('center_axis',(-6.66267656436665E-32,-1.,-2.49900571871294E-48));
#3001=DIRECTION('ref_axis',(1.,-6.66267656436665E-32,7.50150692314295E-17));
#3002=DIRECTION('center_axis',(0.,1.,0.));
#3003=DIRECTION('ref_axis',(-1.,0.,0.));
#3004=DIRECTION('',(-1.83507937954571E-16,0.,-1.));
#3005=DIRECTION('',(-1.,0.,1.63910879619856E-17));
#3006=DIRECTION('',(9.17539689772856E-17,0.,1.));
#3007=DIRECTION('',(1.,0.,0.));
#3008=DIRECTION('center_axis',(1.,0.,-5.55111512312581E-16));
#3009=DIRECTION('ref_axis',(1.04672830578918E-16,0.707106781186548,0.707106781186548));
#3010=DIRECTION('',(0.707106781186546,0.176776695296637,0.684653196881459));
#3011=DIRECTION('center_axis',(-1.,0.,4.44089209850063E-16));
#3012=DIRECTION('ref_axis',(0.,0.707106781186548,0.707106781186548));
#3013=DIRECTION('center_axis',(-1.,0.,0.));
#3014=DIRECTION('ref_axis',(0.,-1.,0.));
#3015=DIRECTION('center_axis',(1.,0.,-4.44089209850063E-16));
#3016=DIRECTION('ref_axis',(0.,-1.,0.));
#3017=DIRECTION('center_axis',(1.,0.,0.));
#3018=DIRECTION('ref_axis',(-3.99760593861999E-32,-1.,1.77529366257367E-47));
#3019=DIRECTION('',(-0.70710678118655,0.176776695296636,0.684653196881455));
#3020=DIRECTION('center_axis',(-1.,6.66267656436665E-32,4.44089209850063E-16));
#3021=DIRECTION('ref_axis',(0.,-1.,0.));
#3022=DIRECTION('center_axis',(-1.,0.,5.55111512312576E-16));
#3023=DIRECTION('ref_axis',(1.04672830578918E-16,0.707106781186548,0.707106781186548));
#3024=DIRECTION('center_axis',(1.,-6.66267656436665E-32,-4.44089209850063E-16));
#3025=DIRECTION('ref_axis',(0.,0.707106781186548,0.707106781186548));
#3026=DIRECTION('center_axis',(-1.,0.,0.));
#3027=DIRECTION('ref_axis',(0.,1.,0.));
#3028=DIRECTION('',(-1.,0.,0.));
#3029=DIRECTION('center_axis',(1.,0.,0.));
#3030=DIRECTION('ref_axis',(0.,1.,0.));
#3031=DIRECTION('',(1.,0.,0.));
#3032=DIRECTION('',(-1.,0.,0.));
#3033=DIRECTION('center_axis',(0.,1.,0.));
#3034=DIRECTION('ref_axis',(-1.,0.,0.));
#3035=DIRECTION('center_axis',(0.,1.,0.));
#3036=DIRECTION('ref_axis',(-0.382683432365089,0.,0.923879532511287));
#3037=DIRECTION('',(0.707106781186548,0.,0.707106781186547));
#3038=DIRECTION('center_axis',(0.,-1.,0.));
#3039=DIRECTION('ref_axis',(-1.,0.,9.02620345223705E-16));
#3040=DIRECTION('',(0.707106781186548,0.,0.707106781186547));
#3041=DIRECTION('center_axis',(0.,1.,0.));
#3042=DIRECTION('ref_axis',(0.923879532511287,0.,-0.38268343236509));
#3043=DIRECTION('',(0.,0.,1.));
#3044=DIRECTION('center_axis',(0.,1.,0.));
#3045=DIRECTION('ref_axis',(0.923879532511287,0.,0.38268343236509));
#3046=DIRECTION('',(0.707106781186548,0.,-0.707106781186548));
#3047=DIRECTION('center_axis',(0.,1.,0.));
#3048=DIRECTION('ref_axis',(-1.,0.,0.));
#3049=DIRECTION('',(0.707106781186548,0.,-0.707106781186548));
#3050=DIRECTION('center_axis',(0.,1.,0.));
#3051=DIRECTION('ref_axis',(-0.38268343236509,0.,-0.923879532511287));
#3052=DIRECTION('',(1.,0.,1.80524069044741E-16));
#3053=DIRECTION('center_axis',(0.,1.,0.));
#3054=DIRECTION('ref_axis',(0.38268343236509,0.,-0.923879532511287));
#3055=DIRECTION('',(-0.707106781186548,4.71122377951635E-32,-0.707106781186548));
#3056=DIRECTION('center_axis',(-6.66267656436665E-32,-1.,-2.49900571871294E-48));
#3057=DIRECTION('ref_axis',(1.,-6.66267656436665E-32,7.50150692314295E-17));
#3058=DIRECTION('',(-0.707106781186548,4.71122377951635E-32,-0.707106781186548));
#3059=DIRECTION('center_axis',(0.,1.,0.));
#3060=DIRECTION('ref_axis',(-0.923879532511287,0.,0.38268343236509));
#3061=DIRECTION('',(3.76346788008528E-16,0.,-1.));
#3062=DIRECTION('center_axis',(0.,1.,0.));
#3063=DIRECTION('ref_axis',(-0.923879532511287,0.,-0.38268343236509));
#3064=DIRECTION('',(-0.707106781186547,4.71122377951635E-32,0.707106781186548));
#3065=DIRECTION('center_axis',(6.66267656436665E-32,1.,-6.26376799251381E-47));
#3066=DIRECTION('ref_axis',(1.,-6.66267656436665E-32,-9.77635414455134E-16));
#3067=DIRECTION('',(-0.707106781186547,4.71122377951635E-32,0.707106781186548));
#3068=DIRECTION('center_axis',(0.,1.,0.));
#3069=DIRECTION('ref_axis',(0.382683432365091,0.,0.923879532511287));
#3070=DIRECTION('center_axis',(0.,-1.,0.));
#3071=DIRECTION('ref_axis',(-1.,0.,0.));
#3072=DIRECTION('center_axis',(6.66267656436665E-32,1.,2.49900571871294E-48));
#3073=DIRECTION('ref_axis',(1.,-6.66267656436665E-32,7.50150692314295E-17));
#3074=DIRECTION('center_axis',(0.,1.,0.));
#3075=DIRECTION('ref_axis',(-1.,0.,9.02620345223705E-16));
#3076=DIRECTION('center_axis',(-6.66267656436665E-32,-1.,6.26376799251381E-47));
#3077=DIRECTION('ref_axis',(1.,-6.66267656436665E-32,-9.77635414455134E-16));
#3078=DIRECTION('center_axis',(1.,0.,0.));
#3079=DIRECTION('ref_axis',(0.,0.707106781186548,0.707106781186548));
#3080=DIRECTION('center_axis',(-2.50747692453909E-47,1.,6.66267656436666E-32));
#3081=DIRECTION('ref_axis',(-0.923879532511287,0.,-0.38268343236509));
#3082=DIRECTION('',(-2.50747692453909E-47,1.,6.66267656436666E-32));
#3083=DIRECTION('',(2.50747692453909E-47,-1.,-6.66267656436666E-32));
#3084=DIRECTION('center_axis',(0.707106781186548,-4.71122377951635E-32,
0.707106781186547));
#3085=DIRECTION('ref_axis',(-0.707106781186547,4.71122377951635E-32,0.707106781186548));
#3086=DIRECTION('',(-6.66267656436665E-32,-1.,6.26376799251381E-47));
#3087=DIRECTION('center_axis',(0.,-1.,0.));
#3088=DIRECTION('ref_axis',(0.923879532511287,0.,-0.38268343236509));
#3089=DIRECTION('',(0.,-1.,0.));
#3090=DIRECTION('',(0.,1.,0.));
#3091=DIRECTION('center_axis',(0.707106781186547,0.,-0.707106781186548));
#3092=DIRECTION('ref_axis',(0.707106781186548,0.,0.707106781186547));
#3093=DIRECTION('',(0.,-1.,0.));
#3094=DIRECTION('center_axis',(-6.66267656436665E-32,-1.,3.00693371032126E-47));
#3095=DIRECTION('ref_axis',(0.382683432365091,0.,0.923879532511287));
#3096=DIRECTION('',(-6.66267656436665E-32,-1.,2.66463987850872E-47));
#3097=DIRECTION('center_axis',(-0.707106781186548,4.71122377951635E-32,
-0.707106781186547));
#3098=DIRECTION('ref_axis',(0.707106781186547,-4.71122377951635E-32,-0.707106781186548));
#3099=DIRECTION('',(-6.66267656436665E-32,-1.,6.26376799251381E-47));
#3100=DIRECTION('center_axis',(0.,1.,0.));
#3101=DIRECTION('ref_axis',(-0.382683432365089,0.,0.923879532511287));
#3102=DIRECTION('',(0.,1.,0.));
#3103=DIRECTION('center_axis',(-0.707106781186547,0.,0.707106781186548));
#3104=DIRECTION('ref_axis',(-0.707106781186548,0.,-0.707106781186547));
#3105=DIRECTION('',(0.,-1.,0.));
#3106=DIRECTION('center_axis',(0.,1.,0.));
#3107=DIRECTION('ref_axis',(0.923879532511287,0.,0.38268343236509));
#3108=DIRECTION('',(0.,1.,0.));
#3109=DIRECTION('',(0.,-1.,0.));
#3110=DIRECTION('center_axis',(-0.707106781186548,0.,-0.707106781186548));
#3111=DIRECTION('ref_axis',(0.707106781186548,0.,-0.707106781186548));
#3112=DIRECTION('',(0.,-1.,0.));
#3113=DIRECTION('center_axis',(-2.50747692453908E-47,-1.,6.66267656436665E-32));
#3114=DIRECTION('ref_axis',(-0.923879532511287,0.,0.38268343236509));
#3115=DIRECTION('',(-2.50747692453908E-47,-1.,6.66267656436665E-32));
#3116=DIRECTION('',(2.50747692453908E-47,1.,-6.66267656436665E-32));
#3117=DIRECTION('center_axis',(-0.707106781186548,4.71122377951635E-32,
0.707106781186548));
#3118=DIRECTION('ref_axis',(-0.707106781186548,4.71122377951635E-32,-0.707106781186548));
#3119=DIRECTION('',(-6.66267656436665E-32,-1.,-2.49900571871294E-48));
#3120=DIRECTION('center_axis',(6.66267656436665E-32,1.,1.2027734841285E-47));
#3121=DIRECTION('ref_axis',(0.38268343236509,0.,-0.923879532511287));
#3122=DIRECTION('',(6.66267656436665E-32,1.,9.88444416513616E-48));
#3123=DIRECTION('',(-6.66267656436665E-32,-1.,-1.2027734841285E-47));
#3124=DIRECTION('center_axis',(0.707106781186548,-4.71122377951635E-32,
-0.707106781186548));
#3125=DIRECTION('ref_axis',(0.707106781186548,-4.71122377951635E-32,0.707106781186548));
#3126=DIRECTION('',(-6.66267656436665E-32,-1.,-2.49900571871294E-48));
#3127=DIRECTION('center_axis',(0.,-1.,0.));
#3128=DIRECTION('ref_axis',(-0.38268343236509,0.,-0.923879532511287));
#3129=DIRECTION('',(0.,-1.,0.));
#3130=DIRECTION('',(0.,1.,0.));
#3131=DIRECTION('center_axis',(0.707106781186548,0.,0.707106781186548));
#3132=DIRECTION('ref_axis',(-0.707106781186548,0.,0.707106781186548));
#3133=DIRECTION('',(0.,-1.,0.));
#3134=DIRECTION('center_axis',(-6.66267656436665E-32,-1.,6.26376799251381E-47));
#3135=DIRECTION('ref_axis',(1.,-6.66267656436665E-32,-9.77635414455134E-16));
#3136=DIRECTION('',(6.66267656436665E-32,1.,-6.26376799251381E-47));
#3137=DIRECTION('center_axis',(-6.66267656436665E-32,-1.,6.26376799251381E-47));
#3138=DIRECTION('ref_axis',(1.,-6.66267656436665E-32,-9.77635414455134E-16));
#3139=DIRECTION('center_axis',(1.,0.,3.76346788008528E-16));
#3140=DIRECTION('ref_axis',(3.76346788008528E-16,0.,-1.));
#3141=DIRECTION('center_axis',(0.,1.,0.));
#3142=DIRECTION('ref_axis',(-1.,0.,9.02620345223705E-16));
#3143=DIRECTION('',(0.,1.,0.));
#3144=DIRECTION('center_axis',(0.,1.,0.));
#3145=DIRECTION('ref_axis',(-1.,0.,9.02620345223705E-16));
#3146=DIRECTION('center_axis',(6.66267656436665E-32,1.,2.49900571871294E-48));
#3147=DIRECTION('ref_axis',(1.,-6.66267656436665E-32,7.50150692314295E-17));
#3148=DIRECTION('',(6.66267656436665E-32,1.,2.49900571871294E-48));
#3149=DIRECTION('center_axis',(6.66267656436665E-32,1.,2.49900571871294E-48));
#3150=DIRECTION('ref_axis',(1.,-6.66267656436665E-32,7.50150692314295E-17));
#3151=DIRECTION('center_axis',(-1.80524069044741E-16,0.,1.));
#3152=DIRECTION('ref_axis',(1.,0.,1.80524069044741E-16));
#3153=DIRECTION('center_axis',(0.,-1.,0.));
#3154=DIRECTION('ref_axis',(-1.,0.,0.));
#3155=DIRECTION('',(0.,1.,0.));
#3156=DIRECTION('center_axis',(0.,-1.,0.));
#3157=DIRECTION('ref_axis',(-1.,0.,0.));
#3158=DIRECTION('center_axis',(-1.,0.,0.));
#3159=DIRECTION('ref_axis',(0.,0.,1.));
#3160=DIRECTION('center_axis',(0.,-0.707106781186547,-0.707106781186548));
#3161=DIRECTION('ref_axis',(-1.,0.,0.));
#3162=DIRECTION('',(0.,0.707106781186548,-0.707106781186547));
#3163=DIRECTION('',(1.,0.,0.));
#3164=DIRECTION('',(0.,-0.707106781186548,0.707106781186547));
#3165=DIRECTION('',(1.,0.,-1.63910879619856E-17));
#3166=DIRECTION('center_axis',(1.,0.,0.));
#3167=DIRECTION('ref_axis',(0.,-1.,0.));
#3168=DIRECTION('',(0.,0.,-1.));
#3169=DIRECTION('',(0.,1.,0.));
#3170=DIRECTION('center_axis',(0.,1.,0.));
#3171=DIRECTION('ref_axis',(1.,0.,0.));
#3172=DIRECTION('',(-1.,0.,1.63910879619856E-17));
#3173=DIRECTION('',(0.,0.,-1.));
#3174=DIRECTION('center_axis',(-1.,0.,0.));
#3175=DIRECTION('ref_axis',(0.,1.,0.));
#3176=DIRECTION('',(0.,-1.,0.));
#3177=DIRECTION('center_axis',(0.,-0.707106781186543,0.707106781186552));
#3178=DIRECTION('ref_axis',(1.,0.,0.));
#3179=DIRECTION('',(0.,-0.707106781186552,-0.707106781186543));
#3180=DIRECTION('',(-1.,0.,0.));
#3181=DIRECTION('',(0.,0.707106781186552,0.707106781186543));
#3182=DIRECTION('',(1.,0.,0.));
#3183=DIRECTION('center_axis',(-1.,0.,0.));
#3184=DIRECTION('ref_axis',(0.,-1.,0.));
#3185=DIRECTION('',(0.,0.,1.));
#3186=DIRECTION('',(0.,1.,0.));
#3187=DIRECTION('center_axis',(1.,0.,0.));
#3188=DIRECTION('ref_axis',(0.,1.,0.));
#3189=DIRECTION('',(0.,-1.,0.));
#3190=DIRECTION('',(0.,0.,1.));
#3191=DIRECTION('center_axis',(0.,1.,0.));
#3192=DIRECTION('ref_axis',(-1.,0.,0.));
#3193=DIRECTION('',(1.,0.,0.));
#3194=DIRECTION('center_axis',(1.,0.,-1.83507937954571E-16));
#3195=DIRECTION('ref_axis',(1.83507937954571E-16,0.,1.));
#3196=DIRECTION('',(0.,-1.,0.));
#3197=DIRECTION('',(1.83507937954571E-16,0.,1.));
#3198=DIRECTION('',(0.,-1.,0.));
#3199=DIRECTION('center_axis',(-1.63910879619856E-17,0.,-1.));
#3200=DIRECTION('ref_axis',(1.,0.,-1.63910879619856E-17));
#3201=DIRECTION('',(1.,0.,-1.63910879619856E-17));
#3202=DIRECTION('',(0.,-1.,0.));
#3203=DIRECTION('center_axis',(-1.,0.,9.17539689772856E-17));
#3204=DIRECTION('ref_axis',(-9.17539689772856E-17,0.,-1.));
#3205=DIRECTION('',(-9.17539689772856E-17,0.,-1.));
#3206=DIRECTION('',(0.,-1.,0.));
#3207=DIRECTION('center_axis',(0.,0.,1.));
#3208=DIRECTION('ref_axis',(-1.,0.,0.));
#3209=DIRECTION('',(-1.,0.,0.));
#3210=DIRECTION('center_axis',(0.,-1.,0.));
#3211=DIRECTION('ref_axis',(0.,0.,-1.));
#3212=CARTESIAN_POINT('',(0.,0.,0.));
#3213=CARTESIAN_POINT('Origin',(8.97364883412969,-26.5113632205086,12.8510188785285));
#3214=CARTESIAN_POINT('',(-4.32635116587031,-26.5113632205085,-0.948981121471524));
#3215=CARTESIAN_POINT('',(22.2736488341297,-26.5113632205086,-0.948981121471523));
#3216=CARTESIAN_POINT('',(12.7986488341297,-26.5113632205086,-0.948981121471524));
#3217=CARTESIAN_POINT('',(-4.32635116587031,-26.5113632205086,25.1510188785285));
#3218=CARTESIAN_POINT('',(-4.32635116587031,-26.5113632205086,19.0010188785285));
#3219=CARTESIAN_POINT('',(22.2736488341297,-26.5113632205086,25.1510188785285));
#3220=CARTESIAN_POINT('',(-3.82635116587031,-26.5113632205086,25.1510188785285));
#3221=CARTESIAN_POINT('',(22.2736488341297,-26.5113632205086,6.70101887852848));
#3222=CARTESIAN_POINT('',(1.90258102226421,-26.5113632205086,13.3510188785285));
#3223=CARTESIAN_POINT('',(1.97364883412968,-26.5113632205086,13.1584364749612));
#3224=CARTESIAN_POINT('Origin',(8.97364883412969,-26.5113632205086,15.8510188785285));
#3225=CARTESIAN_POINT('',(1.97364883412969,-26.5113632205086,13.3510188785285));
#3226=CARTESIAN_POINT('',(5.43811492819695,-26.5113632205086,13.3510188785285));
#3227=CARTESIAN_POINT('',(1.97364883412969,-26.5113632205086,13.1010188785285));
#3228=CARTESIAN_POINT('Origin',(1.97364883412969,-31.5113632205086,13.3510188785285));
#3229=CARTESIAN_POINT('',(1.97364883412969,-29.5113632205086,13.3510188785285));
#3230=CARTESIAN_POINT('',(1.97364883412969,-31.5113632205086,13.3510188785285));
#3231=CARTESIAN_POINT('',(1.97364883412969,-29.5113632205086,13.1584364749612));
#3232=CARTESIAN_POINT('',(1.97364883412969,-29.5113632205086,13.1010188785285));
#3233=CARTESIAN_POINT('',(1.97364883412969,-31.5113632205086,13.1584364749612));
#3234=CARTESIAN_POINT('Origin',(16.6236488341297,-27.5113632205085,0.0510188785284742));
#3235=CARTESIAN_POINT('',(-4.32635116587031,-25.6829360957624,-1.77740824621772));
#3236=CARTESIAN_POINT('',(-4.32635116587031,-33.4113632205086,5.95101887852848));
#3237=CARTESIAN_POINT('',(22.2736488341297,-25.6829360957624,-1.77740824621771));
#3238=CARTESIAN_POINT('',(22.2736488341297,-26.7613632205086,-0.698981121471523));
#3239=CARTESIAN_POINT('',(23.3949691776893,-26.3900428769489,-1.07030146503117));
#3240=CARTESIAN_POINT('Origin',(21.2736488341297,-28.5113632205086,1.05101887852847));
#3241=CARTESIAN_POINT('',(20.2736488341297,-29.5113632205086,2.05101887852847));
#3242=CARTESIAN_POINT('',(20.2736488341297,-29.5113632205086,2.05101887852847));
#3243=CARTESIAN_POINT('',(-2.32635116587031,-29.5113632205086,2.05101887852847));
#3244=CARTESIAN_POINT('',(16.6236488341297,-29.5113632205086,2.05101887852847));
#3245=CARTESIAN_POINT('',(-5.44767150942996,-26.3900428769489,-1.07030146503117));
#3246=CARTESIAN_POINT('',(-2.32635116587031,-29.5113632205086,2.05101887852847));
#3247=CARTESIAN_POINT('Origin',(-3.32635116587031,-28.5113632205086,1.05101887852847));
#3248=CARTESIAN_POINT('Origin',(8.97364883412969,-18.7613632205086,0.251018878528477));
#3249=CARTESIAN_POINT('',(22.2736488341297,-20.2113632205086,0.251018878528477));
#3250=CARTESIAN_POINT('',(-4.32635116587031,-20.2113632205086,0.251018878528477));
#3251=CARTESIAN_POINT('',(2.57364883412969,-20.2113632205086,0.251018878528477));
#3252=CARTESIAN_POINT('',(22.2736488341297,-17.0113632205086,0.251018878528477));
#3253=CARTESIAN_POINT('',(22.2736488341297,-21.3863632205086,0.251018878528477));
#3254=CARTESIAN_POINT('',(-4.32635116587031,-17.0113632205086,0.251018878528477));
#3255=CARTESIAN_POINT('',(8.97364883412969,-17.0113632205086,0.251018878528477));
#3256=CARTESIAN_POINT('',(-4.32635116587031,-21.3863632205086,0.251018878528478));
#3257=CARTESIAN_POINT('',(9.97364883412969,-18.5113632205086,0.251018878528477));
#3258=CARTESIAN_POINT('',(9.97364883412969,-18.0113632205086,0.251018878528477));
#3259=CARTESIAN_POINT('',(9.97364883412969,-18.3863632205086,0.251018878528477));
#3260=CARTESIAN_POINT('',(7.97364883412969,-18.5113632205086,0.251018878528477));
#3261=CARTESIAN_POINT('',(9.47364883412969,-18.5113632205086,0.251018878528477));
#3262=CARTESIAN_POINT('',(7.97364883412969,-18.0113632205086,0.251018878528477));
#3263=CARTESIAN_POINT('',(7.97364883412969,-18.6363632205086,0.251018878528477));
#3264=CARTESIAN_POINT('',(8.47364883412969,-18.0113632205086,0.251018878528477));
#3265=CARTESIAN_POINT('Origin',(9.97364883412969,-18.5113632205086,0.751018878528477));
#3266=CARTESIAN_POINT('',(9.97364883412969,-18.5113632205086,-0.248981121471523));
#3267=CARTESIAN_POINT('',(9.97364883412969,-18.5113632205086,0.751018878528477));
#3268=CARTESIAN_POINT('',(7.97364883412969,-18.5113632205086,-0.248981121471523));
#3269=CARTESIAN_POINT('',(9.97364883412969,-18.5113632205086,-0.248981121471523));
#3270=CARTESIAN_POINT('',(7.97364883412969,-18.5113632205086,0.751018878528477));
#3271=CARTESIAN_POINT('Origin',(9.97364883412969,-18.0113632205086,0.751018878528477));
#3272=CARTESIAN_POINT('',(9.97364883412969,-18.0113632205086,-0.248981121471523));
#3273=CARTESIAN_POINT('',(9.97364883412969,-18.0113632205086,0.751018878528477));
#3274=CARTESIAN_POINT('',(9.97364883412969,-18.0113632205086,-0.248981121471523));
#3275=CARTESIAN_POINT('Origin',(-3.82635116587031,-20.2113632205086,-1.94898112147152));
#3276=CARTESIAN_POINT('',(-4.32635116587031,-20.2113632205086,-1.77740824621771));
#3277=CARTESIAN_POINT('',(-4.32635116587031,-20.2113632205086,11.6010188785285));
#3278=CARTESIAN_POINT('',(-6.32635116587032,-20.2113632205086,1.05101887852851));
#3279=CARTESIAN_POINT('Origin',(-3.32635116587033,-20.2113632205086,1.05101887852851));
#3280=CARTESIAN_POINT('',(-6.32635116587031,-20.2113632205086,5.60736806463257));
#3281=CARTESIAN_POINT('',(-6.32635116587031,-20.2113632205086,-2.03736946911983));
#3282=CARTESIAN_POINT('',(-8.66949691637794,-20.2113632205086,-0.0494861848598128));
#3283=CARTESIAN_POINT('Origin',(-14.3263511658703,-20.2113632205086,5.60736806463257));
#3284=CARTESIAN_POINT('',(-10.0438655871425,-20.2113632205086,-1.4238548556244));
#3285=CARTESIAN_POINT('',(-9.33415689593456,-20.2113632205086,-0.714146164416439));
#3286=CARTESIAN_POINT('',(-5.80122490002324,-20.2113632205086,-5.66649554274369));
#3287=CARTESIAN_POINT('Origin',(-7.92254524358289,-20.2113632205086,-3.54517519918404));
#3288=CARTESIAN_POINT('',(-4.42685622925869,-20.2113632205086,-4.29212687197913));
#3289=CARTESIAN_POINT('',(-3.23275899817918,-20.2113632205086,-3.09802964089963));
#3290=CARTESIAN_POINT('',(1.22999802023369,-20.2113632205086,-1.94898112147152));
#3291=CARTESIAN_POINT('Origin',(1.22999802023369,-20.2113632205086,-9.94898112147152));
#3292=CARTESIAN_POINT('',(16.7172996480256,-20.2113632205086,-1.94898112147152));
#3293=CARTESIAN_POINT('',(10.2236488341297,-20.2113632205086,-1.94898112147152));
#3294=CARTESIAN_POINT('',(22.374153897518,-20.2113632205086,-4.29212687197915));
#3295=CARTESIAN_POINT('Origin',(16.7172996480256,-20.2113632205085,-9.94898112147152));
#3296=CARTESIAN_POINT('',(23.7485225682826,-20.2113632205086,-5.66649554274371));
#3297=CARTESIAN_POINT('',(21.1800566664385,-20.2113632205086,-3.09802964089965));
#3298=CARTESIAN_POINT('',(27.9911632554019,-20.2113632205086,-1.42385485562443));
#3299=CARTESIAN_POINT('Origin',(25.8698429118422,-20.2113632205086,-3.54517519918407));
#3300=CARTESIAN_POINT('',(26.6167945846373,-20.2113632205086,-0.0494861848598592));
#3301=CARTESIAN_POINT('',(27.2814545641939,-20.2113632205086,-0.714146164416472));
#3302=CARTESIAN_POINT('',(24.2736488341297,-20.2113632205086,5.60736806463252));
#3303=CARTESIAN_POINT('Origin',(32.2736488341297,-20.2113632205086,5.60736806463252));
#3304=CARTESIAN_POINT('',(24.2736488341297,-20.2113632205086,1.05101887852848));
#3305=CARTESIAN_POINT('',(24.2736488341297,-20.2113632205086,12.7626305308802));
#3306=CARTESIAN_POINT('',(22.2736488341297,-20.2113632205086,-1.77740824621771));
#3307=CARTESIAN_POINT('Origin',(21.2736488341297,-20.2113632205086,1.05101887852848));
#3308=CARTESIAN_POINT('',(22.2736488341297,-20.2113632205086,-0.698981121471515));
#3309=CARTESIAN_POINT('',(-6.32254524358289,-20.2113632205086,-3.54517519918405));
#3310=CARTESIAN_POINT('Origin',(-7.92254524358289,-20.2113632205086,-3.54517519918404));
#3311=CARTESIAN_POINT('',(24.2698429118422,-20.2113632205086,-3.54517519918407));
#3312=CARTESIAN_POINT('Origin',(25.8698429118422,-20.2113632205086,-3.54517519918407));
#3313=CARTESIAN_POINT('Origin',(-4.32635116587031,-24.0113632205086,25.1510188785285));
#3314=CARTESIAN_POINT('',(-4.32635116587031,-31.5113632205085,-1.77740824621772));
#3315=CARTESIAN_POINT('',(-4.32635116587031,-17.0113632205086,25.1510188785285));
#3316=CARTESIAN_POINT('',(-4.32635116587031,-17.0113632205086,6.80101887852849));
#3317=CARTESIAN_POINT('',(-4.32635116587031,-24.0113632205086,25.1510188785285));
#3318=CARTESIAN_POINT('Origin',(8.97364883412969,-17.0113632205086,12.8510188785285));
#3319=CARTESIAN_POINT('',(24.2736488341297,-17.0113632205086,20.0946696924244));
#3320=CARTESIAN_POINT('',(24.2736488341297,-17.0113632205086,5.60736806463252));
#3321=CARTESIAN_POINT('',(24.2736488341297,-17.0113632205086,27.6510188785285));
#3322=CARTESIAN_POINT('',(26.6167945846373,-17.0113632205086,-0.0494861848598603));
#3323=CARTESIAN_POINT('Origin',(32.2736488341297,-17.0113632205086,5.60736806463252));
#3324=CARTESIAN_POINT('',(27.9911632554019,-17.0113632205086,-1.42385485562443));
#3325=CARTESIAN_POINT('',(27.2814545641939,-17.0113632205086,-0.714146164416474));
#3326=CARTESIAN_POINT('',(23.7485225682826,-17.0113632205086,-5.66649554274371));
#3327=CARTESIAN_POINT('Origin',(25.8698429118422,-17.0113632205086,-3.54517519918407));
#3328=CARTESIAN_POINT('',(22.374153897518,-17.0113632205086,-4.29212687197914));
#3329=CARTESIAN_POINT('',(21.1800566664385,-17.0113632205086,-3.09802964089965));
#3330=CARTESIAN_POINT('',(16.7172996480256,-17.0113632205086,-1.9489811214715));
#3331=CARTESIAN_POINT('Origin',(16.7172996480256,-17.0113632205085,-9.94898112147152));
#3332=CARTESIAN_POINT('',(1.22999802023369,-17.0113632205086,-1.94898112147151));
#3333=CARTESIAN_POINT('',(24.2736488341297,-17.0113632205086,-1.9489811214715));
#3334=CARTESIAN_POINT('',(-4.42685622925869,-17.0113632205086,-4.29212687197913));
#3335=CARTESIAN_POINT('Origin',(1.22999802023369,-17.0113632205085,-9.94898112147152));
#3336=CARTESIAN_POINT('',(-5.80122490002324,-17.0113632205086,-5.66649554274369));
#3337=CARTESIAN_POINT('',(-3.23275899817918,-17.0113632205086,-3.09802964089963));
#3338=CARTESIAN_POINT('',(-10.0438655871425,-17.0113632205086,-1.4238548556244));
#3339=CARTESIAN_POINT('Origin',(-7.92254524358289,-17.0113632205086,-3.54517519918404));
#3340=CARTESIAN_POINT('',(-8.66949691637794,-17.0113632205086,-0.0494861848598127));
#3341=CARTESIAN_POINT('',(-9.33415689593456,-17.0113632205086,-0.714146164416438));
#3342=CARTESIAN_POINT('',(-6.32635116587031,-17.0113632205086,5.60736806463257));
#3343=CARTESIAN_POINT('Origin',(-14.3263511658703,-17.0113632205086,5.60736806463257));
#3344=CARTESIAN_POINT('',(-6.32635116587031,-17.0113632205086,20.0946696924244));
#3345=CARTESIAN_POINT('',(-6.32635116587031,-17.0113632205086,-1.94898112147151));
#3346=CARTESIAN_POINT('',(-8.66949691637793,-17.0113632205086,25.7515239419168));
#3347=CARTESIAN_POINT('Origin',(-14.3263511658703,-17.0113632205086,20.0946696924244));
#3348=CARTESIAN_POINT('',(-10.0438655871425,-17.0113632205086,27.1258926126814));
#3349=CARTESIAN_POINT('',(-9.33415689593455,-17.0113632205086,26.4161839214734));
#3350=CARTESIAN_POINT('',(-5.80122490002323,-17.0113632205086,31.3685332998007));
#3351=CARTESIAN_POINT('Origin',(-7.92254524358287,-17.0113632205086,29.247212956241));
#3352=CARTESIAN_POINT('',(-4.71974944807209,-17.0113632205086,30.2870578478495));
#3353=CARTESIAN_POINT('',(-3.23275899817917,-17.0113632205086,28.8000673979566));
#3354=CARTESIAN_POINT('',(1.64421158260683,-17.0113632205086,27.6510188785285));
#3355=CARTESIAN_POINT('Origin',(1.64421158260683,-17.0113632205086,36.6510188785285));
#3356=CARTESIAN_POINT('',(16.3030860856525,-17.0113632205086,27.6510188785285));
#3357=CARTESIAN_POINT('',(-6.32635116587031,-17.0113632205086,27.6510188785285));
#3358=CARTESIAN_POINT('',(22.6670471163315,-17.0113632205086,30.2870578478496));
#3359=CARTESIAN_POINT('Origin',(16.3030860856525,-17.0113632205086,36.6510188785285));
#3360=CARTESIAN_POINT('',(23.7485225682826,-17.0113632205086,31.3685332998007));
#3361=CARTESIAN_POINT('',(21.1800566664385,-17.0113632205086,28.8000673979566));
#3362=CARTESIAN_POINT('',(27.9911632554019,-17.0113632205086,27.1258926126814));
#3363=CARTESIAN_POINT('Origin',(25.8698429118423,-17.0113632205086,29.247212956241));
#3364=CARTESIAN_POINT('',(26.6167945846373,-17.0113632205086,25.7515239419168));
#3365=CARTESIAN_POINT('',(27.2814545641939,-17.0113632205086,26.4161839214734));
#3366=CARTESIAN_POINT('Origin',(32.2736488341297,-17.0113632205086,20.0946696924244));
#3367=CARTESIAN_POINT('',(22.2736488341297,-17.0113632205086,25.1510188785285));
#3368=CARTESIAN_POINT('',(22.2736488341297,-17.0113632205086,6.80101887852849));
#3369=CARTESIAN_POINT('',(15.3736488341297,-17.0113632205086,25.1510188785285));
#3370=CARTESIAN_POINT('',(-6.32254524358287,-17.0113632205086,29.247212956241));
#3371=CARTESIAN_POINT('Origin',(-7.92254524358287,-17.0113632205086,29.247212956241));
#3372=CARTESIAN_POINT('',(24.2698429118423,-17.0113632205086,29.247212956241));
#3373=CARTESIAN_POINT('Origin',(25.8698429118423,-17.0113632205086,29.247212956241));
#3374=CARTESIAN_POINT('',(-6.32254524358289,-17.0113632205086,-3.54517519918405));
#3375=CARTESIAN_POINT('Origin',(-7.92254524358289,-17.0113632205086,-3.54517519918404));
#3376=CARTESIAN_POINT('',(24.2698429118422,-17.0113632205086,-3.54517519918407));
#3377=CARTESIAN_POINT('Origin',(25.8698429118422,-17.0113632205086,-3.54517519918407));
#3378=CARTESIAN_POINT('Origin',(-3.32635116587031,-31.5113632205086,1.05101887852847));
#3379=CARTESIAN_POINT('',(-6.32635116587031,-25.5113632205086,1.05101887852848));
#3380=CARTESIAN_POINT('Origin',(-3.32635116587031,-28.5113632205086,1.05101887852847));
#3381=CARTESIAN_POINT('',(-6.32635116587032,-21.0113632205086,1.05101887852851));
#3382=CARTESIAN_POINT('Origin',(22.2736488341297,-24.0113632205086,0.551018878528493));
#3383=CARTESIAN_POINT('',(22.2736488341297,-31.5113632205085,-1.77740824621772));
#3384=CARTESIAN_POINT('',(22.2736488341297,-26.0113632205086,25.1510188785285));
#3385=CARTESIAN_POINT('Origin',(21.2736488341297,-31.5113632205085,1.05101887852847));
#3386=CARTESIAN_POINT('',(24.2736488341297,-25.5113632205086,1.05101887852848));
#3387=CARTESIAN_POINT('',(24.2736488341297,-31.5113632205085,1.05101887852847));
#3388=CARTESIAN_POINT('Origin',(21.2736488341297,-28.5113632205086,1.05101887852847));
#3389=CARTESIAN_POINT('Origin',(8.97364883412969,-29.5113632205086,12.8510188785285));
#3390=CARTESIAN_POINT('',(20.2736488341297,-29.5113632205086,23.6510188785285));
#3391=CARTESIAN_POINT('',(20.2736488341297,-29.5113632205086,20.2510188785285));
#3392=CARTESIAN_POINT('',(-2.32635116587031,-29.5113632205086,23.6510188785285));
#3393=CARTESIAN_POINT('',(1.32364883412969,-29.5113632205086,23.6510188785285));
#3394=CARTESIAN_POINT('',(-2.32635116587031,-29.5113632205086,5.45101887852847));
#3395=CARTESIAN_POINT('',(1.90258102226421,-29.5113632205086,13.3510188785285));
#3396=CARTESIAN_POINT('Origin',(8.97364883412969,-29.5113632205086,15.8510188785285));
#3397=CARTESIAN_POINT('',(5.43811492819695,-29.5113632205086,13.3510188785285));
#3398=CARTESIAN_POINT('Origin',(1.90258102226421,-31.5113632205086,13.3510188785285));
#3399=CARTESIAN_POINT('',(1.90258102226421,-31.5113632205086,13.3510188785285));
#3400=CARTESIAN_POINT('Origin',(32.2736488341297,-22.2613632205086,5.60736806463252));
#3401=CARTESIAN_POINT('',(26.6167945846373,-22.2613632205086,-0.0494861848598604));
#3402=CARTESIAN_POINT('',(24.2736488341297,-22.2613632205086,5.60736806463252));
#3403=CARTESIAN_POINT('Origin',(27.9911632554019,-13.0113632205086,-1.42385485562443));
#3404=CARTESIAN_POINT('',(27.9911632554019,-13.0113632205086,-1.42385485562443));
#3405=CARTESIAN_POINT('Origin',(-14.3263511658703,-22.2613632205086,5.60736806463257));
#3406=CARTESIAN_POINT('',(-6.32635116587031,-22.2613632205086,5.60736806463257));
#3407=CARTESIAN_POINT('',(-8.66949691637794,-22.2613632205086,-0.0494861848598138));
#3408=CARTESIAN_POINT('Origin',(-6.32635116587031,-31.5113632205086,-1.94898112147153));
#3409=CARTESIAN_POINT('',(-6.32635116587031,-25.5113632205086,24.6510188785285));
#3410=CARTESIAN_POINT('',(-6.32635116587031,-25.5113632205086,5.45101887852847));
#3411=CARTESIAN_POINT('',(-6.32635116587031,-21.0113632205086,24.6510188785285));
#3412=CARTESIAN_POINT('',(-6.32635116587031,-31.5113632205086,24.6510188785285));
#3413=CARTESIAN_POINT('',(-6.32635116587031,-21.0113632205086,20.0946696924244));
#3414=CARTESIAN_POINT('',(-6.32635116587031,-21.0113632205086,12.9394072261768));
#3415=CARTESIAN_POINT('',(-6.32635116587031,-22.2613632205086,20.0946696924244));
#3416=CARTESIAN_POINT('Origin',(16.7172996480256,-22.2613632205086,-9.94898112147152));
#3417=CARTESIAN_POINT('',(22.374153897518,-22.2613632205086,-4.29212687197914));
#3418=CARTESIAN_POINT('',(16.7172996480256,-22.2613632205086,-1.94898112147152));
#3419=CARTESIAN_POINT('Origin',(20.0310081470104,-13.0113632205086,-1.94898112147151));
#3420=CARTESIAN_POINT('',(23.7485225682826,-13.0113632205086,-5.66649554274371));
#3421=CARTESIAN_POINT('Origin',(1.22999802023369,-22.2613632205085,-9.94898112147152));
#3422=CARTESIAN_POINT('',(-4.42685622925869,-22.2613632205085,-4.29212687197914));
#3423=CARTESIAN_POINT('',(1.22999802023369,-22.2613632205085,-1.94898112147152));
#3424=CARTESIAN_POINT('Origin',(-2.08371047875104,-13.0113632205086,-1.94898112147149));
#3425=CARTESIAN_POINT('',(-5.80122490002324,-13.0113632205086,-5.66649554274369));
#3426=CARTESIAN_POINT('Origin',(25.8698429118422,-13.0113632205086,-3.54517519918407));
#3427=CARTESIAN_POINT('Origin',(-14.3263511658703,-22.2613632205086,20.0946696924244));
#3428=CARTESIAN_POINT('',(-8.66949691637793,-21.0113632205086,25.7515239419168));
#3429=CARTESIAN_POINT('Origin',(-14.3263511658703,-21.0113632205086,20.0946696924244));
#3430=CARTESIAN_POINT('',(-8.66949691637793,-22.2613632205086,25.7515239419168));
#3431=CARTESIAN_POINT('Origin',(-10.0438655871425,-13.0113632205086,27.1258926126814));
#3432=CARTESIAN_POINT('',(-10.0438655871425,-21.0113632205086,27.1258926126814));
#3433=CARTESIAN_POINT('',(-10.0438655871425,-21.0113632205086,27.1258926126814));
#3434=CARTESIAN_POINT('',(-10.0438655871425,-13.0113632205086,27.1258926126814));
#3435=CARTESIAN_POINT('Origin',(32.2736488341297,-22.2613632205086,20.0946696924244));
#3436=CARTESIAN_POINT('',(26.6167945846373,-21.0113632205086,25.7515239419168));
#3437=CARTESIAN_POINT('',(24.2736488341297,-21.0113632205086,20.0946696924244));
#3438=CARTESIAN_POINT('Origin',(32.2736488341297,-21.0113632205086,20.0946696924244));
#3439=CARTESIAN_POINT('',(24.2736488341297,-22.2613632205086,20.0946696924244));
#3440=CARTESIAN_POINT('',(26.6167945846373,-22.2613632205086,25.7515239419168));
#3441=CARTESIAN_POINT('Origin',(24.2736488341297,-31.5113632205086,27.6510188785285));
#3442=CARTESIAN_POINT('',(24.2736488341297,-21.0113632205086,24.6510188785285));
#3443=CARTESIAN_POINT('',(24.2736488341297,-21.0113632205086,27.7394072261768));
#3444=CARTESIAN_POINT('',(24.2736488341297,-25.5113632205086,24.6510188785285));
#3445=CARTESIAN_POINT('',(24.2736488341297,-31.5113632205086,24.6510188785285));
#3446=CARTESIAN_POINT('',(24.2736488341297,-25.5113632205086,20.2510188785285));
#3447=CARTESIAN_POINT('Origin',(16.3030860856525,-22.2613632205086,36.6510188785285));
#3448=CARTESIAN_POINT('',(16.3030860856525,-21.0113632205086,27.6510188785285));
#3449=CARTESIAN_POINT('',(22.6670471163315,-21.0113632205086,30.2870578478495));
#3450=CARTESIAN_POINT('Origin',(16.3030860856525,-21.0113632205086,36.6510188785285));
#3451=CARTESIAN_POINT('',(22.6670471163315,-22.2613632205086,30.2870578478495));
#3452=CARTESIAN_POINT('',(16.3030860856525,-22.2613632205086,27.6510188785285));
#3453=CARTESIAN_POINT('Origin',(20.0310081470104,-13.0113632205086,27.6510188785285));
#3454=CARTESIAN_POINT('',(23.7485225682826,-21.0113632205086,31.3685332998007));
#3455=CARTESIAN_POINT('',(23.7485225682826,-21.0113632205086,31.3685332998007));
#3456=CARTESIAN_POINT('',(23.7485225682826,-13.0113632205086,31.3685332998007));
#3457=CARTESIAN_POINT('Origin',(1.64421158260684,-22.2613632205086,36.6510188785285));
#3458=CARTESIAN_POINT('',(-4.71974944807209,-21.0113632205086,30.2870578478495));
#3459=CARTESIAN_POINT('',(1.64421158260684,-21.0113632205086,27.6510188785285));
#3460=CARTESIAN_POINT('Origin',(1.64421158260684,-21.0113632205086,36.6510188785285));
#3461=CARTESIAN_POINT('',(1.64421158260684,-22.2613632205086,27.6510188785285));
#3462=CARTESIAN_POINT('',(-4.71974944807209,-22.2613632205086,30.2870578478495));
#3463=CARTESIAN_POINT('Origin',(-6.32635116587031,-31.5113632205086,27.6510188785285));
#3464=CARTESIAN_POINT('',(-3.32635116587031,-21.0113632205086,27.6510188785285));
#3465=CARTESIAN_POINT('',(-6.41473951351863,-21.0113632205086,27.6510188785285));
#3466=CARTESIAN_POINT('',(-3.32635116587031,-25.5113632205086,27.6510188785285));
#3467=CARTESIAN_POINT('',(-3.32635116587031,-31.5113632205086,27.6510188785285));
#3468=CARTESIAN_POINT('',(21.2736488341297,-25.5113632205086,27.6510188785285));
#3469=CARTESIAN_POINT('',(1.32364883412969,-25.5113632205086,27.6510188785285));
#3470=CARTESIAN_POINT('',(21.2736488341297,-21.0113632205086,27.6510188785285));
#3471=CARTESIAN_POINT('',(21.2736488341297,-31.5113632205086,27.6510188785285));
#3472=CARTESIAN_POINT('',(9.06203718177801,-21.0113632205086,27.6510188785285));
#3473=CARTESIAN_POINT('Origin',(25.8698429118422,-13.0113632205086,-3.54517519918407));
#3474=CARTESIAN_POINT('',(24.2698429118422,-13.0113632205086,-3.54517519918407));
#3475=CARTESIAN_POINT('Origin',(-7.92254524358289,-13.0113632205086,-3.54517519918404));
#3476=CARTESIAN_POINT('',(-6.32254524358289,-13.0113632205086,-3.54517519918404));
#3477=CARTESIAN_POINT('Origin',(-10.0438655871425,-13.0113632205086,-1.4238548556244));
#3478=CARTESIAN_POINT('',(-10.0438655871425,-13.0113632205086,-1.4238548556244));
#3479=CARTESIAN_POINT('Origin',(-7.92254524358289,-13.0113632205086,-3.54517519918404));
#3480=CARTESIAN_POINT('Origin',(24.2736488341297,-31.5113632205086,-1.94898112147153));
#3481=CARTESIAN_POINT('Origin',(25.8698429118423,-13.0113632205086,29.247212956241));
#3482=CARTESIAN_POINT('',(24.2698429118423,-21.0113632205086,29.247212956241));
#3483=CARTESIAN_POINT('Origin',(25.8698429118423,-21.0113632205086,29.247212956241));
#3484=CARTESIAN_POINT('',(24.2698429118423,-13.0113632205086,29.247212956241));
#3485=CARTESIAN_POINT('Origin',(27.9911632554019,-13.0113632205086,27.1258926126814));
#3486=CARTESIAN_POINT('',(27.9911632554019,-21.0113632205086,27.1258926126814));
#3487=CARTESIAN_POINT('',(27.9911632554019,-13.0113632205086,27.1258926126814));
#3488=CARTESIAN_POINT('',(27.9911632554019,-21.0113632205086,27.1258926126814));
#3489=CARTESIAN_POINT('Origin',(25.8698429118423,-13.0113632205086,29.247212956241));
#3490=CARTESIAN_POINT('Origin',(25.8698429118423,-21.0113632205086,29.247212956241));
#3491=CARTESIAN_POINT('Origin',(24.4504255294263,-21.0113632205086,27.8277955738251));
#3492=CARTESIAN_POINT('Origin',(21.2736488341297,-21.0113632205086,24.6510188785285));
#3493=CARTESIAN_POINT('Origin',(21.2736488341297,-31.5113632205086,24.6510188785285));
#3494=CARTESIAN_POINT('',(23.3949691776893,-26.3900428769489,26.7723392220881));
#3495=CARTESIAN_POINT('Origin',(21.2736488341297,-28.5113632205086,24.6510188785285));
#3496=CARTESIAN_POINT('Origin',(21.2736488341297,-28.5113632205086,24.6510188785285));
#3497=CARTESIAN_POINT('Origin',(-2.08371047875103,-13.0113632205086,27.6510188785285));
#3498=CARTESIAN_POINT('',(-5.80122490002323,-21.0113632205086,31.3685332998007));
#3499=CARTESIAN_POINT('',(-5.80122490002323,-13.0113632205086,31.3685332998007));
#3500=CARTESIAN_POINT('',(-5.80122490002323,-21.0113632205086,31.3685332998007));
#3501=CARTESIAN_POINT('Origin',(-7.92254524358287,-13.0113632205086,29.247212956241));
#3502=CARTESIAN_POINT('',(-6.32254524358287,-21.0113632205086,29.247212956241));
#3503=CARTESIAN_POINT('Origin',(-7.92254524358287,-21.0113632205086,29.247212956241));
#3504=CARTESIAN_POINT('',(-6.32254524358287,-13.0113632205086,29.247212956241));
#3505=CARTESIAN_POINT('Origin',(-7.92254524358287,-13.0113632205086,29.247212956241));
#3506=CARTESIAN_POINT('Origin',(-7.92254524358287,-21.0113632205086,29.247212956241));
#3507=CARTESIAN_POINT('Origin',(-6.50312786116695,-21.0113632205086,27.8277955738251));
#3508=CARTESIAN_POINT('Origin',(-3.32635116587031,-21.0113632205086,24.6510188785285));
#3509=CARTESIAN_POINT('Origin',(-3.32635116587031,-31.5113632205086,24.6510188785285));
#3510=CARTESIAN_POINT('',(-5.44767150942996,-26.3900428769489,26.7723392220881));
#3511=CARTESIAN_POINT('Origin',(-3.32635116587031,-28.5113632205086,24.6510188785285));
#3512=CARTESIAN_POINT('Origin',(-3.32635116587031,-28.5113632205086,24.6510188785285));
#3513=CARTESIAN_POINT('Origin',(7.97364883412969,-18.0113632205086,0.751018878528477));
#3514=CARTESIAN_POINT('',(7.97364883412969,-18.0113632205086,-0.248981121471523));
#3515=CARTESIAN_POINT('',(7.97364883412969,-18.0113632205086,0.751018878528477));
#3516=CARTESIAN_POINT('',(7.97364883412969,-18.0113632205086,-0.248981121471523));
#3517=CARTESIAN_POINT('Origin',(7.97364883412969,-18.5113632205086,0.751018878528477));
#3518=CARTESIAN_POINT('',(7.97364883412969,-18.5113632205086,-0.248981121471523));
#3519=CARTESIAN_POINT('Origin',(8.97364883412969,-18.2613632205086,-0.248981121471523));
#3520=CARTESIAN_POINT('Origin',(9.97364883412969,-18.5113632205086,25.1510188785285));
#3521=CARTESIAN_POINT('',(9.97364883412969,-18.5113632205086,25.1510188785285));
#3522=CARTESIAN_POINT('',(9.97364883412969,-18.0113632205086,25.1510188785285));
#3523=CARTESIAN_POINT('',(9.97364883412969,-21.2613632205086,25.1510188785285));
#3524=CARTESIAN_POINT('',(9.97364883412969,-18.5113632205086,26.1510188785285));
#3525=CARTESIAN_POINT('',(9.97364883412969,-18.5113632205086,25.1510188785285));
#3526=CARTESIAN_POINT('',(9.97364883412969,-18.0113632205086,26.1510188785285));
#3527=CARTESIAN_POINT('',(9.97364883412969,-18.0113632205086,26.1510188785285));
#3528=CARTESIAN_POINT('',(9.97364883412969,-18.0113632205086,25.1510188785285));
#3529=CARTESIAN_POINT('Origin',(7.97364883412969,-18.5113632205086,25.1510188785285));
#3530=CARTESIAN_POINT('',(7.97364883412969,-18.5113632205086,25.1510188785285));
#3531=CARTESIAN_POINT('',(14.8736488341297,-18.5113632205086,25.1510188785285));
#3532=CARTESIAN_POINT('',(7.97364883412969,-18.5113632205086,26.1510188785285));
#3533=CARTESIAN_POINT('',(7.97364883412969,-18.5113632205086,25.1510188785285));
#3534=CARTESIAN_POINT('',(9.97364883412969,-18.5113632205086,26.1510188785285));
#3535=CARTESIAN_POINT('Origin',(7.97364883412969,-18.0113632205086,25.1510188785285));
#3536=CARTESIAN_POINT('',(7.97364883412969,-18.0113632205086,25.1510188785285));
#3537=CARTESIAN_POINT('',(7.97364883412969,-21.0113632205086,25.1510188785285));
#3538=CARTESIAN_POINT('',(7.97364883412969,-18.0113632205086,26.1510188785285));
#3539=CARTESIAN_POINT('',(7.97364883412969,-18.0113632205086,25.1510188785285));
#3540=CARTESIAN_POINT('',(7.97364883412969,-18.0113632205086,26.1510188785285));
#3541=CARTESIAN_POINT('Origin',(9.97364883412969,-18.0113632205086,25.1510188785285));
#3542=CARTESIAN_POINT('',(15.8736488341297,-18.0113632205086,25.1510188785285));
#3543=CARTESIAN_POINT('',(8.97364883412969,-18.0113632205086,26.1510188785285));
#3544=CARTESIAN_POINT('Origin',(8.97364883412969,-18.2613632205086,26.1510188785285));
#3545=CARTESIAN_POINT('Origin',(22.2736488341297,-27.5113632205086,20.2510188785285));
#3546=CARTESIAN_POINT('',(20.2736488341297,-29.5113632205086,23.6510188785285));
#3547=CARTESIAN_POINT('Origin',(-4.32635116587031,-27.5113632205086,5.45101887852847));
#3548=CARTESIAN_POINT('',(-2.32635116587031,-29.5113632205086,23.6510188785285));
#3549=CARTESIAN_POINT('Origin',(1.32364883412969,-27.5113632205086,25.6510188785285));
#3550=CARTESIAN_POINT('Origin',(21.7736488341297,-24.0113632205086,25.1510188785285));
#3551=CARTESIAN_POINT('Origin',(8.97364883412969,-31.5113632205086,15.8510188785285));
#3552=CARTESIAN_POINT('Origin',(2.2299980202337,-17.0113632205086,-16.9489811214715));
#3553=CARTESIAN_POINT('',(2.2299980202337,-16.0113632205086,-16.9489811214715));
#3554=CARTESIAN_POINT('',(1.2299980202337,-15.0113632205086,-15.9489811214715));
#3555=CARTESIAN_POINT('',(-1.33666864643296,-12.4446965538419,-13.3823144548048));
#3556=CARTESIAN_POINT('',(1.2299980202337,-9.01136322050856,-15.9489811214715));
#3557=CARTESIAN_POINT('',(1.2299980202337,-17.0113632205086,-15.9489811214715));
#3558=CARTESIAN_POINT('',(2.2299980202337,-8.01136322050856,-16.9489811214715));
#3559=CARTESIAN_POINT('',(-1.3450019797663,-11.5863632205086,-13.3739811214715));
#3560=CARTESIAN_POINT('',(3.2299980202337,-9.01136322050856,-17.9489811214715));
#3561=CARTESIAN_POINT('',(5.87893982254969,-11.6603050228246,-20.5979229237875));
#3562=CARTESIAN_POINT('',(3.2299980202337,-15.0113632205086,-17.9489811214715));
#3563=CARTESIAN_POINT('',(3.2299980202337,-17.0113632205086,-17.9489811214715));
#3564=CARTESIAN_POINT('',(4.21227315588303,-14.0290880848592,-18.9312562571208));
#3565=CARTESIAN_POINT('Origin',(15.1236488341297,-16.0113632205086,-16.9489811214715));
#3566=CARTESIAN_POINT('',(14.7172996480256,-15.0113632205086,-17.9489811214715));
#3567=CARTESIAN_POINT('',(15.1236488341297,-15.0113632205086,-17.9489811214715));
#3568=CARTESIAN_POINT('',(15.7172996480256,-16.0113632205086,-16.9489811214715));
#3569=CARTESIAN_POINT('',(15.451691179043,-15.7457547515259,-17.2145895904542));
#3570=CARTESIAN_POINT('',(14.7172996480256,-17.0113632205086,-15.9489811214715));
#3571=CARTESIAN_POINT('',(11.8850245123763,-19.8436383561579,-13.1167059858222));
#3572=CARTESIAN_POINT('',(3.2299980202337,-17.0113632205086,-15.9489811214715));
#3573=CARTESIAN_POINT('',(15.1236488341297,-17.0113632205086,-15.9489811214715));
#3574=CARTESIAN_POINT('',(8.11227315588303,-21.8936383561579,-11.0667059858222));
#3575=CARTESIAN_POINT('Origin',(21.2736488341297,-17.0113632205086,-17.9489811214715));
#3576=CARTESIAN_POINT('',(14.7172996480256,-9.01136322050856,-17.9489811214715));
#3577=CARTESIAN_POINT('',(15.1236488341297,-9.01136322050856,-17.9489811214715));
#3578=CARTESIAN_POINT('',(14.7172996480256,-15.0113632205086,-17.9489811214715));
#3579=CARTESIAN_POINT('Origin',(15.1236488341297,-8.01136322050856,-16.9489811214715));
#3580=CARTESIAN_POINT('',(3.22999802023371,-7.01136322050856,-15.9489811214715));
#3581=CARTESIAN_POINT('',(6.45393982254971,-3.78742141819256,-12.7250393191555));
#3582=CARTESIAN_POINT('',(14.7172996480256,-7.01136322050856,-15.9489811214715));
#3583=CARTESIAN_POINT('',(15.1236488341297,-7.01136322050856,-15.9489811214715));
#3584=CARTESIAN_POINT('',(15.7172996480256,-8.01136322050856,-16.9489811214715));
#3585=CARTESIAN_POINT('',(13.5433578457096,-5.83742141819257,-14.7750393191555));
#3586=CARTESIAN_POINT('',(14.451691179043,-9.27697168949122,-18.2145895904542));
#3587=CARTESIAN_POINT('Origin',(15.7172996480256,-15.0113632205086,-16.9489811214715));
#3588=CARTESIAN_POINT('',(16.7172996480256,-9.01136322050856,-15.9489811214715));
#3589=CARTESIAN_POINT('',(18.9589663146923,-11.2530298871752,-13.7073144548049));
#3590=CARTESIAN_POINT('',(16.7172996480256,-15.0113632205086,-15.9489811214715));
#3591=CARTESIAN_POINT('',(16.7172996480256,-15.0113632205086,-15.9489811214715));
#3592=CARTESIAN_POINT('',(19.6172996480256,-12.1113632205086,-13.0489811214715));
#3593=CARTESIAN_POINT('Origin',(15.7172996480256,-8.01136322050856,-4.49898112147151));
#3594=CARTESIAN_POINT('',(14.7172996480256,-7.01136322050856,8.85101887852849));
#3595=CARTESIAN_POINT('',(14.7172996480256,-7.01136322050856,-4.49898112147151));
#3596=CARTESIAN_POINT('',(16.7172996480256,-9.01136322050855,8.85101887852849));
#3597=CARTESIAN_POINT('',(16.7172996480256,-9.01136322050855,8.85101887852849));
#3598=CARTESIAN_POINT('',(16.7172996480256,-9.01136322050856,-4.49898112147151));
#3599=CARTESIAN_POINT('Origin',(8.97364883412967,-7.01136322050856,-7.04898112147151));
#3600=CARTESIAN_POINT('',(3.22999802023372,-7.01136322050856,8.85101887852849));
#3601=CARTESIAN_POINT('',(3.22999802023371,-7.01136322050856,-4.49898112147151));
#3602=CARTESIAN_POINT('',(5.10182342718169,-7.01136322050856,8.85101887852849));
#3603=CARTESIAN_POINT('Origin',(15.7172996480256,-16.0113632205086,5.45101887852848));
#3604=CARTESIAN_POINT('',(16.7172996480256,-15.0113632205086,-1.94898112147151));
#3605=CARTESIAN_POINT('',(16.7172996480256,-15.0113632205086,5.45101887852848));
#3606=CARTESIAN_POINT('',(14.7172996480256,-17.0113632205086,-2.20301442905668));
#3607=CARTESIAN_POINT('Origin',(16.7172996480256,-15.0113632205086,-9.94898112147152));
#3608=CARTESIAN_POINT('',(14.7172996480256,-17.0113632205086,5.45101887852848));
#3609=CARTESIAN_POINT('Origin',(2.22999802023371,-8.01136322050856,-4.49898112147151));
#3610=CARTESIAN_POINT('',(1.22999802023371,-9.01136322050856,8.85101887852849));
#3611=CARTESIAN_POINT('',(1.2299980202337,-9.01136322050856,-4.49898112147151));
#3612=CARTESIAN_POINT('',(1.22999802023371,-9.01136322050856,8.85101887852849));
#3613=CARTESIAN_POINT('Origin',(1.22999802023371,-17.0113632205086,-1.94898112147151));
#3614=CARTESIAN_POINT('',(1.22999802023371,-15.0113632205086,-1.94898112147151));
#3615=CARTESIAN_POINT('',(1.22999802023371,-15.0113632205086,5.45101887852849));
#3616=CARTESIAN_POINT('',(1.2299980202337,-13.0113632205086,-1.94898112147151));
#3617=CARTESIAN_POINT('',(1.22999802023371,-15.0113632205086,-1.94898112147151));
#3618=CARTESIAN_POINT('',(1.22999802023371,-13.0113632205086,12.1248496159437));
#3619=CARTESIAN_POINT('',(1.22999802023371,-13.0113632205086,5.45101887852849));
#3620=CARTESIAN_POINT('',(1.22999802023371,-10.5113632205086,10.7875105516322));
#3621=CARTESIAN_POINT('Origin',(1.22999802023371,-9.01136322050856,16.5969855709433));
#3622=CARTESIAN_POINT('Origin',(1.22999802023371,-11.0113632205086,8.85101887852849));
#3623=CARTESIAN_POINT('',(1.22999802023371,-13.6113632205086,-13.9489811214715));
#3624=CARTESIAN_POINT('Origin',(1.22999802023371,-12.0113632205086,-13.9489811214715));
#3625=CARTESIAN_POINT('Origin',(2.22999802023371,-16.0113632205086,5.45101887852849));
#3626=CARTESIAN_POINT('',(3.2299980202337,-17.0113632205086,-2.20301442905667));
#3627=CARTESIAN_POINT('',(3.22999802023371,-17.0113632205086,5.45101887852849));
#3628=CARTESIAN_POINT('Origin',(1.2299980202337,-15.0113632205086,-9.94898112147151));
#3629=CARTESIAN_POINT('Origin',(16.7172996480256,-13.0113632205086,-1.94898112147151));
#3630=CARTESIAN_POINT('',(16.7172996480256,-10.5113632205086,10.7875105516322));
#3631=CARTESIAN_POINT('Origin',(16.7172996480256,-11.0113632205086,8.85101887852849));
#3632=CARTESIAN_POINT('',(16.7172996480256,-13.0113632205086,12.1248496159437));
#3633=CARTESIAN_POINT('Origin',(16.7172996480256,-9.01136322050856,16.5969855709433));
#3634=CARTESIAN_POINT('',(16.7172996480256,-13.0113632205086,-1.94898112147151));
#3635=CARTESIAN_POINT('',(16.7172996480256,-13.0113632205086,5.45101887852848));
#3636=CARTESIAN_POINT('',(16.7172996480256,-15.0113632205086,-1.94898112147151));
#3637=CARTESIAN_POINT('',(16.7172996480256,-13.6113632205086,-13.9489811214715));
#3638=CARTESIAN_POINT('Origin',(16.7172996480256,-12.0113632205086,-13.9489811214715));
#3639=CARTESIAN_POINT('Origin',(8.97364883412969,-17.0113632205086,12.8510188785285));
#3640=CARTESIAN_POINT('',(22.374153897518,-17.0113632205086,-4.29212687197914));
#3641=CARTESIAN_POINT('Origin',(16.7172996480256,-17.0113632205086,-9.94898112147152));
#3642=CARTESIAN_POINT('',(23.7485225682826,-17.0113632205086,-5.66649554274371));
#3643=CARTESIAN_POINT('',(23.7485225682826,-17.0113632205086,-5.66649554274371));
#3644=CARTESIAN_POINT('',(27.9911632554019,-17.0113632205086,-1.42385485562443));
#3645=CARTESIAN_POINT('Origin',(25.8698429118422,-17.0113632205086,-3.54517519918407));
#3646=CARTESIAN_POINT('',(26.6167945846373,-17.0113632205086,-0.0494861848598585));
#3647=CARTESIAN_POINT('',(27.9911632554019,-17.0113632205086,-1.42385485562443));
#3648=CARTESIAN_POINT('',(24.2736488341297,-17.0113632205086,5.60736806463252));
#3649=CARTESIAN_POINT('Origin',(32.2736488341297,-17.0113632205086,5.60736806463252));
#3650=CARTESIAN_POINT('',(24.2736488341297,-17.0113632205086,20.0946696924244));
#3651=CARTESIAN_POINT('',(24.2736488341297,-17.0113632205086,24.6510188785285));
#3652=CARTESIAN_POINT('',(26.6167945846373,-17.0113632205086,25.7515239419168));
#3653=CARTESIAN_POINT('Origin',(32.2736488341297,-17.0113632205086,20.0946696924244));
#3654=CARTESIAN_POINT('',(27.9911632554019,-17.0113632205086,27.1258926126814));
#3655=CARTESIAN_POINT('',(27.9911632554019,-17.0113632205086,27.1258926126814));
#3656=CARTESIAN_POINT('',(23.7485225682826,-17.0113632205086,31.3685332998007));
#3657=CARTESIAN_POINT('Origin',(25.8698429118423,-17.0113632205086,29.247212956241));
#3658=CARTESIAN_POINT('',(22.6670471163315,-17.0113632205086,30.2870578478496));
#3659=CARTESIAN_POINT('',(23.7485225682826,-17.0113632205086,31.3685332998007));
#3660=CARTESIAN_POINT('',(16.3030860856526,-17.0113632205086,27.6510188785285));
#3661=CARTESIAN_POINT('Origin',(16.3030860856526,-17.0113632205086,36.6510188785285));
#3662=CARTESIAN_POINT('',(1.64421158260683,-17.0113632205086,27.6510188785285));
#3663=CARTESIAN_POINT('',(-3.32635116587031,-17.0113632205086,27.6510188785285));
#3664=CARTESIAN_POINT('',(-4.7197494480721,-17.0113632205086,30.2870578478496));
#3665=CARTESIAN_POINT('Origin',(1.64421158260683,-17.0113632205086,36.6510188785285));
#3666=CARTESIAN_POINT('',(-5.80122490002323,-17.0113632205086,31.3685332998007));
#3667=CARTESIAN_POINT('',(-5.80122490002323,-17.0113632205086,31.3685332998007));
#3668=CARTESIAN_POINT('',(-10.0438655871425,-17.0113632205086,27.1258926126814));
#3669=CARTESIAN_POINT('Origin',(-7.92254524358287,-17.0113632205086,29.247212956241));
#3670=CARTESIAN_POINT('',(-8.66949691637793,-17.0113632205086,25.7515239419168));
#3671=CARTESIAN_POINT('',(-10.0438655871425,-17.0113632205086,27.1258926126814));
#3672=CARTESIAN_POINT('',(-6.32635116587031,-17.0113632205086,20.0946696924244));
#3673=CARTESIAN_POINT('Origin',(-14.3263511658703,-17.0113632205086,20.0946696924244));
#3674=CARTESIAN_POINT('',(-6.32635116587031,-17.0113632205086,5.60736806463257));
#3675=CARTESIAN_POINT('',(-6.32635116587031,-17.0113632205086,1.05101887852848));
#3676=CARTESIAN_POINT('',(-8.66949691637793,-17.0113632205086,-0.049486184859811));
#3677=CARTESIAN_POINT('Origin',(-14.3263511658703,-17.0113632205086,5.60736806463257));
#3678=CARTESIAN_POINT('',(-10.0438655871425,-17.0113632205086,-1.4238548556244));
#3679=CARTESIAN_POINT('',(-10.0438655871425,-17.0113632205086,-1.4238548556244));
#3680=CARTESIAN_POINT('',(-5.80122490002324,-17.0113632205086,-5.66649554274369));
#3681=CARTESIAN_POINT('Origin',(-7.92254524358289,-17.0113632205086,-3.54517519918404));
#3682=CARTESIAN_POINT('',(-4.42685622925867,-17.0113632205086,-4.29212687197912));
#3683=CARTESIAN_POINT('',(-5.80122490002324,-17.0113632205086,-5.66649554274369));
#3684=CARTESIAN_POINT('Origin',(1.2299980202337,-17.0113632205086,-9.94898112147151));
#3685=CARTESIAN_POINT('',(24.2698429118422,-17.0113632205086,-3.54517519918407));
#3686=CARTESIAN_POINT('Origin',(25.8698429118422,-17.0113632205086,-3.54517519918407));
#3687=CARTESIAN_POINT('',(-6.32254524358289,-17.0113632205086,-3.54517519918405));
#3688=CARTESIAN_POINT('Origin',(-7.92254524358289,-17.0113632205086,-3.54517519918404));
#3689=CARTESIAN_POINT('',(24.2698429118423,-17.0113632205086,29.247212956241));
#3690=CARTESIAN_POINT('Origin',(25.8698429118423,-17.0113632205086,29.247212956241));
#3691=CARTESIAN_POINT('',(-6.32254524358287,-17.0113632205086,29.247212956241));
#3692=CARTESIAN_POINT('Origin',(-7.92254524358287,-17.0113632205086,29.247212956241));
#3693=CARTESIAN_POINT('',(21.6736488341297,-17.0113632205086,25.0510188785285));
#3694=CARTESIAN_POINT('',(21.6736488341297,-17.0113632205086,0.851018878528477));
#3695=CARTESIAN_POINT('',(21.6736488341297,-17.0113632205086,6.85101887852848));
#3696=CARTESIAN_POINT('',(-3.72635116587031,-17.0113632205086,0.85101887852848));
#3697=CARTESIAN_POINT('',(2.62364883412969,-17.0113632205086,0.851018878528478));
#3698=CARTESIAN_POINT('',(-3.72635116587031,-17.0113632205086,25.0510188785285));
#3699=CARTESIAN_POINT('',(-3.72635116587031,-17.0113632205086,18.9510188785285));
#3700=CARTESIAN_POINT('',(15.3236488341297,-17.0113632205086,25.0510188785285));
#3701=CARTESIAN_POINT('Origin',(2.22999802023371,-11.0113632205086,8.85101887852849));
#3702=CARTESIAN_POINT('',(3.2299980202337,-10.0113632205086,12.7240022247359));
#3703=CARTESIAN_POINT('',(1.22999802023371,-10.5113632205086,10.7875105516322));
#3704=CARTESIAN_POINT('Origin',(3.2299980202337,-11.0113632205086,8.85101887852849));
#3705=CARTESIAN_POINT('Origin',(2.22999802023371,-9.01136322050856,16.5969855709433));
#3706=CARTESIAN_POINT('',(3.2299980202337,-13.0113632205086,16.5969855709433));
#3707=CARTESIAN_POINT('Ctrl Pts',(3.2299980202337,-13.0113632205086,16.5969855709433));
#3708=CARTESIAN_POINT('Ctrl Pts',(3.2299980202337,-13.0113632205086,14.8081311889435));
#3709=CARTESIAN_POINT('Ctrl Pts',(1.22999802023371,-13.0113632205086,12.1248496159437));
#3710=CARTESIAN_POINT('Origin',(3.2299980202337,-9.01136322050856,16.5969855709433));
#3711=CARTESIAN_POINT('Origin',(15.7172996480256,-9.01136322050856,16.5969855709433));
#3712=CARTESIAN_POINT('',(14.7172996480256,-13.0113632205086,16.5969855709433));
#3713=CARTESIAN_POINT('Ctrl Pts',(16.7172996480256,-13.0113632205086,12.1248496159437));
#3714=CARTESIAN_POINT('Ctrl Pts',(14.7172996480256,-13.0113632205086,14.8081311889435));
#3715=CARTESIAN_POINT('Ctrl Pts',(14.7172996480256,-13.0113632205086,16.5969855709433));
#3716=CARTESIAN_POINT('',(14.7172996480256,-10.0113632205086,12.7240022247359));
#3717=CARTESIAN_POINT('',(16.7172996480256,-10.5113632205086,10.7875105516322));
#3718=CARTESIAN_POINT('Origin',(14.7172996480256,-9.01136322050856,16.5969855709433));
#3719=CARTESIAN_POINT('Origin',(15.7172996480256,-11.0113632205086,8.85101887852849));
#3720=CARTESIAN_POINT('Origin',(14.7172996480256,-11.0113632205086,8.85101887852849));
#3721=CARTESIAN_POINT('Origin',(16.7172996480256,-12.0113632205086,-13.9489811214715));
#3722=CARTESIAN_POINT('',(16.7172996480256,-13.6113632205086,-13.9489811214715));
#3723=CARTESIAN_POINT('Origin',(5.10182342718169,-9.01136322050856,16.5969855709433));
#3724=CARTESIAN_POINT('',(5.10182342718169,-13.0113632205086,16.5969855709433));
#3725=CARTESIAN_POINT('',(5.10182342718169,-10.0113632205086,12.7240022247359));
#3726=CARTESIAN_POINT('Origin',(8.97364883412969,-13.0113632205086,12.8510188785285));
#3727=CARTESIAN_POINT('',(-4.42685622925867,-13.0113632205086,-4.29212687197912));
#3728=CARTESIAN_POINT('Origin',(1.2299980202337,-13.0113632205086,-9.94898112147151));
#3729=CARTESIAN_POINT('',(-5.80122490002324,-13.0113632205086,-5.66649554274369));
#3730=CARTESIAN_POINT('',(-5.80122490002324,-13.0113632205086,-5.66649554274369));
#3731=CARTESIAN_POINT('',(-10.0438655871425,-13.0113632205086,-1.4238548556244));
#3732=CARTESIAN_POINT('Origin',(-7.92254524358289,-13.0113632205086,-3.54517519918404));
#3733=CARTESIAN_POINT('',(-8.66949691637793,-13.0113632205086,-0.049486184859811));
#3734=CARTESIAN_POINT('',(-10.0438655871425,-13.0113632205086,-1.4238548556244));
#3735=CARTESIAN_POINT('',(-6.32635116587031,-13.0113632205086,5.60736806463257));
#3736=CARTESIAN_POINT('Origin',(-14.3263511658703,-13.0113632205086,5.60736806463257));
#3737=CARTESIAN_POINT('',(-6.32635116587031,-13.0113632205086,20.0946696924244));
#3738=CARTESIAN_POINT('',(-6.32635116587031,-13.0113632205086,1.05101887852848));
#3739=CARTESIAN_POINT('',(-8.66949691637793,-13.0113632205086,25.7515239419168));
#3740=CARTESIAN_POINT('Origin',(-14.3263511658703,-13.0113632205086,20.0946696924244));
#3741=CARTESIAN_POINT('',(-10.0438655871425,-13.0113632205086,27.1258926126814));
#3742=CARTESIAN_POINT('',(-10.0438655871425,-13.0113632205086,27.1258926126814));
#3743=CARTESIAN_POINT('',(-5.80122490002323,-13.0113632205086,31.3685332998007));
#3744=CARTESIAN_POINT('Origin',(-7.92254524358287,-13.0113632205086,29.247212956241));
#3745=CARTESIAN_POINT('',(-4.7197494480721,-13.0113632205086,30.2870578478496));
#3746=CARTESIAN_POINT('',(-5.80122490002323,-13.0113632205086,31.3685332998007));
#3747=CARTESIAN_POINT('',(1.64421158260683,-13.0113632205086,27.6510188785285));
#3748=CARTESIAN_POINT('Origin',(1.64421158260683,-13.0113632205086,36.6510188785285));
#3749=CARTESIAN_POINT('',(16.3030860856526,-13.0113632205086,27.6510188785285));
#3750=CARTESIAN_POINT('',(-3.32635116587031,-13.0113632205086,27.6510188785285));
#3751=CARTESIAN_POINT('',(22.6670471163315,-13.0113632205086,30.2870578478496));
#3752=CARTESIAN_POINT('Origin',(16.3030860856526,-13.0113632205086,36.6510188785285));
#3753=CARTESIAN_POINT('',(23.7485225682826,-13.0113632205086,31.3685332998007));
#3754=CARTESIAN_POINT('',(23.7485225682826,-13.0113632205086,31.3685332998007));
#3755=CARTESIAN_POINT('',(27.9911632554019,-13.0113632205086,27.1258926126814));
#3756=CARTESIAN_POINT('Origin',(25.8698429118423,-13.0113632205086,29.247212956241));
#3757=CARTESIAN_POINT('',(26.6167945846373,-13.0113632205086,25.7515239419168));
#3758=CARTESIAN_POINT('',(27.9911632554019,-13.0113632205086,27.1258926126814));
#3759=CARTESIAN_POINT('',(24.2736488341297,-13.0113632205086,20.0946696924244));
#3760=CARTESIAN_POINT('Origin',(32.2736488341297,-13.0113632205086,20.0946696924244));
#3761=CARTESIAN_POINT('',(24.2736488341297,-13.0113632205086,5.60736806463252));
#3762=CARTESIAN_POINT('',(24.2736488341297,-13.0113632205086,24.6510188785285));
#3763=CARTESIAN_POINT('',(26.6167945846373,-13.0113632205086,-0.0494861848598585));
#3764=CARTESIAN_POINT('Origin',(32.2736488341297,-13.0113632205086,5.60736806463252));
#3765=CARTESIAN_POINT('',(27.9911632554019,-13.0113632205086,-1.42385485562443));
#3766=CARTESIAN_POINT('',(27.9911632554019,-13.0113632205086,-1.42385485562443));
#3767=CARTESIAN_POINT('',(23.7485225682826,-13.0113632205086,-5.66649554274371));
#3768=CARTESIAN_POINT('Origin',(25.8698429118422,-13.0113632205086,-3.54517519918407));
#3769=CARTESIAN_POINT('',(22.374153897518,-13.0113632205086,-4.29212687197914));
#3770=CARTESIAN_POINT('',(23.7485225682826,-13.0113632205086,-5.66649554274371));
#3771=CARTESIAN_POINT('Origin',(16.7172996480256,-13.0113632205086,-9.94898112147152));
#3772=CARTESIAN_POINT('',(-6.32254524358287,-13.0113632205086,29.247212956241));
#3773=CARTESIAN_POINT('Origin',(-7.92254524358287,-13.0113632205086,29.247212956241));
#3774=CARTESIAN_POINT('',(24.2698429118423,-13.0113632205086,29.247212956241));
#3775=CARTESIAN_POINT('Origin',(25.8698429118423,-13.0113632205086,29.247212956241));
#3776=CARTESIAN_POINT('',(-6.32254524358289,-13.0113632205086,-3.54517519918405));
#3777=CARTESIAN_POINT('Origin',(-7.92254524358289,-13.0113632205086,-3.54517519918404));
#3778=CARTESIAN_POINT('',(24.2698429118422,-13.0113632205086,-3.54517519918407));
#3779=CARTESIAN_POINT('Origin',(25.8698429118422,-13.0113632205086,-3.54517519918407));
#3780=CARTESIAN_POINT('Origin',(5.10182342718169,-11.0113632205086,8.85101887852849));
#3781=CARTESIAN_POINT('Origin',(32.2736488341297,-15.0113632205086,5.60736806463252));
#3782=CARTESIAN_POINT('',(26.6167945846373,-15.0113632205086,-0.0494861848598582));
#3783=CARTESIAN_POINT('',(24.2736488341297,-15.0113632205086,5.60736806463252));
#3784=CARTESIAN_POINT('Origin',(27.9911632554019,-13.0113632205086,-1.42385485562443));
#3785=CARTESIAN_POINT('',(27.9911632554019,-13.0113632205086,-1.42385485562443));
#3786=CARTESIAN_POINT('Origin',(-14.3263511658703,-15.0113632205086,5.60736806463257));
#3787=CARTESIAN_POINT('',(-8.66949691637793,-15.0113632205086,-0.0494861848598116));
#3788=CARTESIAN_POINT('',(-6.32635116587031,-15.0113632205086,5.60736806463257));
#3789=CARTESIAN_POINT('Origin',(-10.0438655871425,-13.0113632205086,-1.4238548556244));
#3790=CARTESIAN_POINT('',(-10.0438655871425,-13.0113632205086,-1.4238548556244));
#3791=CARTESIAN_POINT('Origin',(16.7172996480256,-15.0113632205086,-9.94898112147152));
#3792=CARTESIAN_POINT('',(22.374153897518,-15.0113632205086,-4.29212687197914));
#3793=CARTESIAN_POINT('Origin',(20.0310081470104,-13.0113632205086,-1.94898112147151));
#3794=CARTESIAN_POINT('',(23.7485225682826,-13.0113632205086,-5.66649554274371));
#3795=CARTESIAN_POINT('Origin',(1.2299980202337,-15.0113632205086,-9.94898112147151));
#3796=CARTESIAN_POINT('',(-4.42685622925867,-15.0113632205086,-4.29212687197912));
#3797=CARTESIAN_POINT('Origin',(-2.08371047875104,-13.0113632205086,-1.94898112147149));
#3798=CARTESIAN_POINT('',(-5.80122490002324,-13.0113632205086,-5.66649554274369));
#3799=CARTESIAN_POINT('Origin',(-14.3263511658703,-15.0113632205086,20.0946696924244));
#3800=CARTESIAN_POINT('',(-8.66949691637793,-15.0113632205086,25.7515239419168));
#3801=CARTESIAN_POINT('',(-6.32635116587031,-15.0113632205086,20.0946696924244));
#3802=CARTESIAN_POINT('Origin',(-10.0438655871425,-13.0113632205086,27.1258926126814));
#3803=CARTESIAN_POINT('',(-10.0438655871425,-13.0113632205086,27.1258926126814));
#3804=CARTESIAN_POINT('Origin',(32.2736488341297,-15.0113632205086,20.0946696924244));
#3805=CARTESIAN_POINT('',(26.6167945846373,-15.0113632205086,25.7515239419168));
#3806=CARTESIAN_POINT('',(24.2736488341297,-15.0113632205086,20.0946696924244));
#3807=CARTESIAN_POINT('Origin',(27.9911632554019,-13.0113632205086,27.1258926126814));
#3808=CARTESIAN_POINT('',(27.9911632554019,-13.0113632205086,27.1258926126814));
#3809=CARTESIAN_POINT('Origin',(16.3030860856526,-15.0113632205086,36.6510188785285));
#3810=CARTESIAN_POINT('',(22.6670471163315,-15.0113632205086,30.2870578478496));
#3811=CARTESIAN_POINT('',(16.3030860856526,-15.0113632205086,27.6510188785285));
#3812=CARTESIAN_POINT('Origin',(20.0310081470104,-13.0113632205086,27.6510188785285));
#3813=CARTESIAN_POINT('',(23.7485225682826,-13.0113632205086,31.3685332998007));
#3814=CARTESIAN_POINT('Origin',(1.64421158260683,-15.0113632205086,36.6510188785285));
#3815=CARTESIAN_POINT('',(-4.7197494480721,-15.0113632205086,30.2870578478496));
#3816=CARTESIAN_POINT('',(1.64421158260683,-15.0113632205086,27.6510188785285));
#3817=CARTESIAN_POINT('Origin',(-2.08371047875103,-13.0113632205086,27.6510188785285));
#3818=CARTESIAN_POINT('',(-5.80122490002323,-13.0113632205086,31.3685332998007));
#3819=CARTESIAN_POINT('Origin',(25.8698429118422,-13.0113632205086,-3.54517519918407));
#3820=CARTESIAN_POINT('',(24.2698429118422,-13.0113632205086,-3.54517519918407));
#3821=CARTESIAN_POINT('Origin',(25.8698429118422,-13.0113632205086,-3.54517519918407));
#3822=CARTESIAN_POINT('Origin',(24.2736488341297,-17.0113632205086,24.6510188785285));
#3823=CARTESIAN_POINT('Origin',(-7.92254524358289,-13.0113632205086,-3.54517519918404));
#3824=CARTESIAN_POINT('',(-6.32254524358289,-13.0113632205086,-3.54517519918404));
#3825=CARTESIAN_POINT('Origin',(-7.92254524358289,-13.0113632205086,-3.54517519918404));
#3826=CARTESIAN_POINT('Origin',(25.8698429118423,-13.0113632205086,29.247212956241));
#3827=CARTESIAN_POINT('',(24.2698429118423,-13.0113632205086,29.247212956241));
#3828=CARTESIAN_POINT('Origin',(25.8698429118423,-13.0113632205086,29.247212956241));
#3829=CARTESIAN_POINT('Origin',(-3.32635116587031,-17.0113632205086,27.6510188785285));
#3830=CARTESIAN_POINT('Origin',(-7.92254524358287,-13.0113632205086,29.247212956241));
#3831=CARTESIAN_POINT('',(-6.32254524358287,-13.0113632205086,29.247212956241));
#3832=CARTESIAN_POINT('Origin',(-7.92254524358287,-13.0113632205086,29.247212956241));
#3833=CARTESIAN_POINT('Origin',(-6.32635116587031,-17.0113632205086,1.05101887852848));
#3834=CARTESIAN_POINT('Origin',(9.47364883412969,-18.2613632205086,0.601018878528477));
#3835=CARTESIAN_POINT('',(7.97364883412969,-18.5113632205086,0.851018878528478));
#3836=CARTESIAN_POINT('',(7.97364883412969,-18.0113632205086,0.351018878528477));
#3837=CARTESIAN_POINT('',(7.97364883412969,-18.3863632205086,0.726018878528478));
#3838=CARTESIAN_POINT('',(9.97364883412969,-18.0113632205086,0.351018878528477));
#3839=CARTESIAN_POINT('',(9.97364883412969,-18.0113632205086,0.351018878528477));
#3840=CARTESIAN_POINT('',(9.97364883412969,-18.5113632205086,0.851018878528478));
#3841=CARTESIAN_POINT('',(9.97364883412969,-18.2613632205086,0.601018878528478));
#3842=CARTESIAN_POINT('',(3.12364883412969,-18.5113632205086,0.851018878528478));
#3843=CARTESIAN_POINT('Origin',(9.97364883412969,-18.0113632205086,0.851018878528478));
#3844=CARTESIAN_POINT('',(9.97364883412969,-18.0113632205086,0.851018878528478));
#3845=CARTESIAN_POINT('',(9.97364883412969,-18.0113632205086,0.851018878528478));
#3846=CARTESIAN_POINT('',(9.97364883412969,-17.5113632205086,0.851018878528478));
#3847=CARTESIAN_POINT('Origin',(7.97364883412969,-18.0113632205086,0.851018878528478));
#3848=CARTESIAN_POINT('',(7.97364883412969,-18.0113632205086,0.851018878528478));
#3849=CARTESIAN_POINT('',(2.12364883412969,-18.0113632205086,0.851018878528478));
#3850=CARTESIAN_POINT('',(7.97364883412969,-18.0113632205086,0.851018878528478));
#3851=CARTESIAN_POINT('Origin',(7.97364883412969,-18.5113632205086,0.851018878528478));
#3852=CARTESIAN_POINT('',(7.97364883412969,-17.7613632205086,0.851018878528478));
#3853=CARTESIAN_POINT('Origin',(8.47364883412969,-18.2613632205086,25.3010188785285));
#3854=CARTESIAN_POINT('',(7.97364883412969,-18.0113632205086,25.5510188785285));
#3855=CARTESIAN_POINT('',(7.97364883412969,-18.5113632205086,25.0510188785285));
#3856=CARTESIAN_POINT('',(7.97364883412969,-18.2613632205086,25.3010188785285));
#3857=CARTESIAN_POINT('',(9.97364883412969,-18.5113632205086,25.0510188785285));
#3858=CARTESIAN_POINT('',(14.8236488341297,-18.5113632205086,25.0510188785285));
#3859=CARTESIAN_POINT('',(9.97364883412969,-18.0113632205086,25.5510188785285));
#3860=CARTESIAN_POINT('',(9.97364883412969,-18.3863632205086,25.1760188785285));
#3861=CARTESIAN_POINT('',(9.47364883412969,-18.0113632205086,25.5510188785285));
#3862=CARTESIAN_POINT('Origin',(7.97364883412969,-18.0113632205086,25.0510188785285));
#3863=CARTESIAN_POINT('',(7.97364883412969,-18.0113632205086,25.0510188785285));
#3864=CARTESIAN_POINT('',(7.97364883412969,-18.0113632205086,25.0510188785285));
#3865=CARTESIAN_POINT('',(7.97364883412969,-17.5113632205086,25.0510188785285));
#3866=CARTESIAN_POINT('Origin',(9.97364883412969,-18.5113632205086,25.0510188785285));
#3867=CARTESIAN_POINT('',(9.97364883412969,-18.0113632205086,25.0510188785285));
#3868=CARTESIAN_POINT('',(9.97364883412969,-17.7613632205086,25.0510188785285));
#3869=CARTESIAN_POINT('',(9.97364883412969,-18.0113632205086,25.0510188785285));
#3870=CARTESIAN_POINT('Origin',(9.97364883412969,-18.0113632205086,25.0510188785285));
#3871=CARTESIAN_POINT('',(15.8236488341297,-18.0113632205086,25.0510188785285));
#3872=CARTESIAN_POINT('Origin',(21.6736488341297,-17.0113632205086,0.851018878528477));
#3873=CARTESIAN_POINT('',(21.6736488341297,-19.3613632205086,25.0510188785285));
#3874=CARTESIAN_POINT('',(21.6736488341297,-17.0113632205086,25.0510188785285));
#3875=CARTESIAN_POINT('',(21.6736488341297,-19.3613632205086,0.851018878528476));
#3876=CARTESIAN_POINT('',(21.6736488341297,-19.3613632205086,0.851018878528477));
#3877=CARTESIAN_POINT('',(21.6736488341297,-17.0113632205086,0.851018878528477));
#3878=CARTESIAN_POINT('Origin',(-3.72635116587031,-17.0113632205086,0.851018878528478));
#3879=CARTESIAN_POINT('',(-3.72635116587031,-19.3613632205086,0.85101887852848));
#3880=CARTESIAN_POINT('',(-3.72635116587031,-19.3613632205086,0.851018878528478));
#3881=CARTESIAN_POINT('',(-3.72635116587031,-17.0113632205086,0.85101887852848));
#3882=CARTESIAN_POINT('Origin',(-3.72635116587031,-17.0113632205086,25.0510188785285));
#3883=CARTESIAN_POINT('',(-3.72635116587031,-19.3613632205086,25.0510188785285));
#3884=CARTESIAN_POINT('',(-3.72635116587031,-19.3613632205086,25.0510188785285));
#3885=CARTESIAN_POINT('',(-3.72635116587031,-17.0113632205086,25.0510188785285));
#3886=CARTESIAN_POINT('Origin',(21.6736488341297,-17.0113632205086,25.0510188785285));
#3887=CARTESIAN_POINT('',(21.6736488341297,-19.3613632205086,25.0510188785285));
#3888=CARTESIAN_POINT('Origin',(8.97364883412969,-19.3613632205086,12.9510188785285));
#3889=UNCERTAINTY_MEASURE_WITH_UNIT(LENGTH_MEASURE(0.01),#3893,
'DISTANCE_ACCURACY_VALUE',
'Maximum model space distance between geometric entities at asserted c
onnectivities');
#3890=UNCERTAINTY_MEASURE_WITH_UNIT(LENGTH_MEASURE(0.01),#3893,
'DISTANCE_ACCURACY_VALUE',
'Maximum model space distance between geometric entities at asserted c
onnectivities');
#3891=(
GEOMETRIC_REPRESENTATION_CONTEXT(3)
GLOBAL_UNCERTAINTY_ASSIGNED_CONTEXT((#3889))
GLOBAL_UNIT_ASSIGNED_CONTEXT((#3893,#3894,#3895))
REPRESENTATION_CONTEXT('','3D')
);
#3892=(
GEOMETRIC_REPRESENTATION_CONTEXT(3)
GLOBAL_UNCERTAINTY_ASSIGNED_CONTEXT((#3890))
GLOBAL_UNIT_ASSIGNED_CONTEXT((#3893,#3894,#3895))
REPRESENTATION_CONTEXT('','3D')
);
#3893=(
LENGTH_UNIT()
NAMED_UNIT(*)
SI_UNIT(.MILLI.,.METRE.)
);
#3894=(
NAMED_UNIT(*)
PLANE_ANGLE_UNIT()
SI_UNIT($,.RADIAN.)
);
#3895=(
NAMED_UNIT(*)
SI_UNIT($,.STERADIAN.)
SOLID_ANGLE_UNIT()
);
#3896=SHAPE_DEFINITION_REPRESENTATION(#3897,#3898);
#3897=PRODUCT_DEFINITION_SHAPE('',$,#3900);
#3898=SHAPE_REPRESENTATION('',(#2339),#3891);
#3899=PRODUCT_DEFINITION_CONTEXT('part definition',#3904,'design');
#3900=PRODUCT_DEFINITION('2026-09-26-17-46-53-855','Camera Mount',#3901,
#3899);
#3901=PRODUCT_DEFINITION_FORMATION('',$,#3906);
#3902=PRODUCT_RELATED_PRODUCT_CATEGORY('Camera Mount','Camera Mount',(#3906));
#3903=APPLICATION_PROTOCOL_DEFINITION('international standard',
'automotive_design',2009,#3904);
#3904=APPLICATION_CONTEXT(
'Core Data for Automotive Mechanical Design Process');
#3905=PRODUCT_CONTEXT('part definition',#3904,'mechanical');
#3906=PRODUCT('2026-09-26-17-46-53-855','Camera Mount',$,(#3905));
#3907=PRESENTATION_STYLE_ASSIGNMENT((#3908));
#3908=SURFACE_STYLE_USAGE(.BOTH.,#3909);
#3909=SURFACE_SIDE_STYLE('',(#3910));
#3910=SURFACE_STYLE_FILL_AREA(#3911);
#3911=FILL_AREA_STYLE('Steel - Satin',(#3912));
#3912=FILL_AREA_STYLE_COLOUR('Steel - Satin',#3913);
#3913=COLOUR_RGB('Steel - Satin',0.627450980392157,0.627450980392157,0.627450980392157);
ENDSEC;
END-ISO-10303-21;
