ISO-10303-21;
HEADER;
/* Generated by software containing ST-Developer
 * from STEP Tools, Inc. (www.steptools.com) 
 */

FILE_DESCRIPTION(
/* description */ (''),
/* implementation_level */ '2;1');

FILE_NAME(
/* name */ 'Pi_Case.step',
/* time_stamp */ '2026-09-27T10:39:08-04:00',
/* author */ (''),
/* organization */ (''),
/* preprocessor_version */ 'ST-DEVELOPER v20.2',
/* originating_system */ 'Autodesk Translation Framework v15.15.0.0',
/* authorisation */ '');

FILE_SCHEMA (('AUTOMOTIVE_DESIGN { 1 0 10303 214 3 1 1 }'));
ENDSEC;

DATA;
#10=MECHANICAL_DESIGN_GEOMETRIC_PRESENTATION_REPRESENTATION('',(#13),#5994);
#11=SHAPE_REPRESENTATION_RELATIONSHIP('SRR','None',#6000,#12);
#12=ADVANCED_BREP_SHAPE_REPRESENTATION('',(#14),#5993);
#13=STYLED_ITEM('',(#6009),#14);
#14=MANIFOLD_SOLID_BREP('Body1',#3533);
#15=B_SPLINE_CURVE_WITH_KNOTS('',3,(#5685,#5686,#5687,#5688,#5689,#5690,
#5691,#5692,#5693,#5694),.UNSPECIFIED.,.F.,.F.,(4,2,2,2,4),(0.0754104953972663,
0.0943953074000844,0.113380119402902,0.132225853826453,0.151071588250004),
 .UNSPECIFIED.);
#16=B_SPLINE_CURVE_WITH_KNOTS('',3,(#5698,#5699,#5700,#5701,#5702,#5703,
#5704,#5705,#5706,#5707),.UNSPECIFIED.,.F.,.F.,(4,2,2,2,4),(0.,0.0188619650718091,
0.0377239301436183,0.0569026623574264,0.0760813945712345),.UNSPECIFIED.);
#17=B_SPLINE_CURVE_WITH_KNOTS('',3,(#5778,#5779,#5780,#5781,#5782,#5783,
#5784,#5785,#5786,#5787,#5788,#5789,#5790,#5791,#5792),.UNSPECIFIED.,.F.,
 .F.,(4,2,2,2,3,2,4),(-0.1047077117076,-0.099465189466687,-0.0736973033548032,
-0.048893088100934,-0.0278137367503564,-0.0264002601439666,0.),
 .UNSPECIFIED.);
#18=B_SPLINE_CURVE_WITH_KNOTS('',3,(#5811,#5812,#5813,#5814,#5815,#5816,
#5817,#5818,#5819,#5820),.UNSPECIFIED.,.F.,.F.,(4,2,2,2,4),(0.212118392775693,
0.238679461999397,0.265240531223101,0.29194159524278,0.31864265926246),
 .UNSPECIFIED.);
#19=FACE_BOUND('',#426,.T.);
#20=FACE_BOUND('',#427,.T.);
#21=FACE_BOUND('',#428,.T.);
#22=FACE_BOUND('',#429,.T.);
#23=FACE_BOUND('',#430,.T.);
#24=FACE_BOUND('',#431,.T.);
#25=FACE_BOUND('',#434,.T.);
#26=FACE_BOUND('',#435,.T.);
#27=FACE_BOUND('',#436,.T.);
#28=FACE_BOUND('',#475,.T.);
#29=FACE_BOUND('',#543,.T.);
#30=FACE_BOUND('',#547,.T.);
#31=FACE_BOUND('',#548,.T.);
#32=FACE_BOUND('',#549,.T.);
#33=FACE_BOUND('',#550,.T.);
#34=FACE_BOUND('',#551,.T.);
#35=FACE_BOUND('',#552,.T.);
#36=FACE_BOUND('',#555,.T.);
#37=FACE_BOUND('',#556,.T.);
#38=FACE_BOUND('',#557,.T.);
#39=FACE_BOUND('',#560,.T.);
#40=FACE_BOUND('',#563,.T.);
#41=FACE_BOUND('',#566,.T.);
#42=FACE_BOUND('',#569,.T.);
#43=FACE_BOUND('',#571,.T.);
#44=FACE_BOUND('',#574,.T.);
#45=FACE_BOUND('',#575,.T.);
#46=FACE_BOUND('',#576,.T.);
#47=FACE_BOUND('',#577,.T.);
#48=CONICAL_SURFACE('',#3557,1.2500009714079,0.785398163397451);
#49=CONICAL_SURFACE('',#3558,1.2500009714079,0.785398163397451);
#50=CONICAL_SURFACE('',#3581,1.25,0.785398163397448);
#51=CONICAL_SURFACE('',#3582,1.25,0.785398163397448);
#52=CONICAL_SURFACE('',#3605,1.25,0.785398163397448);
#53=CONICAL_SURFACE('',#3606,1.25,0.785398163397448);
#54=CONICAL_SURFACE('',#3629,1.25,0.785398163397451);
#55=CONICAL_SURFACE('',#3630,1.25,0.785398163397451);
#56=CONICAL_SURFACE('',#3632,5.5,0.785398163397457);
#57=CONICAL_SURFACE('',#3636,5.50000000000002,0.785398163397456);
#58=CONICAL_SURFACE('',#3640,5.49999999999999,0.785398163397431);
#59=CONICAL_SURFACE('',#3644,5.50000000000001,0.785398163397439);
#60=(
BOUNDED_CURVE()
B_SPLINE_CURVE(2,(#4912,#4913,#4914),.UNSPECIFIED.,.F.,.F.)
B_SPLINE_CURVE_WITH_KNOTS((3,3),(0.,0.0714767565872718),.UNSPECIFIED.)
CURVE()
GEOMETRIC_REPRESENTATION_ITEM()
RATIONAL_B_SPLINE_CURVE((1.,1.02154818227899,1.))
REPRESENTATION_ITEM('')
);
#61=(
BOUNDED_CURVE()
B_SPLINE_CURVE(2,(#4918,#4919,#4920),.UNSPECIFIED.,.F.,.F.)
B_SPLINE_CURVE_WITH_KNOTS((3,3),(0.,0.0714767565872718),.UNSPECIFIED.)
CURVE()
GEOMETRIC_REPRESENTATION_ITEM()
RATIONAL_B_SPLINE_CURVE((1.,1.02154818227899,1.))
REPRESENTATION_ITEM('')
);
#62=(
BOUNDED_CURVE()
B_SPLINE_CURVE(2,(#4930,#4931,#4932),.UNSPECIFIED.,.F.,.F.)
B_SPLINE_CURVE_WITH_KNOTS((3,3),(0.,0.0714767565872718),.UNSPECIFIED.)
CURVE()
GEOMETRIC_REPRESENTATION_ITEM()
RATIONAL_B_SPLINE_CURVE((1.,1.02154818227899,1.))
REPRESENTATION_ITEM('')
);
#63=(
BOUNDED_CURVE()
B_SPLINE_CURVE(2,(#4936,#4937,#4938),.UNSPECIFIED.,.F.,.F.)
B_SPLINE_CURVE_WITH_KNOTS((3,3),(0.,0.0714767565872718),.UNSPECIFIED.)
CURVE()
GEOMETRIC_REPRESENTATION_ITEM()
RATIONAL_B_SPLINE_CURVE((1.,1.02154818227899,1.))
REPRESENTATION_ITEM('')
);
#64=(
BOUNDED_CURVE()
B_SPLINE_CURVE(2,(#4987,#4988,#4989),.UNSPECIFIED.,.F.,.F.)
B_SPLINE_CURVE_WITH_KNOTS((3,3),(0.,0.071476757880031),.UNSPECIFIED.)
CURVE()
GEOMETRIC_REPRESENTATION_ITEM()
RATIONAL_B_SPLINE_CURVE((1.,1.02154821844812,1.))
REPRESENTATION_ITEM('')
);
#65=(
BOUNDED_CURVE()
B_SPLINE_CURVE(2,(#4993,#4994,#4995),.UNSPECIFIED.,.F.,.F.)
B_SPLINE_CURVE_WITH_KNOTS((3,3),(0.,0.071476757880031),.UNSPECIFIED.)
CURVE()
GEOMETRIC_REPRESENTATION_ITEM()
RATIONAL_B_SPLINE_CURVE((1.,1.02154821844812,1.))
REPRESENTATION_ITEM('')
);
#66=(
BOUNDED_CURVE()
B_SPLINE_CURVE(2,(#5005,#5006,#5007),.UNSPECIFIED.,.F.,.F.)
B_SPLINE_CURVE_WITH_KNOTS((3,3),(0.,0.071476757880031),.UNSPECIFIED.)
CURVE()
GEOMETRIC_REPRESENTATION_ITEM()
RATIONAL_B_SPLINE_CURVE((1.,1.02154821844812,1.))
REPRESENTATION_ITEM('')
);
#67=(
BOUNDED_CURVE()
B_SPLINE_CURVE(2,(#5011,#5012,#5013),.UNSPECIFIED.,.F.,.F.)
B_SPLINE_CURVE_WITH_KNOTS((3,3),(0.,0.071476757880031),.UNSPECIFIED.)
CURVE()
GEOMETRIC_REPRESENTATION_ITEM()
RATIONAL_B_SPLINE_CURVE((1.,1.02154821844812,1.))
REPRESENTATION_ITEM('')
);
#68=(
BOUNDED_CURVE()
B_SPLINE_CURVE(2,(#5062,#5063,#5064),.UNSPECIFIED.,.F.,.F.)
B_SPLINE_CURVE_WITH_KNOTS((3,3),(0.,0.0714767578800313),.UNSPECIFIED.)
CURVE()
GEOMETRIC_REPRESENTATION_ITEM()
RATIONAL_B_SPLINE_CURVE((1.,1.02154821844242,1.))
REPRESENTATION_ITEM('')
);
#69=(
BOUNDED_CURVE()
B_SPLINE_CURVE(2,(#5068,#5069,#5070),.UNSPECIFIED.,.F.,.F.)
B_SPLINE_CURVE_WITH_KNOTS((3,3),(0.,0.0714767578800313),.UNSPECIFIED.)
CURVE()
GEOMETRIC_REPRESENTATION_ITEM()
RATIONAL_B_SPLINE_CURVE((1.,1.02154821844407,1.))
REPRESENTATION_ITEM('')
);
#70=(
BOUNDED_CURVE()
B_SPLINE_CURVE(2,(#5080,#5081,#5082),.UNSPECIFIED.,.F.,.F.)
B_SPLINE_CURVE_WITH_KNOTS((3,3),(0.,0.0714767578800313),.UNSPECIFIED.)
CURVE()
GEOMETRIC_REPRESENTATION_ITEM()
RATIONAL_B_SPLINE_CURVE((1.,1.02154821844407,1.))
REPRESENTATION_ITEM('')
);
#71=(
BOUNDED_CURVE()
B_SPLINE_CURVE(2,(#5086,#5087,#5088),.UNSPECIFIED.,.F.,.F.)
B_SPLINE_CURVE_WITH_KNOTS((3,3),(0.,0.0714767578800313),.UNSPECIFIED.)
CURVE()
GEOMETRIC_REPRESENTATION_ITEM()
RATIONAL_B_SPLINE_CURVE((1.,1.02154821844242,1.))
REPRESENTATION_ITEM('')
);
#72=(
BOUNDED_CURVE()
B_SPLINE_CURVE(2,(#5137,#5138,#5139),.UNSPECIFIED.,.F.,.F.)
B_SPLINE_CURVE_WITH_KNOTS((3,3),(0.,0.0714767578800314),.UNSPECIFIED.)
CURVE()
GEOMETRIC_REPRESENTATION_ITEM()
RATIONAL_B_SPLINE_CURVE((1.,1.02154821844688,1.))
REPRESENTATION_ITEM('')
);
#73=(
BOUNDED_CURVE()
B_SPLINE_CURVE(2,(#5143,#5144,#5145),.UNSPECIFIED.,.F.,.F.)
B_SPLINE_CURVE_WITH_KNOTS((3,3),(0.,0.0714767578800314),.UNSPECIFIED.)
CURVE()
GEOMETRIC_REPRESENTATION_ITEM()
RATIONAL_B_SPLINE_CURVE((1.,1.0215482184451,1.))
REPRESENTATION_ITEM('')
);
#74=(
BOUNDED_CURVE()
B_SPLINE_CURVE(2,(#5155,#5156,#5157),.UNSPECIFIED.,.F.,.F.)
B_SPLINE_CURVE_WITH_KNOTS((3,3),(0.,0.0714767578800314),.UNSPECIFIED.)
CURVE()
GEOMETRIC_REPRESENTATION_ITEM()
RATIONAL_B_SPLINE_CURVE((1.,1.0215482184451,1.))
REPRESENTATION_ITEM('')
);
#75=(
BOUNDED_CURVE()
B_SPLINE_CURVE(2,(#5161,#5162,#5163),.UNSPECIFIED.,.F.,.F.)
B_SPLINE_CURVE_WITH_KNOTS((3,3),(0.,0.0714767578800314),.UNSPECIFIED.)
CURVE()
GEOMETRIC_REPRESENTATION_ITEM()
RATIONAL_B_SPLINE_CURVE((1.,1.02154821844688,1.))
REPRESENTATION_ITEM('')
);
#76=PLANE('',#3542);
#77=PLANE('',#3543);
#78=PLANE('',#3544);
#79=PLANE('',#3545);
#80=PLANE('',#3547);
#81=PLANE('',#3549);
#82=PLANE('',#3551);
#83=PLANE('',#3566);
#84=PLANE('',#3567);
#85=PLANE('',#3568);
#86=PLANE('',#3569);
#87=PLANE('',#3571);
#88=PLANE('',#3573);
#89=PLANE('',#3575);
#90=PLANE('',#3590);
#91=PLANE('',#3591);
#92=PLANE('',#3592);
#93=PLANE('',#3593);
#94=PLANE('',#3595);
#95=PLANE('',#3597);
#96=PLANE('',#3599);
#97=PLANE('',#3614);
#98=PLANE('',#3615);
#99=PLANE('',#3616);
#100=PLANE('',#3617);
#101=PLANE('',#3619);
#102=PLANE('',#3621);
#103=PLANE('',#3623);
#104=PLANE('',#3631);
#105=PLANE('',#3635);
#106=PLANE('',#3639);
#107=PLANE('',#3643);
#108=PLANE('',#3649);
#109=PLANE('',#3664);
#110=PLANE('',#3681);
#111=PLANE('',#3684);
#112=PLANE('',#3687);
#113=PLANE('',#3688);
#114=PLANE('',#3689);
#115=PLANE('',#3692);
#116=PLANE('',#3695);
#117=PLANE('',#3696);
#118=PLANE('',#3697);
#119=PLANE('',#3698);
#120=PLANE('',#3699);
#121=PLANE('',#3702);
#122=PLANE('',#3705);
#123=PLANE('',#3708);
#124=PLANE('',#3711);
#125=PLANE('',#3712);
#126=PLANE('',#3713);
#127=PLANE('',#3714);
#128=PLANE('',#3715);
#129=PLANE('',#3718);
#130=PLANE('',#3721);
#131=PLANE('',#3724);
#132=PLANE('',#3727);
#133=PLANE('',#3728);
#134=PLANE('',#3729);
#135=PLANE('',#3730);
#136=PLANE('',#3737);
#137=PLANE('',#3740);
#138=PLANE('',#3743);
#139=PLANE('',#3746);
#140=PLANE('',#3749);
#141=PLANE('',#3752);
#142=PLANE('',#3755);
#143=PLANE('',#3758);
#144=PLANE('',#3761);
#145=PLANE('',#3764);
#146=PLANE('',#3767);
#147=PLANE('',#3770);
#148=PLANE('',#3775);
#149=PLANE('',#3778);
#150=PLANE('',#3781);
#151=PLANE('',#3784);
#152=PLANE('',#3786);
#153=PLANE('',#3790);
#154=PLANE('',#3796);
#155=PLANE('',#3800);
#156=PLANE('',#3803);
#157=PLANE('',#3813);
#158=PLANE('',#3814);
#159=PLANE('',#3815);
#160=PLANE('',#3816);
#161=PLANE('',#3817);
#162=PLANE('',#3818);
#163=PLANE('',#3819);
#164=PLANE('',#3820);
#165=PLANE('',#3825);
#166=PLANE('',#3826);
#167=PLANE('',#3827);
#168=PLANE('',#3828);
#169=PLANE('',#3829);
#170=PLANE('',#3830);
#171=PLANE('',#3833);
#172=PLANE('',#3834);
#173=PLANE('',#3835);
#174=PLANE('',#3836);
#175=PLANE('',#3839);
#176=PLANE('',#3843);
#177=PLANE('',#3844);
#178=PLANE('',#3847);
#179=PLANE('',#3850);
#180=PLANE('',#3854);
#181=PLANE('',#3858);
#182=PLANE('',#3862);
#183=PLANE('',#3866);
#184=PLANE('',#3867);
#185=PLANE('',#3868);
#186=PLANE('',#3869);
#187=FACE_OUTER_BOUND('',#368,.T.);
#188=FACE_OUTER_BOUND('',#369,.T.);
#189=FACE_OUTER_BOUND('',#370,.T.);
#190=FACE_OUTER_BOUND('',#371,.T.);
#191=FACE_OUTER_BOUND('',#372,.T.);
#192=FACE_OUTER_BOUND('',#373,.T.);
#193=FACE_OUTER_BOUND('',#374,.T.);
#194=FACE_OUTER_BOUND('',#375,.T.);
#195=FACE_OUTER_BOUND('',#376,.T.);
#196=FACE_OUTER_BOUND('',#377,.T.);
#197=FACE_OUTER_BOUND('',#378,.T.);
#198=FACE_OUTER_BOUND('',#379,.T.);
#199=FACE_OUTER_BOUND('',#380,.T.);
#200=FACE_OUTER_BOUND('',#381,.T.);
#201=FACE_OUTER_BOUND('',#382,.T.);
#202=FACE_OUTER_BOUND('',#383,.T.);
#203=FACE_OUTER_BOUND('',#384,.T.);
#204=FACE_OUTER_BOUND('',#385,.T.);
#205=FACE_OUTER_BOUND('',#386,.T.);
#206=FACE_OUTER_BOUND('',#387,.T.);
#207=FACE_OUTER_BOUND('',#388,.T.);
#208=FACE_OUTER_BOUND('',#389,.T.);
#209=FACE_OUTER_BOUND('',#390,.T.);
#210=FACE_OUTER_BOUND('',#391,.T.);
#211=FACE_OUTER_BOUND('',#392,.T.);
#212=FACE_OUTER_BOUND('',#393,.T.);
#213=FACE_OUTER_BOUND('',#394,.T.);
#214=FACE_OUTER_BOUND('',#395,.T.);
#215=FACE_OUTER_BOUND('',#396,.T.);
#216=FACE_OUTER_BOUND('',#397,.T.);
#217=FACE_OUTER_BOUND('',#398,.T.);
#218=FACE_OUTER_BOUND('',#399,.T.);
#219=FACE_OUTER_BOUND('',#400,.T.);
#220=FACE_OUTER_BOUND('',#401,.T.);
#221=FACE_OUTER_BOUND('',#402,.T.);
#222=FACE_OUTER_BOUND('',#403,.T.);
#223=FACE_OUTER_BOUND('',#404,.T.);
#224=FACE_OUTER_BOUND('',#405,.T.);
#225=FACE_OUTER_BOUND('',#406,.T.);
#226=FACE_OUTER_BOUND('',#407,.T.);
#227=FACE_OUTER_BOUND('',#408,.T.);
#228=FACE_OUTER_BOUND('',#409,.T.);
#229=FACE_OUTER_BOUND('',#410,.T.);
#230=FACE_OUTER_BOUND('',#411,.T.);
#231=FACE_OUTER_BOUND('',#412,.T.);
#232=FACE_OUTER_BOUND('',#413,.T.);
#233=FACE_OUTER_BOUND('',#414,.T.);
#234=FACE_OUTER_BOUND('',#415,.T.);
#235=FACE_OUTER_BOUND('',#416,.T.);
#236=FACE_OUTER_BOUND('',#417,.T.);
#237=FACE_OUTER_BOUND('',#418,.T.);
#238=FACE_OUTER_BOUND('',#419,.T.);
#239=FACE_OUTER_BOUND('',#420,.T.);
#240=FACE_OUTER_BOUND('',#421,.T.);
#241=FACE_OUTER_BOUND('',#422,.T.);
#242=FACE_OUTER_BOUND('',#423,.T.);
#243=FACE_OUTER_BOUND('',#424,.T.);
#244=FACE_OUTER_BOUND('',#425,.T.);
#245=FACE_OUTER_BOUND('',#432,.T.);
#246=FACE_OUTER_BOUND('',#433,.T.);
#247=FACE_OUTER_BOUND('',#437,.T.);
#248=FACE_OUTER_BOUND('',#438,.T.);
#249=FACE_OUTER_BOUND('',#439,.T.);
#250=FACE_OUTER_BOUND('',#440,.T.);
#251=FACE_OUTER_BOUND('',#441,.T.);
#252=FACE_OUTER_BOUND('',#442,.T.);
#253=FACE_OUTER_BOUND('',#443,.T.);
#254=FACE_OUTER_BOUND('',#444,.T.);
#255=FACE_OUTER_BOUND('',#445,.T.);
#256=FACE_OUTER_BOUND('',#446,.T.);
#257=FACE_OUTER_BOUND('',#447,.T.);
#258=FACE_OUTER_BOUND('',#448,.T.);
#259=FACE_OUTER_BOUND('',#449,.T.);
#260=FACE_OUTER_BOUND('',#450,.T.);
#261=FACE_OUTER_BOUND('',#451,.T.);
#262=FACE_OUTER_BOUND('',#452,.T.);
#263=FACE_OUTER_BOUND('',#453,.T.);
#264=FACE_OUTER_BOUND('',#454,.T.);
#265=FACE_OUTER_BOUND('',#455,.T.);
#266=FACE_OUTER_BOUND('',#456,.T.);
#267=FACE_OUTER_BOUND('',#457,.T.);
#268=FACE_OUTER_BOUND('',#458,.T.);
#269=FACE_OUTER_BOUND('',#459,.T.);
#270=FACE_OUTER_BOUND('',#460,.T.);
#271=FACE_OUTER_BOUND('',#461,.T.);
#272=FACE_OUTER_BOUND('',#462,.T.);
#273=FACE_OUTER_BOUND('',#463,.T.);
#274=FACE_OUTER_BOUND('',#464,.T.);
#275=FACE_OUTER_BOUND('',#465,.T.);
#276=FACE_OUTER_BOUND('',#466,.T.);
#277=FACE_OUTER_BOUND('',#467,.T.);
#278=FACE_OUTER_BOUND('',#468,.T.);
#279=FACE_OUTER_BOUND('',#469,.T.);
#280=FACE_OUTER_BOUND('',#470,.T.);
#281=FACE_OUTER_BOUND('',#471,.T.);
#282=FACE_OUTER_BOUND('',#472,.T.);
#283=FACE_OUTER_BOUND('',#473,.T.);
#284=FACE_OUTER_BOUND('',#474,.T.);
#285=FACE_OUTER_BOUND('',#476,.T.);
#286=FACE_OUTER_BOUND('',#477,.T.);
#287=FACE_OUTER_BOUND('',#478,.T.);
#288=FACE_OUTER_BOUND('',#479,.T.);
#289=FACE_OUTER_BOUND('',#480,.T.);
#290=FACE_OUTER_BOUND('',#481,.T.);
#291=FACE_OUTER_BOUND('',#482,.T.);
#292=FACE_OUTER_BOUND('',#483,.T.);
#293=FACE_OUTER_BOUND('',#484,.T.);
#294=FACE_OUTER_BOUND('',#485,.T.);
#295=FACE_OUTER_BOUND('',#486,.T.);
#296=FACE_OUTER_BOUND('',#487,.T.);
#297=FACE_OUTER_BOUND('',#488,.T.);
#298=FACE_OUTER_BOUND('',#489,.T.);
#299=FACE_OUTER_BOUND('',#490,.T.);
#300=FACE_OUTER_BOUND('',#491,.T.);
#301=FACE_OUTER_BOUND('',#492,.T.);
#302=FACE_OUTER_BOUND('',#493,.T.);
#303=FACE_OUTER_BOUND('',#494,.T.);
#304=FACE_OUTER_BOUND('',#495,.T.);
#305=FACE_OUTER_BOUND('',#496,.T.);
#306=FACE_OUTER_BOUND('',#497,.T.);
#307=FACE_OUTER_BOUND('',#498,.T.);
#308=FACE_OUTER_BOUND('',#499,.T.);
#309=FACE_OUTER_BOUND('',#500,.T.);
#310=FACE_OUTER_BOUND('',#501,.T.);
#311=FACE_OUTER_BOUND('',#502,.T.);
#312=FACE_OUTER_BOUND('',#503,.T.);
#313=FACE_OUTER_BOUND('',#504,.T.);
#314=FACE_OUTER_BOUND('',#505,.T.);
#315=FACE_OUTER_BOUND('',#506,.T.);
#316=FACE_OUTER_BOUND('',#507,.T.);
#317=FACE_OUTER_BOUND('',#508,.T.);
#318=FACE_OUTER_BOUND('',#509,.T.);
#319=FACE_OUTER_BOUND('',#510,.T.);
#320=FACE_OUTER_BOUND('',#511,.T.);
#321=FACE_OUTER_BOUND('',#512,.T.);
#322=FACE_OUTER_BOUND('',#513,.T.);
#323=FACE_OUTER_BOUND('',#514,.T.);
#324=FACE_OUTER_BOUND('',#515,.T.);
#325=FACE_OUTER_BOUND('',#516,.T.);
#326=FACE_OUTER_BOUND('',#517,.T.);
#327=FACE_OUTER_BOUND('',#518,.T.);
#328=FACE_OUTER_BOUND('',#519,.T.);
#329=FACE_OUTER_BOUND('',#520,.T.);
#330=FACE_OUTER_BOUND('',#521,.T.);
#331=FACE_OUTER_BOUND('',#522,.T.);
#332=FACE_OUTER_BOUND('',#523,.T.);
#333=FACE_OUTER_BOUND('',#524,.T.);
#334=FACE_OUTER_BOUND('',#525,.T.);
#335=FACE_OUTER_BOUND('',#526,.T.);
#336=FACE_OUTER_BOUND('',#527,.T.);
#337=FACE_OUTER_BOUND('',#528,.T.);
#338=FACE_OUTER_BOUND('',#529,.T.);
#339=FACE_OUTER_BOUND('',#530,.T.);
#340=FACE_OUTER_BOUND('',#531,.T.);
#341=FACE_OUTER_BOUND('',#532,.T.);
#342=FACE_OUTER_BOUND('',#533,.T.);
#343=FACE_OUTER_BOUND('',#534,.T.);
#344=FACE_OUTER_BOUND('',#535,.T.);
#345=FACE_OUTER_BOUND('',#536,.T.);
#346=FACE_OUTER_BOUND('',#537,.T.);
#347=FACE_OUTER_BOUND('',#538,.T.);
#348=FACE_OUTER_BOUND('',#539,.T.);
#349=FACE_OUTER_BOUND('',#540,.T.);
#350=FACE_OUTER_BOUND('',#541,.T.);
#351=FACE_OUTER_BOUND('',#542,.T.);
#352=FACE_OUTER_BOUND('',#544,.T.);
#353=FACE_OUTER_BOUND('',#545,.T.);
#354=FACE_OUTER_BOUND('',#546,.T.);
#355=FACE_OUTER_BOUND('',#553,.T.);
#356=FACE_OUTER_BOUND('',#554,.T.);
#357=FACE_OUTER_BOUND('',#558,.T.);
#358=FACE_OUTER_BOUND('',#559,.T.);
#359=FACE_OUTER_BOUND('',#561,.T.);
#360=FACE_OUTER_BOUND('',#562,.T.);
#361=FACE_OUTER_BOUND('',#564,.T.);
#362=FACE_OUTER_BOUND('',#565,.T.);
#363=FACE_OUTER_BOUND('',#567,.T.);
#364=FACE_OUTER_BOUND('',#568,.T.);
#365=FACE_OUTER_BOUND('',#570,.T.);
#366=FACE_OUTER_BOUND('',#572,.T.);
#367=FACE_OUTER_BOUND('',#573,.T.);
#368=EDGE_LOOP('',(#2266,#2267,#2268,#2269,#2270,#2271,#2272,#2273,#2274,
#2275,#2276,#2277));
#369=EDGE_LOOP('',(#2278,#2279,#2280,#2281,#2282,#2283,#2284,#2285,#2286,
#2287));
#370=EDGE_LOOP('',(#2288,#2289,#2290,#2291,#2292,#2293,#2294,#2295,#2296,
#2297));
#371=EDGE_LOOP('',(#2298,#2299,#2300,#2301));
#372=EDGE_LOOP('',(#2302,#2303,#2304,#2305));
#373=EDGE_LOOP('',(#2306,#2307,#2308,#2309,#2310));
#374=EDGE_LOOP('',(#2311,#2312));
#375=EDGE_LOOP('',(#2313,#2314));
#376=EDGE_LOOP('',(#2315,#2316,#2317,#2318));
#377=EDGE_LOOP('',(#2319,#2320,#2321,#2322));
#378=EDGE_LOOP('',(#2323,#2324,#2325,#2326));
#379=EDGE_LOOP('',(#2327,#2328,#2329,#2330));
#380=EDGE_LOOP('',(#2331,#2332,#2333,#2334,#2335,#2336,#2337,#2338,#2339,
#2340,#2341,#2342));
#381=EDGE_LOOP('',(#2343,#2344,#2345,#2346,#2347,#2348,#2349,#2350,#2351,
#2352));
#382=EDGE_LOOP('',(#2353,#2354,#2355,#2356,#2357,#2358,#2359,#2360,#2361,
#2362));
#383=EDGE_LOOP('',(#2363,#2364,#2365,#2366));
#384=EDGE_LOOP('',(#2367,#2368,#2369,#2370));
#385=EDGE_LOOP('',(#2371,#2372,#2373,#2374,#2375));
#386=EDGE_LOOP('',(#2376,#2377));
#387=EDGE_LOOP('',(#2378,#2379));
#388=EDGE_LOOP('',(#2380,#2381,#2382,#2383));
#389=EDGE_LOOP('',(#2384,#2385,#2386,#2387));
#390=EDGE_LOOP('',(#2388,#2389,#2390,#2391));
#391=EDGE_LOOP('',(#2392,#2393,#2394,#2395));
#392=EDGE_LOOP('',(#2396,#2397,#2398,#2399,#2400,#2401,#2402,#2403,#2404,
#2405,#2406,#2407));
#393=EDGE_LOOP('',(#2408,#2409,#2410,#2411,#2412,#2413,#2414,#2415,#2416,
#2417));
#394=EDGE_LOOP('',(#2418,#2419,#2420,#2421,#2422,#2423,#2424,#2425,#2426,
#2427));
#395=EDGE_LOOP('',(#2428,#2429,#2430,#2431));
#396=EDGE_LOOP('',(#2432,#2433,#2434,#2435));
#397=EDGE_LOOP('',(#2436,#2437,#2438,#2439,#2440));
#398=EDGE_LOOP('',(#2441,#2442));
#399=EDGE_LOOP('',(#2443,#2444));
#400=EDGE_LOOP('',(#2445,#2446,#2447,#2448));
#401=EDGE_LOOP('',(#2449,#2450,#2451,#2452));
#402=EDGE_LOOP('',(#2453,#2454,#2455,#2456));
#403=EDGE_LOOP('',(#2457,#2458,#2459,#2460));
#404=EDGE_LOOP('',(#2461,#2462,#2463,#2464,#2465,#2466,#2467,#2468,#2469,
#2470,#2471,#2472));
#405=EDGE_LOOP('',(#2473,#2474,#2475,#2476,#2477,#2478,#2479,#2480,#2481,
#2482));
#406=EDGE_LOOP('',(#2483,#2484,#2485,#2486,#2487,#2488,#2489,#2490,#2491,
#2492));
#407=EDGE_LOOP('',(#2493,#2494,#2495,#2496));
#408=EDGE_LOOP('',(#2497,#2498,#2499,#2500));
#409=EDGE_LOOP('',(#2501,#2502,#2503,#2504,#2505));
#410=EDGE_LOOP('',(#2506,#2507));
#411=EDGE_LOOP('',(#2508,#2509));
#412=EDGE_LOOP('',(#2510,#2511,#2512,#2513));
#413=EDGE_LOOP('',(#2514,#2515,#2516,#2517));
#414=EDGE_LOOP('',(#2518,#2519,#2520,#2521));
#415=EDGE_LOOP('',(#2522,#2523,#2524,#2525));
#416=EDGE_LOOP('',(#2526,#2527,#2528,#2529));
#417=EDGE_LOOP('',(#2530,#2531,#2532,#2533));
#418=EDGE_LOOP('',(#2534,#2535,#2536,#2537));
#419=EDGE_LOOP('',(#2538,#2539,#2540,#2541));
#420=EDGE_LOOP('',(#2542,#2543,#2544,#2545));
#421=EDGE_LOOP('',(#2546,#2547,#2548,#2549));
#422=EDGE_LOOP('',(#2550,#2551,#2552,#2553));
#423=EDGE_LOOP('',(#2554,#2555,#2556,#2557));
#424=EDGE_LOOP('',(#2558,#2559,#2560,#2561));
#425=EDGE_LOOP('',(#2562,#2563,#2564,#2565));
#426=EDGE_LOOP('',(#2566,#2567,#2568,#2569,#2570,#2571));
#427=EDGE_LOOP('',(#2572,#2573,#2574,#2575,#2576,#2577));
#428=EDGE_LOOP('',(#2578,#2579,#2580,#2581,#2582,#2583));
#429=EDGE_LOOP('',(#2584,#2585,#2586,#2587,#2588,#2589));
#430=EDGE_LOOP('',(#2590,#2591,#2592,#2593,#2594,#2595));
#431=EDGE_LOOP('',(#2596,#2597,#2598,#2599,#2600,#2601));
#432=EDGE_LOOP('',(#2602,#2603,#2604,#2605));
#433=EDGE_LOOP('',(#2606,#2607,#2608,#2609));
#434=EDGE_LOOP('',(#2610,#2611,#2612,#2613,#2614,#2615,#2616,#2617));
#435=EDGE_LOOP('',(#2618,#2619,#2620,#2621,#2622,#2623,#2624,#2625,#2626,
#2627,#2628,#2629));
#436=EDGE_LOOP('',(#2630,#2631,#2632,#2633,#2634,#2635,#2636,#2637,#2638,
#2639,#2640,#2641));
#437=EDGE_LOOP('',(#2642,#2643,#2644,#2645,#2646,#2647,#2648,#2649));
#438=EDGE_LOOP('',(#2650,#2651,#2652,#2653));
#439=EDGE_LOOP('',(#2654,#2655,#2656,#2657));
#440=EDGE_LOOP('',(#2658,#2659,#2660,#2661));
#441=EDGE_LOOP('',(#2662,#2663,#2664,#2665));
#442=EDGE_LOOP('',(#2666,#2667,#2668,#2669));
#443=EDGE_LOOP('',(#2670,#2671,#2672,#2673));
#444=EDGE_LOOP('',(#2674,#2675,#2676,#2677));
#445=EDGE_LOOP('',(#2678,#2679,#2680,#2681));
#446=EDGE_LOOP('',(#2682,#2683,#2684,#2685));
#447=EDGE_LOOP('',(#2686,#2687,#2688,#2689));
#448=EDGE_LOOP('',(#2690,#2691,#2692,#2693));
#449=EDGE_LOOP('',(#2694,#2695,#2696,#2697));
#450=EDGE_LOOP('',(#2698,#2699,#2700,#2701));
#451=EDGE_LOOP('',(#2702,#2703,#2704,#2705));
#452=EDGE_LOOP('',(#2706,#2707,#2708,#2709));
#453=EDGE_LOOP('',(#2710,#2711,#2712,#2713));
#454=EDGE_LOOP('',(#2714,#2715,#2716,#2717));
#455=EDGE_LOOP('',(#2718,#2719,#2720,#2721));
#456=EDGE_LOOP('',(#2722,#2723,#2724,#2725));
#457=EDGE_LOOP('',(#2726,#2727,#2728,#2729));
#458=EDGE_LOOP('',(#2730,#2731,#2732,#2733));
#459=EDGE_LOOP('',(#2734,#2735,#2736,#2737));
#460=EDGE_LOOP('',(#2738,#2739,#2740,#2741));
#461=EDGE_LOOP('',(#2742,#2743,#2744,#2745));
#462=EDGE_LOOP('',(#2746,#2747,#2748,#2749));
#463=EDGE_LOOP('',(#2750,#2751,#2752,#2753));
#464=EDGE_LOOP('',(#2754,#2755,#2756,#2757));
#465=EDGE_LOOP('',(#2758,#2759,#2760,#2761));
#466=EDGE_LOOP('',(#2762,#2763,#2764,#2765));
#467=EDGE_LOOP('',(#2766,#2767,#2768,#2769));
#468=EDGE_LOOP('',(#2770,#2771,#2772,#2773));
#469=EDGE_LOOP('',(#2774,#2775,#2776,#2777));
#470=EDGE_LOOP('',(#2778,#2779,#2780,#2781));
#471=EDGE_LOOP('',(#2782,#2783,#2784,#2785));
#472=EDGE_LOOP('',(#2786,#2787,#2788,#2789));
#473=EDGE_LOOP('',(#2790,#2791,#2792,#2793));
#474=EDGE_LOOP('',(#2794,#2795,#2796,#2797,#2798,#2799,#2800,#2801));
#475=EDGE_LOOP('',(#2802,#2803,#2804,#2805,#2806,#2807,#2808,#2809));
#476=EDGE_LOOP('',(#2810,#2811,#2812,#2813));
#477=EDGE_LOOP('',(#2814,#2815,#2816,#2817));
#478=EDGE_LOOP('',(#2818,#2819,#2820,#2821));
#479=EDGE_LOOP('',(#2822,#2823,#2824,#2825));
#480=EDGE_LOOP('',(#2826,#2827,#2828,#2829));
#481=EDGE_LOOP('',(#2830,#2831,#2832,#2833));
#482=EDGE_LOOP('',(#2834,#2835,#2836,#2837));
#483=EDGE_LOOP('',(#2838,#2839,#2840,#2841));
#484=EDGE_LOOP('',(#2842,#2843,#2844,#2845));
#485=EDGE_LOOP('',(#2846,#2847,#2848,#2849));
#486=EDGE_LOOP('',(#2850,#2851,#2852,#2853));
#487=EDGE_LOOP('',(#2854,#2855,#2856,#2857));
#488=EDGE_LOOP('',(#2858,#2859,#2860,#2861));
#489=EDGE_LOOP('',(#2862,#2863,#2864,#2865));
#490=EDGE_LOOP('',(#2866,#2867,#2868,#2869));
#491=EDGE_LOOP('',(#2870,#2871,#2872,#2873));
#492=EDGE_LOOP('',(#2874,#2875,#2876,#2877));
#493=EDGE_LOOP('',(#2878,#2879,#2880,#2881));
#494=EDGE_LOOP('',(#2882,#2883,#2884,#2885));
#495=EDGE_LOOP('',(#2886,#2887,#2888,#2889));
#496=EDGE_LOOP('',(#2890,#2891,#2892,#2893));
#497=EDGE_LOOP('',(#2894,#2895,#2896,#2897));
#498=EDGE_LOOP('',(#2898,#2899,#2900,#2901));
#499=EDGE_LOOP('',(#2902,#2903,#2904,#2905));
#500=EDGE_LOOP('',(#2906,#2907,#2908,#2909));
#501=EDGE_LOOP('',(#2910,#2911,#2912,#2913));
#502=EDGE_LOOP('',(#2914,#2915,#2916,#2917));
#503=EDGE_LOOP('',(#2918,#2919,#2920,#2921));
#504=EDGE_LOOP('',(#2922,#2923,#2924,#2925));
#505=EDGE_LOOP('',(#2926,#2927,#2928,#2929));
#506=EDGE_LOOP('',(#2930,#2931,#2932,#2933));
#507=EDGE_LOOP('',(#2934,#2935,#2936,#2937));
#508=EDGE_LOOP('',(#2938,#2939,#2940,#2941));
#509=EDGE_LOOP('',(#2942,#2943,#2944,#2945));
#510=EDGE_LOOP('',(#2946,#2947,#2948,#2949));
#511=EDGE_LOOP('',(#2950,#2951,#2952,#2953,#2954,#2955));
#512=EDGE_LOOP('',(#2956,#2957,#2958,#2959));
#513=EDGE_LOOP('',(#2960,#2961,#2962,#2963));
#514=EDGE_LOOP('',(#2964,#2965,#2966,#2967));
#515=EDGE_LOOP('',(#2968,#2969,#2970,#2971,#2972,#2973));
#516=EDGE_LOOP('',(#2974,#2975,#2976,#2977));
#517=EDGE_LOOP('',(#2978,#2979,#2980,#2981,#2982,#2983,#2984,#2985,#2986,
#2987,#2988,#2989,#2990));
#518=EDGE_LOOP('',(#2991,#2992,#2993,#2994,#2995,#2996,#2997,#2998,#2999,
#3000,#3001,#3002,#3003));
#519=EDGE_LOOP('',(#3004,#3005,#3006,#3007));
#520=EDGE_LOOP('',(#3008,#3009,#3010,#3011));
#521=EDGE_LOOP('',(#3012,#3013,#3014,#3015));
#522=EDGE_LOOP('',(#3016,#3017,#3018,#3019,#3020,#3021));
#523=EDGE_LOOP('',(#3022,#3023,#3024,#3025));
#524=EDGE_LOOP('',(#3026,#3027,#3028,#3029));
#525=EDGE_LOOP('',(#3030,#3031,#3032,#3033));
#526=EDGE_LOOP('',(#3034,#3035,#3036,#3037));
#527=EDGE_LOOP('',(#3038,#3039,#3040,#3041));
#528=EDGE_LOOP('',(#3042,#3043,#3044,#3045));
#529=EDGE_LOOP('',(#3046,#3047,#3048,#3049));
#530=EDGE_LOOP('',(#3050,#3051,#3052,#3053));
#531=EDGE_LOOP('',(#3054,#3055,#3056,#3057));
#532=EDGE_LOOP('',(#3058,#3059,#3060,#3061));
#533=EDGE_LOOP('',(#3062,#3063,#3064,#3065));
#534=EDGE_LOOP('',(#3066,#3067,#3068,#3069));
#535=EDGE_LOOP('',(#3070,#3071,#3072,#3073));
#536=EDGE_LOOP('',(#3074,#3075,#3076,#3077));
#537=EDGE_LOOP('',(#3078,#3079,#3080,#3081));
#538=EDGE_LOOP('',(#3082,#3083,#3084,#3085,#3086,#3087));
#539=EDGE_LOOP('',(#3088,#3089,#3090,#3091));
#540=EDGE_LOOP('',(#3092,#3093,#3094,#3095,#3096,#3097,#3098,#3099,#3100,
#3101,#3102));
#541=EDGE_LOOP('',(#3103,#3104,#3105,#3106,#3107,#3108,#3109,#3110,#3111,
#3112,#3113));
#542=EDGE_LOOP('',(#3114,#3115,#3116,#3117,#3118,#3119,#3120,#3121,#3122,
#3123,#3124,#3125,#3126,#3127,#3128,#3129,#3130,#3131,#3132,#3133));
#543=EDGE_LOOP('',(#3134,#3135,#3136,#3137,#3138,#3139));
#544=EDGE_LOOP('',(#3140,#3141,#3142,#3143));
#545=EDGE_LOOP('',(#3144,#3145,#3146,#3147));
#546=EDGE_LOOP('',(#3148,#3149,#3150,#3151));
#547=EDGE_LOOP('',(#3152,#3153,#3154,#3155,#3156,#3157));
#548=EDGE_LOOP('',(#3158,#3159,#3160,#3161,#3162,#3163));
#549=EDGE_LOOP('',(#3164,#3165,#3166,#3167,#3168,#3169));
#550=EDGE_LOOP('',(#3170,#3171,#3172,#3173,#3174,#3175));
#551=EDGE_LOOP('',(#3176,#3177,#3178,#3179,#3180,#3181));
#552=EDGE_LOOP('',(#3182,#3183,#3184,#3185,#3186,#3187));
#553=EDGE_LOOP('',(#3188,#3189,#3190,#3191));
#554=EDGE_LOOP('',(#3192,#3193,#3194,#3195));
#555=EDGE_LOOP('',(#3196,#3197,#3198,#3199,#3200,#3201,#3202,#3203,#3204,
#3205,#3206,#3207));
#556=EDGE_LOOP('',(#3208,#3209,#3210,#3211,#3212,#3213,#3214,#3215,#3216,
#3217,#3218,#3219));
#557=EDGE_LOOP('',(#3220,#3221,#3222,#3223,#3224,#3225,#3226,#3227));
#558=EDGE_LOOP('',(#3228,#3229,#3230,#3231));
#559=EDGE_LOOP('',(#3232));
#560=EDGE_LOOP('',(#3233));
#561=EDGE_LOOP('',(#3234,#3235,#3236,#3237));
#562=EDGE_LOOP('',(#3238));
#563=EDGE_LOOP('',(#3239));
#564=EDGE_LOOP('',(#3240,#3241,#3242,#3243));
#565=EDGE_LOOP('',(#3244));
#566=EDGE_LOOP('',(#3245));
#567=EDGE_LOOP('',(#3246,#3247,#3248,#3249));
#568=EDGE_LOOP('',(#3250));
#569=EDGE_LOOP('',(#3251));
#570=EDGE_LOOP('',(#3252,#3253,#3254,#3255,#3256,#3257,#3258,#3259,#3260,
#3261,#3262,#3263,#3264,#3265,#3266,#3267,#3268,#3269,#3270,#3271));
#571=EDGE_LOOP('',(#3272,#3273,#3274,#3275,#3276,#3277));
#572=EDGE_LOOP('',(#3278,#3279,#3280,#3281));
#573=EDGE_LOOP('',(#3282,#3283,#3284,#3285,#3286,#3287,#3288,#3289));
#574=EDGE_LOOP('',(#3290));
#575=EDGE_LOOP('',(#3291));
#576=EDGE_LOOP('',(#3292));
#577=EDGE_LOOP('',(#3293));
#578=CIRCLE('',#3536,1.35);
#579=CIRCLE('',#3537,1.35);
#580=CIRCLE('',#3538,1.35);
#581=CIRCLE('',#3539,1.35);
#582=CIRCLE('',#3540,1.35);
#583=CIRCLE('',#3541,1.35);
#584=CIRCLE('',#3546,1.5000009714079);
#585=CIRCLE('',#3548,1.5000009714079);
#586=CIRCLE('',#3550,1.0000009714079);
#587=CIRCLE('',#3552,1.0000009714079);
#588=CIRCLE('',#3554,1.5000009714079);
#589=CIRCLE('',#3556,1.5000009714079);
#590=CIRCLE('',#3560,1.3);
#591=CIRCLE('',#3561,1.3);
#592=CIRCLE('',#3562,1.3);
#593=CIRCLE('',#3563,1.3);
#594=CIRCLE('',#3564,1.3);
#595=CIRCLE('',#3565,1.3);
#596=CIRCLE('',#3570,1.5);
#597=CIRCLE('',#3572,1.5);
#598=CIRCLE('',#3574,1.);
#599=CIRCLE('',#3576,1.);
#600=CIRCLE('',#3578,1.5);
#601=CIRCLE('',#3580,1.5);
#602=CIRCLE('',#3584,1.34999999999999);
#603=CIRCLE('',#3585,1.34999999999999);
#604=CIRCLE('',#3586,1.34999999999999);
#605=CIRCLE('',#3587,1.34999999999999);
#606=CIRCLE('',#3588,1.34999999999999);
#607=CIRCLE('',#3589,1.34999999999999);
#608=CIRCLE('',#3594,1.5);
#609=CIRCLE('',#3596,1.5);
#610=CIRCLE('',#3598,1.);
#611=CIRCLE('',#3600,1.);
#612=CIRCLE('',#3602,1.5);
#613=CIRCLE('',#3604,1.5);
#614=CIRCLE('',#3608,1.35);
#615=CIRCLE('',#3609,1.35);
#616=CIRCLE('',#3610,1.35);
#617=CIRCLE('',#3611,1.35);
#618=CIRCLE('',#3612,1.35);
#619=CIRCLE('',#3613,1.35);
#620=CIRCLE('',#3618,1.5);
#621=CIRCLE('',#3620,1.5);
#622=CIRCLE('',#3622,0.999999999999999);
#623=CIRCLE('',#3624,0.999999999999999);
#624=CIRCLE('',#3626,1.5);
#625=CIRCLE('',#3628,1.5);
#626=CIRCLE('',#3633,5.00000000000001);
#627=CIRCLE('',#3634,6.);
#628=CIRCLE('',#3637,5.00000000000002);
#629=CIRCLE('',#3638,6.00000000000001);
#630=CIRCLE('',#3641,5.);
#631=CIRCLE('',#3642,5.99999999999999);
#632=CIRCLE('',#3645,5.);
#633=CIRCLE('',#3646,6.00000000000001);
#634=CIRCLE('',#3648,6.00000000000001);
#635=CIRCLE('',#3650,0.999999999999998);
#636=CIRCLE('',#3651,1.);
#637=CIRCLE('',#3652,0.999999999999988);
#638=CIRCLE('',#3653,1.00000000000001);
#639=CIRCLE('',#3654,1.);
#640=CIRCLE('',#3655,0.999999999999998);
#641=CIRCLE('',#3656,0.999999999999998);
#642=CIRCLE('',#3657,1.);
#643=CIRCLE('',#3658,1.00000000000001);
#644=CIRCLE('',#3659,0.999999999999988);
#645=CIRCLE('',#3660,0.999999999999988);
#646=CIRCLE('',#3661,1.00000000000001);
#647=CIRCLE('',#3663,5.99999999999999);
#648=CIRCLE('',#3665,1.8);
#649=CIRCLE('',#3666,1.8);
#650=CIRCLE('',#3667,1.8);
#651=CIRCLE('',#3668,1.8);
#652=CIRCLE('',#3669,0.949999999999147);
#653=CIRCLE('',#3670,0.950000000000013);
#654=CIRCLE('',#3671,0.950000000000131);
#655=CIRCLE('',#3672,0.950000000000162);
#656=CIRCLE('',#3673,0.949999999999989);
#657=CIRCLE('',#3674,0.949999999975577);
#658=CIRCLE('',#3675,0.94999999999915);
#659=CIRCLE('',#3676,0.950000000000027);
#660=CIRCLE('',#3677,0.950000000000126);
#661=CIRCLE('',#3678,0.950000000000165);
#662=CIRCLE('',#3679,0.950000000000001);
#663=CIRCLE('',#3680,0.949999999975577);
#664=CIRCLE('',#3683,1.);
#665=CIRCLE('',#3686,0.999999999999998);
#666=CIRCLE('',#3691,1.00000000000001);
#667=CIRCLE('',#3694,0.999999999999988);
#668=CIRCLE('',#3701,1.);
#669=CIRCLE('',#3704,0.999999999999998);
#670=CIRCLE('',#3707,1.);
#671=CIRCLE('',#3710,0.999999999999998);
#672=CIRCLE('',#3717,1.00000000000001);
#673=CIRCLE('',#3720,0.999999999999988);
#674=CIRCLE('',#3723,1.00000000000001);
#675=CIRCLE('',#3726,0.999999999999988);
#676=CIRCLE('',#3731,6.00000000000001);
#677=CIRCLE('',#3732,5.99999999999999);
#678=CIRCLE('',#3733,4.00000000000001);
#679=CIRCLE('',#3734,3.99999999999999);
#680=CIRCLE('',#3735,4.00000000000001);
#681=CIRCLE('',#3736,3.99999999999999);
#682=CIRCLE('',#3739,0.950000000000126);
#683=CIRCLE('',#3742,0.950000000000027);
#684=CIRCLE('',#3745,0.94999999999915);
#685=CIRCLE('',#3748,0.950000000000165);
#686=CIRCLE('',#3751,0.950000000000001);
#687=CIRCLE('',#3754,0.949999999975577);
#688=CIRCLE('',#3757,0.950000000000131);
#689=CIRCLE('',#3760,0.950000000000013);
#690=CIRCLE('',#3763,0.949999999999147);
#691=CIRCLE('',#3766,0.950000000000162);
#692=CIRCLE('',#3769,0.949999999999989);
#693=CIRCLE('',#3772,0.949999999975577);
#694=CIRCLE('',#3774,1.8);
#695=CIRCLE('',#3777,1.8);
#696=CIRCLE('',#3780,1.8);
#697=CIRCLE('',#3783,1.8);
#698=CIRCLE('',#3788,0.5);
#699=CIRCLE('',#3789,0.5);
#700=CIRCLE('',#3791,4.00000000000001);
#701=CIRCLE('',#3792,6.00000000000001);
#702=CIRCLE('',#3794,1.);
#703=CIRCLE('',#3795,1.);
#704=CIRCLE('',#3798,1.);
#705=CIRCLE('',#3799,1.);
#706=CIRCLE('',#3801,3.99999999999999);
#707=CIRCLE('',#3802,5.99999999999999);
#708=CIRCLE('',#3805,5.99999999999999);
#709=CIRCLE('',#3806,5.99999999999999);
#710=CIRCLE('',#3807,5.99999999999999);
#711=CIRCLE('',#3809,3.99999999999999);
#712=CIRCLE('',#3810,3.99999999999999);
#713=CIRCLE('',#3811,3.99999999999999);
#714=CIRCLE('',#3812,3.99999999999999);
#715=CIRCLE('',#3823,0.700000000000003);
#716=CIRCLE('',#3824,0.700000000000003);
#717=CIRCLE('',#3831,6.00000000000001);
#718=CIRCLE('',#3832,4.00000000000001);
#719=CIRCLE('',#3837,6.00000000000001);
#720=CIRCLE('',#3838,4.00000000000001);
#721=CIRCLE('',#3842,4.00000000000001);
#722=CIRCLE('',#3846,4.00000000000001);
#723=CIRCLE('',#3849,3.99999999999999);
#724=CIRCLE('',#3852,3.00000000000001);
#725=CIRCLE('',#3853,3.00000000000001);
#726=CIRCLE('',#3856,3.00000000000001);
#727=CIRCLE('',#3857,3.00000000000001);
#728=CIRCLE('',#3860,3.00000000000001);
#729=CIRCLE('',#3861,3.00000000000001);
#730=CIRCLE('',#3864,3.);
#731=CIRCLE('',#3865,3.);
#732=LINE('',#4886,#1072);
#733=LINE('',#4890,#1073);
#734=LINE('',#4895,#1074);
#735=LINE('',#4899,#1075);
#736=LINE('',#4903,#1076);
#737=LINE('',#4906,#1077);
#738=LINE('',#4908,#1078);
#739=LINE('',#4910,#1079);
#740=LINE('',#4916,#1080);
#741=LINE('',#4922,#1081);
#742=LINE('',#4923,#1082);
#743=LINE('',#4926,#1083);
#744=LINE('',#4928,#1084);
#745=LINE('',#4934,#1085);
#746=LINE('',#4940,#1086);
#747=LINE('',#4941,#1087);
#748=LINE('',#4942,#1088);
#749=LINE('',#4961,#1089);
#750=LINE('',#4965,#1090);
#751=LINE('',#4970,#1091);
#752=LINE('',#4974,#1092);
#753=LINE('',#4978,#1093);
#754=LINE('',#4981,#1094);
#755=LINE('',#4983,#1095);
#756=LINE('',#4985,#1096);
#757=LINE('',#4991,#1097);
#758=LINE('',#4997,#1098);
#759=LINE('',#4998,#1099);
#760=LINE('',#5001,#1100);
#761=LINE('',#5003,#1101);
#762=LINE('',#5009,#1102);
#763=LINE('',#5015,#1103);
#764=LINE('',#5016,#1104);
#765=LINE('',#5017,#1105);
#766=LINE('',#5036,#1106);
#767=LINE('',#5040,#1107);
#768=LINE('',#5045,#1108);
#769=LINE('',#5049,#1109);
#770=LINE('',#5053,#1110);
#771=LINE('',#5056,#1111);
#772=LINE('',#5058,#1112);
#773=LINE('',#5060,#1113);
#774=LINE('',#5066,#1114);
#775=LINE('',#5072,#1115);
#776=LINE('',#5073,#1116);
#777=LINE('',#5076,#1117);
#778=LINE('',#5078,#1118);
#779=LINE('',#5084,#1119);
#780=LINE('',#5090,#1120);
#781=LINE('',#5091,#1121);
#782=LINE('',#5092,#1122);
#783=LINE('',#5111,#1123);
#784=LINE('',#5115,#1124);
#785=LINE('',#5120,#1125);
#786=LINE('',#5124,#1126);
#787=LINE('',#5128,#1127);
#788=LINE('',#5131,#1128);
#789=LINE('',#5133,#1129);
#790=LINE('',#5135,#1130);
#791=LINE('',#5141,#1131);
#792=LINE('',#5147,#1132);
#793=LINE('',#5148,#1133);
#794=LINE('',#5151,#1134);
#795=LINE('',#5153,#1135);
#796=LINE('',#5159,#1136);
#797=LINE('',#5165,#1137);
#798=LINE('',#5166,#1138);
#799=LINE('',#5167,#1139);
#800=LINE('',#5186,#1140);
#801=LINE('',#5188,#1141);
#802=LINE('',#5190,#1142);
#803=LINE('',#5191,#1143);
#804=LINE('',#5195,#1144);
#805=LINE('',#5201,#1145);
#806=LINE('',#5202,#1146);
#807=LINE('',#5203,#1147);
#808=LINE('',#5207,#1148);
#809=LINE('',#5213,#1149);
#810=LINE('',#5214,#1150);
#811=LINE('',#5215,#1151);
#812=LINE('',#5219,#1152);
#813=LINE('',#5225,#1153);
#814=LINE('',#5226,#1154);
#815=LINE('',#5227,#1155);
#816=LINE('',#5233,#1156);
#817=LINE('',#5236,#1157);
#818=LINE('',#5239,#1158);
#819=LINE('',#5240,#1159);
#820=LINE('',#5243,#1160);
#821=LINE('',#5247,#1161);
#822=LINE('',#5251,#1162);
#823=LINE('',#5252,#1163);
#824=LINE('',#5255,#1164);
#825=LINE('',#5259,#1165);
#826=LINE('',#5263,#1166);
#827=LINE('',#5264,#1167);
#828=LINE('',#5267,#1168);
#829=LINE('',#5271,#1169);
#830=LINE('',#5273,#1170);
#831=LINE('',#5275,#1171);
#832=LINE('',#5279,#1172);
#833=LINE('',#5283,#1173);
#834=LINE('',#5287,#1174);
#835=LINE('',#5288,#1175);
#836=LINE('',#5291,#1176);
#837=LINE('',#5295,#1177);
#838=LINE('',#5297,#1178);
#839=LINE('',#5299,#1179);
#840=LINE('',#5303,#1180);
#841=LINE('',#5307,#1181);
#842=LINE('',#5311,#1182);
#843=LINE('',#5312,#1183);
#844=LINE('',#5315,#1184);
#845=LINE('',#5319,#1185);
#846=LINE('',#5320,#1186);
#847=LINE('',#5325,#1187);
#848=LINE('',#5329,#1188);
#849=LINE('',#5333,#1189);
#850=LINE('',#5336,#1190);
#851=LINE('',#5339,#1191);
#852=LINE('',#5343,#1192);
#853=LINE('',#5347,#1193);
#854=LINE('',#5351,#1194);
#855=LINE('',#5355,#1195);
#856=LINE('',#5359,#1196);
#857=LINE('',#5363,#1197);
#858=LINE('',#5367,#1198);
#859=LINE('',#5371,#1199);
#860=LINE('',#5375,#1200);
#861=LINE('',#5379,#1201);
#862=LINE('',#5383,#1202);
#863=LINE('',#5390,#1203);
#864=LINE('',#5391,#1204);
#865=LINE('',#5394,#1205);
#866=LINE('',#5395,#1206);
#867=LINE('',#5399,#1207);
#868=LINE('',#5402,#1208);
#869=LINE('',#5403,#1209);
#870=LINE('',#5406,#1210);
#871=LINE('',#5407,#1211);
#872=LINE('',#5409,#1212);
#873=LINE('',#5414,#1213);
#874=LINE('',#5415,#1214);
#875=LINE('',#5418,#1215);
#876=LINE('',#5419,#1216);
#877=LINE('',#5423,#1217);
#878=LINE('',#5426,#1218);
#879=LINE('',#5427,#1219);
#880=LINE('',#5430,#1220);
#881=LINE('',#5431,#1221);
#882=LINE('',#5433,#1222);
#883=LINE('',#5437,#1223);
#884=LINE('',#5438,#1224);
#885=LINE('',#5439,#1225);
#886=LINE('',#5442,#1226);
#887=LINE('',#5443,#1227);
#888=LINE('',#5447,#1228);
#889=LINE('',#5450,#1229);
#890=LINE('',#5451,#1230);
#891=LINE('',#5455,#1231);
#892=LINE('',#5457,#1232);
#893=LINE('',#5462,#1233);
#894=LINE('',#5463,#1234);
#895=LINE('',#5466,#1235);
#896=LINE('',#5467,#1236);
#897=LINE('',#5471,#1237);
#898=LINE('',#5474,#1238);
#899=LINE('',#5475,#1239);
#900=LINE('',#5478,#1240);
#901=LINE('',#5479,#1241);
#902=LINE('',#5481,#1242);
#903=LINE('',#5485,#1243);
#904=LINE('',#5486,#1244);
#905=LINE('',#5487,#1245);
#906=LINE('',#5490,#1246);
#907=LINE('',#5491,#1247);
#908=LINE('',#5495,#1248);
#909=LINE('',#5498,#1249);
#910=LINE('',#5499,#1250);
#911=LINE('',#5503,#1251);
#912=LINE('',#5505,#1252);
#913=LINE('',#5510,#1253);
#914=LINE('',#5511,#1254);
#915=LINE('',#5514,#1255);
#916=LINE('',#5515,#1256);
#917=LINE('',#5519,#1257);
#918=LINE('',#5522,#1258);
#919=LINE('',#5523,#1259);
#920=LINE('',#5526,#1260);
#921=LINE('',#5527,#1261);
#922=LINE('',#5529,#1262);
#923=LINE('',#5534,#1263);
#924=LINE('',#5537,#1264);
#925=LINE('',#5542,#1265);
#926=LINE('',#5546,#1266);
#927=LINE('',#5550,#1267);
#928=LINE('',#5553,#1268);
#929=LINE('',#5557,#1269);
#930=LINE('',#5558,#1270);
#931=LINE('',#5559,#1271);
#932=LINE('',#5563,#1272);
#933=LINE('',#5566,#1273);
#934=LINE('',#5567,#1274);
#935=LINE('',#5571,#1275);
#936=LINE('',#5574,#1276);
#937=LINE('',#5575,#1277);
#938=LINE('',#5579,#1278);
#939=LINE('',#5582,#1279);
#940=LINE('',#5583,#1280);
#941=LINE('',#5587,#1281);
#942=LINE('',#5590,#1282);
#943=LINE('',#5591,#1283);
#944=LINE('',#5595,#1284);
#945=LINE('',#5598,#1285);
#946=LINE('',#5599,#1286);
#947=LINE('',#5605,#1287);
#948=LINE('',#5606,#1288);
#949=LINE('',#5607,#1289);
#950=LINE('',#5611,#1290);
#951=LINE('',#5614,#1291);
#952=LINE('',#5615,#1292);
#953=LINE('',#5619,#1293);
#954=LINE('',#5622,#1294);
#955=LINE('',#5623,#1295);
#956=LINE('',#5627,#1296);
#957=LINE('',#5630,#1297);
#958=LINE('',#5631,#1298);
#959=LINE('',#5635,#1299);
#960=LINE('',#5638,#1300);
#961=LINE('',#5639,#1301);
#962=LINE('',#5643,#1302);
#963=LINE('',#5646,#1303);
#964=LINE('',#5647,#1304);
#965=LINE('',#5654,#1305);
#966=LINE('',#5655,#1306);
#967=LINE('',#5658,#1307);
#968=LINE('',#5659,#1308);
#969=LINE('',#5663,#1309);
#970=LINE('',#5666,#1310);
#971=LINE('',#5667,#1311);
#972=LINE('',#5671,#1312);
#973=LINE('',#5674,#1313);
#974=LINE('',#5675,#1314);
#975=LINE('',#5679,#1315);
#976=LINE('',#5681,#1316);
#977=LINE('',#5696,#1317);
#978=LINE('',#5708,#1318);
#979=LINE('',#5711,#1319);
#980=LINE('',#5713,#1320);
#981=LINE('',#5714,#1321);
#982=LINE('',#5720,#1322);
#983=LINE('',#5723,#1323);
#984=LINE('',#5727,#1324);
#985=LINE('',#5729,#1325);
#986=LINE('',#5736,#1326);
#987=LINE('',#5739,#1327);
#988=LINE('',#5742,#1328);
#989=LINE('',#5744,#1329);
#990=LINE('',#5745,#1330);
#991=LINE('',#5751,#1331);
#992=LINE('',#5757,#1332);
#993=LINE('',#5759,#1333);
#994=LINE('',#5761,#1334);
#995=LINE('',#5764,#1335);
#996=LINE('',#5767,#1336);
#997=LINE('',#5769,#1337);
#998=LINE('',#5770,#1338);
#999=LINE('',#5772,#1339);
#1000=LINE('',#5774,#1340);
#1001=LINE('',#5794,#1341);
#1002=LINE('',#5798,#1342);
#1003=LINE('',#5800,#1343);
#1004=LINE('',#5805,#1344);
#1005=LINE('',#5809,#1345);
#1006=LINE('',#5823,#1346);
#1007=LINE('',#5825,#1347);
#1008=LINE('',#5828,#1348);
#1009=LINE('',#5831,#1349);
#1010=LINE('',#5833,#1350);
#1011=LINE('',#5834,#1351);
#1012=LINE('',#5837,#1352);
#1013=LINE('',#5839,#1353);
#1014=LINE('',#5840,#1354);
#1015=LINE('',#5842,#1355);
#1016=LINE('',#5843,#1356);
#1017=LINE('',#5845,#1357);
#1018=LINE('',#5847,#1358);
#1019=LINE('',#5849,#1359);
#1020=LINE('',#5850,#1360);
#1021=LINE('',#5852,#1361);
#1022=LINE('',#5853,#1362);
#1023=LINE('',#5855,#1363);
#1024=LINE('',#5857,#1364);
#1025=LINE('',#5865,#1365);
#1026=LINE('',#5868,#1366);
#1027=LINE('',#5870,#1367);
#1028=LINE('',#5871,#1368);
#1029=LINE('',#5874,#1369);
#1030=LINE('',#5876,#1370);
#1031=LINE('',#5877,#1371);
#1032=LINE('',#5880,#1372);
#1033=LINE('',#5882,#1373);
#1034=LINE('',#5883,#1374);
#1035=LINE('',#5886,#1375);
#1036=LINE('',#5888,#1376);
#1037=LINE('',#5889,#1377);
#1038=LINE('',#5891,#1378);
#1039=LINE('',#5892,#1379);
#1040=LINE('',#5897,#1380);
#1041=LINE('',#5901,#1381);
#1042=LINE('',#5903,#1382);
#1043=LINE('',#5904,#1383);
#1044=LINE('',#5908,#1384);
#1045=LINE('',#5910,#1385);
#1046=LINE('',#5912,#1386);
#1047=LINE('',#5913,#1387);
#1048=LINE('',#5915,#1388);
#1049=LINE('',#5916,#1389);
#1050=LINE('',#5921,#1390);
#1051=LINE('',#5923,#1391);
#1052=LINE('',#5925,#1392);
#1053=LINE('',#5928,#1393);
#1054=LINE('',#5929,#1394);
#1055=LINE('',#5931,#1395);
#1056=LINE('',#5932,#1396);
#1057=LINE('',#5935,#1397);
#1058=LINE('',#5938,#1398);
#1059=LINE('',#5939,#1399);
#1060=LINE('',#5941,#1400);
#1061=LINE('',#5944,#1401);
#1062=LINE('',#5945,#1402);
#1063=LINE('',#5949,#1403);
#1064=LINE('',#5952,#1404);
#1065=LINE('',#5953,#1405);
#1066=LINE('',#5957,#1406);
#1067=LINE('',#5959,#1407);
#1068=LINE('',#5964,#1408);
#1069=LINE('',#5971,#1409);
#1070=LINE('',#5978,#1410);
#1071=LINE('',#5985,#1411);
#1072=VECTOR('',#3874,10.);
#1073=VECTOR('',#3877,1.35);
#1074=VECTOR('',#3882,10.);
#1075=VECTOR('',#3885,10.);
#1076=VECTOR('',#3888,10.);
#1077=VECTOR('',#3893,10.);
#1078=VECTOR('',#3894,10.);
#1079=VECTOR('',#3895,10.);
#1080=VECTOR('',#3896,10.);
#1081=VECTOR('',#3897,10.);
#1082=VECTOR('',#3898,10.);
#1083=VECTOR('',#3901,10.);
#1084=VECTOR('',#3902,10.);
#1085=VECTOR('',#3903,10.);
#1086=VECTOR('',#3904,10.);
#1087=VECTOR('',#3905,10.);
#1088=VECTOR('',#3906,10.);
#1089=VECTOR('',#3939,10.);
#1090=VECTOR('',#3942,1.3);
#1091=VECTOR('',#3947,10.);
#1092=VECTOR('',#3950,10.);
#1093=VECTOR('',#3953,10.);
#1094=VECTOR('',#3958,10.);
#1095=VECTOR('',#3959,10.);
#1096=VECTOR('',#3960,10.);
#1097=VECTOR('',#3961,10.);
#1098=VECTOR('',#3962,10.);
#1099=VECTOR('',#3963,10.);
#1100=VECTOR('',#3966,10.);
#1101=VECTOR('',#3967,10.);
#1102=VECTOR('',#3968,10.);
#1103=VECTOR('',#3969,10.);
#1104=VECTOR('',#3970,10.);
#1105=VECTOR('',#3971,10.);
#1106=VECTOR('',#4004,10.);
#1107=VECTOR('',#4007,1.34999999999999);
#1108=VECTOR('',#4012,10.);
#1109=VECTOR('',#4015,10.);
#1110=VECTOR('',#4018,10.);
#1111=VECTOR('',#4023,10.);
#1112=VECTOR('',#4024,10.);
#1113=VECTOR('',#4025,10.);
#1114=VECTOR('',#4026,10.);
#1115=VECTOR('',#4027,10.);
#1116=VECTOR('',#4028,10.);
#1117=VECTOR('',#4031,10.);
#1118=VECTOR('',#4032,10.);
#1119=VECTOR('',#4033,10.);
#1120=VECTOR('',#4034,10.);
#1121=VECTOR('',#4035,10.);
#1122=VECTOR('',#4036,10.);
#1123=VECTOR('',#4069,10.);
#1124=VECTOR('',#4072,1.35);
#1125=VECTOR('',#4077,10.);
#1126=VECTOR('',#4080,10.);
#1127=VECTOR('',#4083,10.);
#1128=VECTOR('',#4088,10.);
#1129=VECTOR('',#4089,10.);
#1130=VECTOR('',#4090,10.);
#1131=VECTOR('',#4091,10.);
#1132=VECTOR('',#4092,10.);
#1133=VECTOR('',#4093,10.);
#1134=VECTOR('',#4096,10.);
#1135=VECTOR('',#4097,10.);
#1136=VECTOR('',#4098,10.);
#1137=VECTOR('',#4099,10.);
#1138=VECTOR('',#4100,10.);
#1139=VECTOR('',#4101,10.);
#1140=VECTOR('',#4134,10.);
#1141=VECTOR('',#4135,10.);
#1142=VECTOR('',#4136,10.);
#1143=VECTOR('',#4137,10.);
#1144=VECTOR('',#4140,10.);
#1145=VECTOR('',#4147,10.);
#1146=VECTOR('',#4148,10.);
#1147=VECTOR('',#4149,10.);
#1148=VECTOR('',#4152,10.);
#1149=VECTOR('',#4159,10.);
#1150=VECTOR('',#4160,10.);
#1151=VECTOR('',#4161,10.);
#1152=VECTOR('',#4164,10.);
#1153=VECTOR('',#4171,10.);
#1154=VECTOR('',#4172,10.);
#1155=VECTOR('',#4173,10.);
#1156=VECTOR('',#4182,10.);
#1157=VECTOR('',#4185,10.);
#1158=VECTOR('',#4188,10.);
#1159=VECTOR('',#4189,10.);
#1160=VECTOR('',#4190,10.);
#1161=VECTOR('',#4193,10.);
#1162=VECTOR('',#4196,10.);
#1163=VECTOR('',#4197,10.);
#1164=VECTOR('',#4198,10.);
#1165=VECTOR('',#4201,10.);
#1166=VECTOR('',#4204,10.);
#1167=VECTOR('',#4205,10.);
#1168=VECTOR('',#4206,10.);
#1169=VECTOR('',#4209,10.);
#1170=VECTOR('',#4210,10.);
#1171=VECTOR('',#4211,10.);
#1172=VECTOR('',#4214,10.);
#1173=VECTOR('',#4217,10.);
#1174=VECTOR('',#4220,10.);
#1175=VECTOR('',#4221,10.);
#1176=VECTOR('',#4222,10.);
#1177=VECTOR('',#4225,10.);
#1178=VECTOR('',#4226,10.);
#1179=VECTOR('',#4227,10.);
#1180=VECTOR('',#4230,10.);
#1181=VECTOR('',#4233,10.);
#1182=VECTOR('',#4236,10.);
#1183=VECTOR('',#4237,10.);
#1184=VECTOR('',#4240,10.);
#1185=VECTOR('',#4245,10.);
#1186=VECTOR('',#4246,10.);
#1187=VECTOR('',#4249,10.);
#1188=VECTOR('',#4252,10.);
#1189=VECTOR('',#4255,10.);
#1190=VECTOR('',#4258,10.);
#1191=VECTOR('',#4259,10.);
#1192=VECTOR('',#4262,10.);
#1193=VECTOR('',#4265,10.);
#1194=VECTOR('',#4268,10.);
#1195=VECTOR('',#4271,10.);
#1196=VECTOR('',#4274,10.);
#1197=VECTOR('',#4277,10.);
#1198=VECTOR('',#4280,10.);
#1199=VECTOR('',#4283,10.);
#1200=VECTOR('',#4286,10.);
#1201=VECTOR('',#4289,10.);
#1202=VECTOR('',#4292,10.);
#1203=VECTOR('',#4301,10.);
#1204=VECTOR('',#4302,10.);
#1205=VECTOR('',#4305,10.);
#1206=VECTOR('',#4306,10.);
#1207=VECTOR('',#4311,10.);
#1208=VECTOR('',#4314,10.);
#1209=VECTOR('',#4315,10.);
#1210=VECTOR('',#4318,10.);
#1211=VECTOR('',#4319,10.);
#1212=VECTOR('',#4322,10.);
#1213=VECTOR('',#4327,10.);
#1214=VECTOR('',#4328,10.);
#1215=VECTOR('',#4331,10.);
#1216=VECTOR('',#4332,10.);
#1217=VECTOR('',#4337,10.);
#1218=VECTOR('',#4340,10.);
#1219=VECTOR('',#4341,10.);
#1220=VECTOR('',#4344,10.);
#1221=VECTOR('',#4345,10.);
#1222=VECTOR('',#4348,10.);
#1223=VECTOR('',#4351,10.);
#1224=VECTOR('',#4352,10.);
#1225=VECTOR('',#4353,10.);
#1226=VECTOR('',#4356,10.);
#1227=VECTOR('',#4357,10.);
#1228=VECTOR('',#4362,10.);
#1229=VECTOR('',#4365,10.);
#1230=VECTOR('',#4366,10.);
#1231=VECTOR('',#4371,10.);
#1232=VECTOR('',#4374,10.);
#1233=VECTOR('',#4379,10.);
#1234=VECTOR('',#4380,10.);
#1235=VECTOR('',#4383,10.);
#1236=VECTOR('',#4384,10.);
#1237=VECTOR('',#4389,10.);
#1238=VECTOR('',#4392,10.);
#1239=VECTOR('',#4393,10.);
#1240=VECTOR('',#4396,10.);
#1241=VECTOR('',#4397,10.);
#1242=VECTOR('',#4400,10.);
#1243=VECTOR('',#4403,10.);
#1244=VECTOR('',#4404,10.);
#1245=VECTOR('',#4405,10.);
#1246=VECTOR('',#4408,10.);
#1247=VECTOR('',#4409,10.);
#1248=VECTOR('',#4414,10.);
#1249=VECTOR('',#4417,10.);
#1250=VECTOR('',#4418,10.);
#1251=VECTOR('',#4423,10.);
#1252=VECTOR('',#4426,10.);
#1253=VECTOR('',#4431,10.);
#1254=VECTOR('',#4432,10.);
#1255=VECTOR('',#4435,10.);
#1256=VECTOR('',#4436,10.);
#1257=VECTOR('',#4441,10.);
#1258=VECTOR('',#4444,10.);
#1259=VECTOR('',#4445,10.);
#1260=VECTOR('',#4448,10.);
#1261=VECTOR('',#4449,10.);
#1262=VECTOR('',#4452,10.);
#1263=VECTOR('',#4457,10.);
#1264=VECTOR('',#4460,10.);
#1265=VECTOR('',#4463,10.);
#1266=VECTOR('',#4466,10.);
#1267=VECTOR('',#4469,10.);
#1268=VECTOR('',#4472,10.);
#1269=VECTOR('',#4475,10.);
#1270=VECTOR('',#4476,10.);
#1271=VECTOR('',#4477,10.);
#1272=VECTOR('',#4482,10.);
#1273=VECTOR('',#4485,10.);
#1274=VECTOR('',#4486,10.);
#1275=VECTOR('',#4491,10.);
#1276=VECTOR('',#4494,10.);
#1277=VECTOR('',#4495,10.);
#1278=VECTOR('',#4500,10.);
#1279=VECTOR('',#4503,10.);
#1280=VECTOR('',#4504,10.);
#1281=VECTOR('',#4509,10.);
#1282=VECTOR('',#4512,10.);
#1283=VECTOR('',#4513,10.);
#1284=VECTOR('',#4518,10.);
#1285=VECTOR('',#4521,10.);
#1286=VECTOR('',#4522,10.);
#1287=VECTOR('',#4529,10.);
#1288=VECTOR('',#4530,10.);
#1289=VECTOR('',#4531,10.);
#1290=VECTOR('',#4536,10.);
#1291=VECTOR('',#4539,10.);
#1292=VECTOR('',#4540,10.);
#1293=VECTOR('',#4545,10.);
#1294=VECTOR('',#4548,10.);
#1295=VECTOR('',#4549,10.);
#1296=VECTOR('',#4554,10.);
#1297=VECTOR('',#4557,10.);
#1298=VECTOR('',#4558,10.);
#1299=VECTOR('',#4563,10.);
#1300=VECTOR('',#4566,10.);
#1301=VECTOR('',#4567,10.);
#1302=VECTOR('',#4572,10.);
#1303=VECTOR('',#4575,10.);
#1304=VECTOR('',#4576,10.);
#1305=VECTOR('',#4585,10.);
#1306=VECTOR('',#4586,10.);
#1307=VECTOR('',#4589,10.);
#1308=VECTOR('',#4590,10.);
#1309=VECTOR('',#4595,10.);
#1310=VECTOR('',#4598,10.);
#1311=VECTOR('',#4599,10.);
#1312=VECTOR('',#4604,10.);
#1313=VECTOR('',#4607,10.);
#1314=VECTOR('',#4608,10.);
#1315=VECTOR('',#4613,10.);
#1316=VECTOR('',#4616,10.);
#1317=VECTOR('',#4619,10.);
#1318=VECTOR('',#4620,10.);
#1319=VECTOR('',#4623,10.);
#1320=VECTOR('',#4624,10.);
#1321=VECTOR('',#4625,10.);
#1322=VECTOR('',#4630,10.);
#1323=VECTOR('',#4633,10.);
#1324=VECTOR('',#4638,10.);
#1325=VECTOR('',#4639,10.);
#1326=VECTOR('',#4646,10.);
#1327=VECTOR('',#4649,10.);
#1328=VECTOR('',#4652,10.);
#1329=VECTOR('',#4653,10.);
#1330=VECTOR('',#4654,10.);
#1331=VECTOR('',#4661,10.);
#1332=VECTOR('',#4666,10.);
#1333=VECTOR('',#4667,10.);
#1334=VECTOR('',#4668,10.);
#1335=VECTOR('',#4671,10.);
#1336=VECTOR('',#4674,10.);
#1337=VECTOR('',#4675,10.);
#1338=VECTOR('',#4676,10.);
#1339=VECTOR('',#4679,10.);
#1340=VECTOR('',#4680,10.);
#1341=VECTOR('',#4683,10.);
#1342=VECTOR('',#4686,10.);
#1343=VECTOR('',#4689,10.);
#1344=VECTOR('',#4694,10.);
#1345=VECTOR('',#4697,10.);
#1346=VECTOR('',#4700,10.);
#1347=VECTOR('',#4701,10.);
#1348=VECTOR('',#4704,10.);
#1349=VECTOR('',#4707,10.);
#1350=VECTOR('',#4708,10.);
#1351=VECTOR('',#4709,10.);
#1352=VECTOR('',#4712,10.);
#1353=VECTOR('',#4713,10.);
#1354=VECTOR('',#4714,10.);
#1355=VECTOR('',#4717,10.);
#1356=VECTOR('',#4718,10.);
#1357=VECTOR('',#4721,10.);
#1358=VECTOR('',#4722,10.);
#1359=VECTOR('',#4723,10.);
#1360=VECTOR('',#4724,10.);
#1361=VECTOR('',#4727,10.);
#1362=VECTOR('',#4728,10.);
#1363=VECTOR('',#4731,10.);
#1364=VECTOR('',#4734,10.);
#1365=VECTOR('',#4745,10.);
#1366=VECTOR('',#4748,10.);
#1367=VECTOR('',#4749,10.);
#1368=VECTOR('',#4750,10.);
#1369=VECTOR('',#4753,10.);
#1370=VECTOR('',#4754,10.);
#1371=VECTOR('',#4755,10.);
#1372=VECTOR('',#4758,10.);
#1373=VECTOR('',#4759,10.);
#1374=VECTOR('',#4760,10.);
#1375=VECTOR('',#4763,10.);
#1376=VECTOR('',#4764,10.);
#1377=VECTOR('',#4765,10.);
#1378=VECTOR('',#4768,10.);
#1379=VECTOR('',#4769,10.);
#1380=VECTOR('',#4774,10.);
#1381=VECTOR('',#4779,10.);
#1382=VECTOR('',#4780,10.);
#1383=VECTOR('',#4781,10.);
#1384=VECTOR('',#4784,10.);
#1385=VECTOR('',#4785,10.);
#1386=VECTOR('',#4786,10.);
#1387=VECTOR('',#4787,10.);
#1388=VECTOR('',#4790,10.);
#1389=VECTOR('',#4791,10.);
#1390=VECTOR('',#4796,10.);
#1391=VECTOR('',#4797,10.);
#1392=VECTOR('',#4798,10.);
#1393=VECTOR('',#4803,10.);
#1394=VECTOR('',#4804,10.);
#1395=VECTOR('',#4807,10.);
#1396=VECTOR('',#4808,10.);
#1397=VECTOR('',#4811,10.);
#1398=VECTOR('',#4814,10.);
#1399=VECTOR('',#4815,10.);
#1400=VECTOR('',#4818,10.);
#1401=VECTOR('',#4821,10.);
#1402=VECTOR('',#4822,10.);
#1403=VECTOR('',#4827,10.);
#1404=VECTOR('',#4830,10.);
#1405=VECTOR('',#4831,10.);
#1406=VECTOR('',#4836,10.);
#1407=VECTOR('',#4839,10.);
#1408=VECTOR('',#4844,3.00000000000001);
#1409=VECTOR('',#4853,3.00000000000001);
#1410=VECTOR('',#4862,3.00000000000001);
#1411=VECTOR('',#4871,3.);
#1412=VERTEX_POINT('',#4884);
#1413=VERTEX_POINT('',#4885);
#1414=VERTEX_POINT('',#4887);
#1415=VERTEX_POINT('',#4889);
#1416=VERTEX_POINT('',#4892);
#1417=VERTEX_POINT('',#4894);
#1418=VERTEX_POINT('',#4896);
#1419=VERTEX_POINT('',#4898);
#1420=VERTEX_POINT('',#4900);
#1421=VERTEX_POINT('',#4902);
#1422=VERTEX_POINT('',#4907);
#1423=VERTEX_POINT('',#4909);
#1424=VERTEX_POINT('',#4911);
#1425=VERTEX_POINT('',#4915);
#1426=VERTEX_POINT('',#4917);
#1427=VERTEX_POINT('',#4921);
#1428=VERTEX_POINT('',#4925);
#1429=VERTEX_POINT('',#4927);
#1430=VERTEX_POINT('',#4929);
#1431=VERTEX_POINT('',#4933);
#1432=VERTEX_POINT('',#4935);
#1433=VERTEX_POINT('',#4939);
#1434=VERTEX_POINT('',#4959);
#1435=VERTEX_POINT('',#4960);
#1436=VERTEX_POINT('',#4962);
#1437=VERTEX_POINT('',#4964);
#1438=VERTEX_POINT('',#4967);
#1439=VERTEX_POINT('',#4969);
#1440=VERTEX_POINT('',#4971);
#1441=VERTEX_POINT('',#4973);
#1442=VERTEX_POINT('',#4975);
#1443=VERTEX_POINT('',#4977);
#1444=VERTEX_POINT('',#4982);
#1445=VERTEX_POINT('',#4984);
#1446=VERTEX_POINT('',#4986);
#1447=VERTEX_POINT('',#4990);
#1448=VERTEX_POINT('',#4992);
#1449=VERTEX_POINT('',#4996);
#1450=VERTEX_POINT('',#5000);
#1451=VERTEX_POINT('',#5002);
#1452=VERTEX_POINT('',#5004);
#1453=VERTEX_POINT('',#5008);
#1454=VERTEX_POINT('',#5010);
#1455=VERTEX_POINT('',#5014);
#1456=VERTEX_POINT('',#5034);
#1457=VERTEX_POINT('',#5035);
#1458=VERTEX_POINT('',#5037);
#1459=VERTEX_POINT('',#5039);
#1460=VERTEX_POINT('',#5042);
#1461=VERTEX_POINT('',#5044);
#1462=VERTEX_POINT('',#5046);
#1463=VERTEX_POINT('',#5048);
#1464=VERTEX_POINT('',#5050);
#1465=VERTEX_POINT('',#5052);
#1466=VERTEX_POINT('',#5057);
#1467=VERTEX_POINT('',#5059);
#1468=VERTEX_POINT('',#5061);
#1469=VERTEX_POINT('',#5065);
#1470=VERTEX_POINT('',#5067);
#1471=VERTEX_POINT('',#5071);
#1472=VERTEX_POINT('',#5075);
#1473=VERTEX_POINT('',#5077);
#1474=VERTEX_POINT('',#5079);
#1475=VERTEX_POINT('',#5083);
#1476=VERTEX_POINT('',#5085);
#1477=VERTEX_POINT('',#5089);
#1478=VERTEX_POINT('',#5109);
#1479=VERTEX_POINT('',#5110);
#1480=VERTEX_POINT('',#5112);
#1481=VERTEX_POINT('',#5114);
#1482=VERTEX_POINT('',#5117);
#1483=VERTEX_POINT('',#5119);
#1484=VERTEX_POINT('',#5121);
#1485=VERTEX_POINT('',#5123);
#1486=VERTEX_POINT('',#5125);
#1487=VERTEX_POINT('',#5127);
#1488=VERTEX_POINT('',#5132);
#1489=VERTEX_POINT('',#5134);
#1490=VERTEX_POINT('',#5136);
#1491=VERTEX_POINT('',#5140);
#1492=VERTEX_POINT('',#5142);
#1493=VERTEX_POINT('',#5146);
#1494=VERTEX_POINT('',#5150);
#1495=VERTEX_POINT('',#5152);
#1496=VERTEX_POINT('',#5154);
#1497=VERTEX_POINT('',#5158);
#1498=VERTEX_POINT('',#5160);
#1499=VERTEX_POINT('',#5164);
#1500=VERTEX_POINT('',#5184);
#1501=VERTEX_POINT('',#5185);
#1502=VERTEX_POINT('',#5187);
#1503=VERTEX_POINT('',#5189);
#1504=VERTEX_POINT('',#5193);
#1505=VERTEX_POINT('',#5194);
#1506=VERTEX_POINT('',#5199);
#1507=VERTEX_POINT('',#5200);
#1508=VERTEX_POINT('',#5205);
#1509=VERTEX_POINT('',#5206);
#1510=VERTEX_POINT('',#5211);
#1511=VERTEX_POINT('',#5212);
#1512=VERTEX_POINT('',#5217);
#1513=VERTEX_POINT('',#5218);
#1514=VERTEX_POINT('',#5223);
#1515=VERTEX_POINT('',#5224);
#1516=VERTEX_POINT('',#5232);
#1517=VERTEX_POINT('',#5234);
#1518=VERTEX_POINT('',#5238);
#1519=VERTEX_POINT('',#5241);
#1520=VERTEX_POINT('',#5242);
#1521=VERTEX_POINT('',#5244);
#1522=VERTEX_POINT('',#5246);
#1523=VERTEX_POINT('',#5248);
#1524=VERTEX_POINT('',#5250);
#1525=VERTEX_POINT('',#5253);
#1526=VERTEX_POINT('',#5254);
#1527=VERTEX_POINT('',#5256);
#1528=VERTEX_POINT('',#5258);
#1529=VERTEX_POINT('',#5260);
#1530=VERTEX_POINT('',#5262);
#1531=VERTEX_POINT('',#5265);
#1532=VERTEX_POINT('',#5266);
#1533=VERTEX_POINT('',#5268);
#1534=VERTEX_POINT('',#5270);
#1535=VERTEX_POINT('',#5272);
#1536=VERTEX_POINT('',#5274);
#1537=VERTEX_POINT('',#5277);
#1538=VERTEX_POINT('',#5278);
#1539=VERTEX_POINT('',#5280);
#1540=VERTEX_POINT('',#5282);
#1541=VERTEX_POINT('',#5284);
#1542=VERTEX_POINT('',#5286);
#1543=VERTEX_POINT('',#5289);
#1544=VERTEX_POINT('',#5290);
#1545=VERTEX_POINT('',#5292);
#1546=VERTEX_POINT('',#5294);
#1547=VERTEX_POINT('',#5296);
#1548=VERTEX_POINT('',#5298);
#1549=VERTEX_POINT('',#5301);
#1550=VERTEX_POINT('',#5302);
#1551=VERTEX_POINT('',#5304);
#1552=VERTEX_POINT('',#5306);
#1553=VERTEX_POINT('',#5308);
#1554=VERTEX_POINT('',#5310);
#1555=VERTEX_POINT('',#5314);
#1556=VERTEX_POINT('',#5318);
#1557=VERTEX_POINT('',#5321);
#1558=VERTEX_POINT('',#5322);
#1559=VERTEX_POINT('',#5324);
#1560=VERTEX_POINT('',#5326);
#1561=VERTEX_POINT('',#5328);
#1562=VERTEX_POINT('',#5330);
#1563=VERTEX_POINT('',#5332);
#1564=VERTEX_POINT('',#5334);
#1565=VERTEX_POINT('',#5337);
#1566=VERTEX_POINT('',#5338);
#1567=VERTEX_POINT('',#5340);
#1568=VERTEX_POINT('',#5342);
#1569=VERTEX_POINT('',#5344);
#1570=VERTEX_POINT('',#5346);
#1571=VERTEX_POINT('',#5348);
#1572=VERTEX_POINT('',#5350);
#1573=VERTEX_POINT('',#5352);
#1574=VERTEX_POINT('',#5354);
#1575=VERTEX_POINT('',#5356);
#1576=VERTEX_POINT('',#5358);
#1577=VERTEX_POINT('',#5361);
#1578=VERTEX_POINT('',#5362);
#1579=VERTEX_POINT('',#5364);
#1580=VERTEX_POINT('',#5366);
#1581=VERTEX_POINT('',#5368);
#1582=VERTEX_POINT('',#5370);
#1583=VERTEX_POINT('',#5372);
#1584=VERTEX_POINT('',#5374);
#1585=VERTEX_POINT('',#5376);
#1586=VERTEX_POINT('',#5378);
#1587=VERTEX_POINT('',#5380);
#1588=VERTEX_POINT('',#5382);
#1589=VERTEX_POINT('',#5387);
#1590=VERTEX_POINT('',#5388);
#1591=VERTEX_POINT('',#5393);
#1592=VERTEX_POINT('',#5397);
#1593=VERTEX_POINT('',#5401);
#1594=VERTEX_POINT('',#5405);
#1595=VERTEX_POINT('',#5411);
#1596=VERTEX_POINT('',#5412);
#1597=VERTEX_POINT('',#5417);
#1598=VERTEX_POINT('',#5421);
#1599=VERTEX_POINT('',#5425);
#1600=VERTEX_POINT('',#5429);
#1601=VERTEX_POINT('',#5435);
#1602=VERTEX_POINT('',#5436);
#1603=VERTEX_POINT('',#5441);
#1604=VERTEX_POINT('',#5445);
#1605=VERTEX_POINT('',#5449);
#1606=VERTEX_POINT('',#5453);
#1607=VERTEX_POINT('',#5459);
#1608=VERTEX_POINT('',#5460);
#1609=VERTEX_POINT('',#5465);
#1610=VERTEX_POINT('',#5469);
#1611=VERTEX_POINT('',#5473);
#1612=VERTEX_POINT('',#5477);
#1613=VERTEX_POINT('',#5483);
#1614=VERTEX_POINT('',#5484);
#1615=VERTEX_POINT('',#5489);
#1616=VERTEX_POINT('',#5493);
#1617=VERTEX_POINT('',#5497);
#1618=VERTEX_POINT('',#5501);
#1619=VERTEX_POINT('',#5507);
#1620=VERTEX_POINT('',#5508);
#1621=VERTEX_POINT('',#5513);
#1622=VERTEX_POINT('',#5517);
#1623=VERTEX_POINT('',#5521);
#1624=VERTEX_POINT('',#5525);
#1625=VERTEX_POINT('',#5531);
#1626=VERTEX_POINT('',#5533);
#1627=VERTEX_POINT('',#5535);
#1628=VERTEX_POINT('',#5538);
#1629=VERTEX_POINT('',#5539);
#1630=VERTEX_POINT('',#5541);
#1631=VERTEX_POINT('',#5543);
#1632=VERTEX_POINT('',#5545);
#1633=VERTEX_POINT('',#5547);
#1634=VERTEX_POINT('',#5549);
#1635=VERTEX_POINT('',#5551);
#1636=VERTEX_POINT('',#5555);
#1637=VERTEX_POINT('',#5556);
#1638=VERTEX_POINT('',#5561);
#1639=VERTEX_POINT('',#5565);
#1640=VERTEX_POINT('',#5569);
#1641=VERTEX_POINT('',#5573);
#1642=VERTEX_POINT('',#5577);
#1643=VERTEX_POINT('',#5581);
#1644=VERTEX_POINT('',#5585);
#1645=VERTEX_POINT('',#5589);
#1646=VERTEX_POINT('',#5593);
#1647=VERTEX_POINT('',#5597);
#1648=VERTEX_POINT('',#5603);
#1649=VERTEX_POINT('',#5604);
#1650=VERTEX_POINT('',#5609);
#1651=VERTEX_POINT('',#5613);
#1652=VERTEX_POINT('',#5617);
#1653=VERTEX_POINT('',#5621);
#1654=VERTEX_POINT('',#5625);
#1655=VERTEX_POINT('',#5629);
#1656=VERTEX_POINT('',#5633);
#1657=VERTEX_POINT('',#5637);
#1658=VERTEX_POINT('',#5641);
#1659=VERTEX_POINT('',#5645);
#1660=VERTEX_POINT('',#5651);
#1661=VERTEX_POINT('',#5652);
#1662=VERTEX_POINT('',#5657);
#1663=VERTEX_POINT('',#5661);
#1664=VERTEX_POINT('',#5665);
#1665=VERTEX_POINT('',#5669);
#1666=VERTEX_POINT('',#5673);
#1667=VERTEX_POINT('',#5677);
#1668=VERTEX_POINT('',#5683);
#1669=VERTEX_POINT('',#5684);
#1670=VERTEX_POINT('',#5695);
#1671=VERTEX_POINT('',#5697);
#1672=VERTEX_POINT('',#5710);
#1673=VERTEX_POINT('',#5712);
#1674=VERTEX_POINT('',#5716);
#1675=VERTEX_POINT('',#5717);
#1676=VERTEX_POINT('',#5719);
#1677=VERTEX_POINT('',#5721);
#1678=VERTEX_POINT('',#5725);
#1679=VERTEX_POINT('',#5728);
#1680=VERTEX_POINT('',#5732);
#1681=VERTEX_POINT('',#5733);
#1682=VERTEX_POINT('',#5735);
#1683=VERTEX_POINT('',#5737);
#1684=VERTEX_POINT('',#5741);
#1685=VERTEX_POINT('',#5743);
#1686=VERTEX_POINT('',#5747);
#1687=VERTEX_POINT('',#5749);
#1688=VERTEX_POINT('',#5753);
#1689=VERTEX_POINT('',#5754);
#1690=VERTEX_POINT('',#5756);
#1691=VERTEX_POINT('',#5758);
#1692=VERTEX_POINT('',#5760);
#1693=VERTEX_POINT('',#5762);
#1694=VERTEX_POINT('',#5766);
#1695=VERTEX_POINT('',#5768);
#1696=VERTEX_POINT('',#5773);
#1697=VERTEX_POINT('',#5775);
#1698=VERTEX_POINT('',#5777);
#1699=VERTEX_POINT('',#5793);
#1700=VERTEX_POINT('',#5795);
#1701=VERTEX_POINT('',#5797);
#1702=VERTEX_POINT('',#5802);
#1703=VERTEX_POINT('',#5804);
#1704=VERTEX_POINT('',#5806);
#1705=VERTEX_POINT('',#5808);
#1706=VERTEX_POINT('',#5810);
#1707=VERTEX_POINT('',#5821);
#1708=VERTEX_POINT('',#5824);
#1709=VERTEX_POINT('',#5826);
#1710=VERTEX_POINT('',#5830);
#1711=VERTEX_POINT('',#5832);
#1712=VERTEX_POINT('',#5836);
#1713=VERTEX_POINT('',#5838);
#1714=VERTEX_POINT('',#5846);
#1715=VERTEX_POINT('',#5848);
#1716=VERTEX_POINT('',#5861);
#1717=VERTEX_POINT('',#5863);
#1718=VERTEX_POINT('',#5867);
#1719=VERTEX_POINT('',#5869);
#1720=VERTEX_POINT('',#5873);
#1721=VERTEX_POINT('',#5875);
#1722=VERTEX_POINT('',#5879);
#1723=VERTEX_POINT('',#5881);
#1724=VERTEX_POINT('',#5885);
#1725=VERTEX_POINT('',#5887);
#1726=VERTEX_POINT('',#5894);
#1727=VERTEX_POINT('',#5896);
#1728=VERTEX_POINT('',#5900);
#1729=VERTEX_POINT('',#5902);
#1730=VERTEX_POINT('',#5906);
#1731=VERTEX_POINT('',#5907);
#1732=VERTEX_POINT('',#5909);
#1733=VERTEX_POINT('',#5911);
#1734=VERTEX_POINT('',#5918);
#1735=VERTEX_POINT('',#5920);
#1736=VERTEX_POINT('',#5922);
#1737=VERTEX_POINT('',#5924);
#1738=VERTEX_POINT('',#5934);
#1739=VERTEX_POINT('',#5936);
#1740=VERTEX_POINT('',#5943);
#1741=VERTEX_POINT('',#5947);
#1742=VERTEX_POINT('',#5951);
#1743=VERTEX_POINT('',#5955);
#1744=VERTEX_POINT('',#5961);
#1745=VERTEX_POINT('',#5963);
#1746=VERTEX_POINT('',#5968);
#1747=VERTEX_POINT('',#5970);
#1748=VERTEX_POINT('',#5975);
#1749=VERTEX_POINT('',#5977);
#1750=VERTEX_POINT('',#5982);
#1751=VERTEX_POINT('',#5984);
#1752=EDGE_CURVE('',#1412,#1413,#732,.T.);
#1753=EDGE_CURVE('',#1413,#1414,#578,.T.);
#1754=EDGE_CURVE('',#1414,#1415,#733,.T.);
#1755=EDGE_CURVE('',#1415,#1415,#579,.T.);
#1756=EDGE_CURVE('',#1414,#1416,#580,.T.);
#1757=EDGE_CURVE('',#1416,#1417,#734,.T.);
#1758=EDGE_CURVE('',#1417,#1418,#581,.T.);
#1759=EDGE_CURVE('',#1418,#1419,#735,.T.);
#1760=EDGE_CURVE('',#1419,#1420,#582,.T.);
#1761=EDGE_CURVE('',#1420,#1421,#736,.T.);
#1762=EDGE_CURVE('',#1421,#1412,#583,.T.);
#1763=EDGE_CURVE('',#1412,#1417,#737,.T.);
#1764=EDGE_CURVE('',#1422,#1416,#738,.T.);
#1765=EDGE_CURVE('',#1423,#1422,#739,.T.);
#1766=EDGE_CURVE('',#1424,#1423,#60,.T.);
#1767=EDGE_CURVE('',#1425,#1424,#740,.T.);
#1768=EDGE_CURVE('',#1426,#1425,#61,.T.);
#1769=EDGE_CURVE('',#1427,#1426,#741,.T.);
#1770=EDGE_CURVE('',#1413,#1427,#742,.T.);
#1771=EDGE_CURVE('',#1428,#1420,#743,.T.);
#1772=EDGE_CURVE('',#1429,#1428,#744,.T.);
#1773=EDGE_CURVE('',#1430,#1429,#62,.T.);
#1774=EDGE_CURVE('',#1431,#1430,#745,.T.);
#1775=EDGE_CURVE('',#1432,#1431,#63,.T.);
#1776=EDGE_CURVE('',#1433,#1432,#746,.T.);
#1777=EDGE_CURVE('',#1419,#1433,#747,.T.);
#1778=EDGE_CURVE('',#1418,#1421,#748,.T.);
#1779=EDGE_CURVE('',#1433,#1428,#584,.T.);
#1780=EDGE_CURVE('',#1427,#1422,#585,.T.);
#1781=EDGE_CURVE('',#1431,#1430,#586,.T.);
#1782=EDGE_CURVE('',#1425,#1424,#587,.T.);
#1783=EDGE_CURVE('',#1429,#1432,#588,.T.);
#1784=EDGE_CURVE('',#1423,#1426,#589,.T.);
#1785=EDGE_CURVE('',#1434,#1435,#749,.T.);
#1786=EDGE_CURVE('',#1435,#1436,#590,.T.);
#1787=EDGE_CURVE('',#1436,#1437,#750,.T.);
#1788=EDGE_CURVE('',#1437,#1437,#591,.T.);
#1789=EDGE_CURVE('',#1436,#1438,#592,.T.);
#1790=EDGE_CURVE('',#1438,#1439,#751,.T.);
#1791=EDGE_CURVE('',#1439,#1440,#593,.T.);
#1792=EDGE_CURVE('',#1440,#1441,#752,.T.);
#1793=EDGE_CURVE('',#1441,#1442,#594,.T.);
#1794=EDGE_CURVE('',#1442,#1443,#753,.T.);
#1795=EDGE_CURVE('',#1443,#1434,#595,.T.);
#1796=EDGE_CURVE('',#1434,#1439,#754,.T.);
#1797=EDGE_CURVE('',#1444,#1438,#755,.T.);
#1798=EDGE_CURVE('',#1445,#1444,#756,.T.);
#1799=EDGE_CURVE('',#1446,#1445,#64,.T.);
#1800=EDGE_CURVE('',#1447,#1446,#757,.T.);
#1801=EDGE_CURVE('',#1448,#1447,#65,.T.);
#1802=EDGE_CURVE('',#1449,#1448,#758,.T.);
#1803=EDGE_CURVE('',#1435,#1449,#759,.T.);
#1804=EDGE_CURVE('',#1450,#1442,#760,.T.);
#1805=EDGE_CURVE('',#1451,#1450,#761,.T.);
#1806=EDGE_CURVE('',#1452,#1451,#66,.T.);
#1807=EDGE_CURVE('',#1453,#1452,#762,.T.);
#1808=EDGE_CURVE('',#1454,#1453,#67,.T.);
#1809=EDGE_CURVE('',#1455,#1454,#763,.T.);
#1810=EDGE_CURVE('',#1441,#1455,#764,.T.);
#1811=EDGE_CURVE('',#1440,#1443,#765,.T.);
#1812=EDGE_CURVE('',#1455,#1450,#596,.T.);
#1813=EDGE_CURVE('',#1449,#1444,#597,.T.);
#1814=EDGE_CURVE('',#1453,#1452,#598,.T.);
#1815=EDGE_CURVE('',#1447,#1446,#599,.T.);
#1816=EDGE_CURVE('',#1451,#1454,#600,.T.);
#1817=EDGE_CURVE('',#1445,#1448,#601,.T.);
#1818=EDGE_CURVE('',#1456,#1457,#766,.T.);
#1819=EDGE_CURVE('',#1457,#1458,#602,.T.);
#1820=EDGE_CURVE('',#1458,#1459,#767,.T.);
#1821=EDGE_CURVE('',#1459,#1459,#603,.T.);
#1822=EDGE_CURVE('',#1458,#1460,#604,.T.);
#1823=EDGE_CURVE('',#1460,#1461,#768,.T.);
#1824=EDGE_CURVE('',#1461,#1462,#605,.T.);
#1825=EDGE_CURVE('',#1462,#1463,#769,.T.);
#1826=EDGE_CURVE('',#1463,#1464,#606,.T.);
#1827=EDGE_CURVE('',#1464,#1465,#770,.T.);
#1828=EDGE_CURVE('',#1465,#1456,#607,.T.);
#1829=EDGE_CURVE('',#1456,#1461,#771,.T.);
#1830=EDGE_CURVE('',#1466,#1460,#772,.T.);
#1831=EDGE_CURVE('',#1467,#1466,#773,.T.);
#1832=EDGE_CURVE('',#1468,#1467,#68,.T.);
#1833=EDGE_CURVE('',#1469,#1468,#774,.T.);
#1834=EDGE_CURVE('',#1470,#1469,#69,.T.);
#1835=EDGE_CURVE('',#1471,#1470,#775,.T.);
#1836=EDGE_CURVE('',#1457,#1471,#776,.T.);
#1837=EDGE_CURVE('',#1472,#1464,#777,.T.);
#1838=EDGE_CURVE('',#1473,#1472,#778,.T.);
#1839=EDGE_CURVE('',#1474,#1473,#70,.T.);
#1840=EDGE_CURVE('',#1475,#1474,#779,.T.);
#1841=EDGE_CURVE('',#1476,#1475,#71,.T.);
#1842=EDGE_CURVE('',#1477,#1476,#780,.T.);
#1843=EDGE_CURVE('',#1463,#1477,#781,.T.);
#1844=EDGE_CURVE('',#1462,#1465,#782,.T.);
#1845=EDGE_CURVE('',#1477,#1472,#608,.T.);
#1846=EDGE_CURVE('',#1471,#1466,#609,.T.);
#1847=EDGE_CURVE('',#1475,#1474,#610,.T.);
#1848=EDGE_CURVE('',#1469,#1468,#611,.T.);
#1849=EDGE_CURVE('',#1473,#1476,#612,.T.);
#1850=EDGE_CURVE('',#1467,#1470,#613,.T.);
#1851=EDGE_CURVE('',#1478,#1479,#783,.T.);
#1852=EDGE_CURVE('',#1479,#1480,#614,.T.);
#1853=EDGE_CURVE('',#1480,#1481,#784,.T.);
#1854=EDGE_CURVE('',#1481,#1481,#615,.T.);
#1855=EDGE_CURVE('',#1480,#1482,#616,.T.);
#1856=EDGE_CURVE('',#1482,#1483,#785,.T.);
#1857=EDGE_CURVE('',#1483,#1484,#617,.T.);
#1858=EDGE_CURVE('',#1484,#1485,#786,.T.);
#1859=EDGE_CURVE('',#1485,#1486,#618,.T.);
#1860=EDGE_CURVE('',#1486,#1487,#787,.T.);
#1861=EDGE_CURVE('',#1487,#1478,#619,.T.);
#1862=EDGE_CURVE('',#1478,#1483,#788,.T.);
#1863=EDGE_CURVE('',#1488,#1482,#789,.T.);
#1864=EDGE_CURVE('',#1489,#1488,#790,.T.);
#1865=EDGE_CURVE('',#1490,#1489,#72,.T.);
#1866=EDGE_CURVE('',#1491,#1490,#791,.T.);
#1867=EDGE_CURVE('',#1492,#1491,#73,.T.);
#1868=EDGE_CURVE('',#1493,#1492,#792,.T.);
#1869=EDGE_CURVE('',#1479,#1493,#793,.T.);
#1870=EDGE_CURVE('',#1494,#1486,#794,.T.);
#1871=EDGE_CURVE('',#1495,#1494,#795,.T.);
#1872=EDGE_CURVE('',#1496,#1495,#74,.T.);
#1873=EDGE_CURVE('',#1497,#1496,#796,.T.);
#1874=EDGE_CURVE('',#1498,#1497,#75,.T.);
#1875=EDGE_CURVE('',#1499,#1498,#797,.T.);
#1876=EDGE_CURVE('',#1485,#1499,#798,.T.);
#1877=EDGE_CURVE('',#1484,#1487,#799,.T.);
#1878=EDGE_CURVE('',#1499,#1494,#620,.T.);
#1879=EDGE_CURVE('',#1493,#1488,#621,.T.);
#1880=EDGE_CURVE('',#1497,#1496,#622,.T.);
#1881=EDGE_CURVE('',#1491,#1490,#623,.T.);
#1882=EDGE_CURVE('',#1495,#1498,#624,.T.);
#1883=EDGE_CURVE('',#1489,#1492,#625,.T.);
#1884=EDGE_CURVE('',#1500,#1501,#800,.T.);
#1885=EDGE_CURVE('',#1501,#1502,#801,.T.);
#1886=EDGE_CURVE('',#1502,#1503,#802,.T.);
#1887=EDGE_CURVE('',#1503,#1500,#803,.T.);
#1888=EDGE_CURVE('',#1504,#1505,#804,.T.);
#1889=EDGE_CURVE('',#1505,#1501,#626,.T.);
#1890=EDGE_CURVE('',#1500,#1504,#627,.T.);
#1891=EDGE_CURVE('',#1506,#1507,#805,.T.);
#1892=EDGE_CURVE('',#1507,#1505,#806,.T.);
#1893=EDGE_CURVE('',#1504,#1506,#807,.T.);
#1894=EDGE_CURVE('',#1508,#1509,#808,.T.);
#1895=EDGE_CURVE('',#1509,#1507,#628,.T.);
#1896=EDGE_CURVE('',#1506,#1508,#629,.T.);
#1897=EDGE_CURVE('',#1510,#1511,#809,.T.);
#1898=EDGE_CURVE('',#1511,#1509,#810,.T.);
#1899=EDGE_CURVE('',#1508,#1510,#811,.T.);
#1900=EDGE_CURVE('',#1512,#1513,#812,.T.);
#1901=EDGE_CURVE('',#1513,#1511,#630,.T.);
#1902=EDGE_CURVE('',#1510,#1512,#631,.T.);
#1903=EDGE_CURVE('',#1514,#1515,#813,.T.);
#1904=EDGE_CURVE('',#1515,#1513,#814,.T.);
#1905=EDGE_CURVE('',#1512,#1514,#815,.T.);
#1906=EDGE_CURVE('',#1502,#1515,#632,.T.);
#1907=EDGE_CURVE('',#1514,#1503,#633,.T.);
#1908=EDGE_CURVE('',#1516,#1506,#816,.T.);
#1909=EDGE_CURVE('',#1517,#1516,#634,.T.);
#1910=EDGE_CURVE('',#1517,#1508,#817,.T.);
#1911=EDGE_CURVE('',#1518,#1504,#818,.T.);
#1912=EDGE_CURVE('',#1516,#1518,#819,.T.);
#1913=EDGE_CURVE('',#1519,#1520,#820,.T.);
#1914=EDGE_CURVE('',#1520,#1521,#635,.T.);
#1915=EDGE_CURVE('',#1521,#1522,#821,.T.);
#1916=EDGE_CURVE('',#1522,#1523,#636,.T.);
#1917=EDGE_CURVE('',#1523,#1524,#822,.T.);
#1918=EDGE_CURVE('',#1524,#1519,#823,.T.);
#1919=EDGE_CURVE('',#1525,#1526,#824,.T.);
#1920=EDGE_CURVE('',#1526,#1527,#637,.T.);
#1921=EDGE_CURVE('',#1527,#1528,#825,.T.);
#1922=EDGE_CURVE('',#1528,#1529,#638,.T.);
#1923=EDGE_CURVE('',#1529,#1530,#826,.T.);
#1924=EDGE_CURVE('',#1530,#1525,#827,.T.);
#1925=EDGE_CURVE('',#1531,#1532,#828,.T.);
#1926=EDGE_CURVE('',#1532,#1533,#639,.T.);
#1927=EDGE_CURVE('',#1533,#1534,#829,.T.);
#1928=EDGE_CURVE('',#1534,#1535,#830,.T.);
#1929=EDGE_CURVE('',#1535,#1536,#831,.T.);
#1930=EDGE_CURVE('',#1536,#1531,#640,.T.);
#1931=EDGE_CURVE('',#1537,#1538,#832,.T.);
#1932=EDGE_CURVE('',#1538,#1539,#641,.T.);
#1933=EDGE_CURVE('',#1539,#1540,#833,.T.);
#1934=EDGE_CURVE('',#1540,#1541,#642,.T.);
#1935=EDGE_CURVE('',#1541,#1542,#834,.T.);
#1936=EDGE_CURVE('',#1542,#1537,#835,.T.);
#1937=EDGE_CURVE('',#1543,#1544,#836,.T.);
#1938=EDGE_CURVE('',#1544,#1545,#643,.T.);
#1939=EDGE_CURVE('',#1545,#1546,#837,.T.);
#1940=EDGE_CURVE('',#1546,#1547,#838,.T.);
#1941=EDGE_CURVE('',#1547,#1548,#839,.T.);
#1942=EDGE_CURVE('',#1548,#1543,#644,.T.);
#1943=EDGE_CURVE('',#1549,#1550,#840,.T.);
#1944=EDGE_CURVE('',#1550,#1551,#645,.T.);
#1945=EDGE_CURVE('',#1551,#1552,#841,.T.);
#1946=EDGE_CURVE('',#1552,#1553,#646,.T.);
#1947=EDGE_CURVE('',#1553,#1554,#842,.T.);
#1948=EDGE_CURVE('',#1554,#1549,#843,.T.);
#1949=EDGE_CURVE('',#1500,#1555,#844,.T.);
#1950=EDGE_CURVE('',#1518,#1555,#647,.T.);
#1951=EDGE_CURVE('',#1556,#1503,#845,.T.);
#1952=EDGE_CURVE('',#1555,#1556,#846,.T.);
#1953=EDGE_CURVE('',#1557,#1558,#648,.T.);
#1954=EDGE_CURVE('',#1558,#1559,#847,.T.);
#1955=EDGE_CURVE('',#1559,#1560,#649,.T.);
#1956=EDGE_CURVE('',#1560,#1561,#848,.T.);
#1957=EDGE_CURVE('',#1561,#1562,#650,.T.);
#1958=EDGE_CURVE('',#1562,#1563,#849,.T.);
#1959=EDGE_CURVE('',#1563,#1564,#651,.T.);
#1960=EDGE_CURVE('',#1564,#1557,#850,.T.);
#1961=EDGE_CURVE('',#1565,#1566,#851,.T.);
#1962=EDGE_CURVE('',#1566,#1567,#652,.T.);
#1963=EDGE_CURVE('',#1567,#1568,#852,.T.);
#1964=EDGE_CURVE('',#1568,#1569,#653,.T.);
#1965=EDGE_CURVE('',#1569,#1570,#853,.T.);
#1966=EDGE_CURVE('',#1570,#1571,#654,.T.);
#1967=EDGE_CURVE('',#1571,#1572,#854,.T.);
#1968=EDGE_CURVE('',#1572,#1573,#655,.T.);
#1969=EDGE_CURVE('',#1573,#1574,#855,.T.);
#1970=EDGE_CURVE('',#1574,#1575,#656,.T.);
#1971=EDGE_CURVE('',#1575,#1576,#856,.T.);
#1972=EDGE_CURVE('',#1576,#1565,#657,.T.);
#1973=EDGE_CURVE('',#1577,#1578,#857,.T.);
#1974=EDGE_CURVE('',#1578,#1579,#658,.T.);
#1975=EDGE_CURVE('',#1579,#1580,#858,.T.);
#1976=EDGE_CURVE('',#1580,#1581,#659,.T.);
#1977=EDGE_CURVE('',#1581,#1582,#859,.T.);
#1978=EDGE_CURVE('',#1582,#1583,#660,.T.);
#1979=EDGE_CURVE('',#1583,#1584,#860,.T.);
#1980=EDGE_CURVE('',#1584,#1585,#661,.T.);
#1981=EDGE_CURVE('',#1585,#1586,#861,.T.);
#1982=EDGE_CURVE('',#1586,#1587,#662,.T.);
#1983=EDGE_CURVE('',#1587,#1588,#862,.T.);
#1984=EDGE_CURVE('',#1588,#1577,#663,.T.);
#1985=EDGE_CURVE('',#1589,#1590,#664,.T.);
#1986=EDGE_CURVE('',#1523,#1589,#863,.T.);
#1987=EDGE_CURVE('',#1522,#1590,#864,.T.);
#1988=EDGE_CURVE('',#1590,#1591,#865,.T.);
#1989=EDGE_CURVE('',#1521,#1591,#866,.T.);
#1990=EDGE_CURVE('',#1591,#1592,#665,.T.);
#1991=EDGE_CURVE('',#1520,#1592,#867,.T.);
#1992=EDGE_CURVE('',#1592,#1593,#868,.T.);
#1993=EDGE_CURVE('',#1519,#1593,#869,.T.);
#1994=EDGE_CURVE('',#1593,#1594,#870,.T.);
#1995=EDGE_CURVE('',#1524,#1594,#871,.T.);
#1996=EDGE_CURVE('',#1594,#1589,#872,.T.);
#1997=EDGE_CURVE('',#1595,#1596,#666,.T.);
#1998=EDGE_CURVE('',#1529,#1595,#873,.T.);
#1999=EDGE_CURVE('',#1528,#1596,#874,.T.);
#2000=EDGE_CURVE('',#1596,#1597,#875,.T.);
#2001=EDGE_CURVE('',#1527,#1597,#876,.T.);
#2002=EDGE_CURVE('',#1597,#1598,#667,.T.);
#2003=EDGE_CURVE('',#1526,#1598,#877,.T.);
#2004=EDGE_CURVE('',#1598,#1599,#878,.T.);
#2005=EDGE_CURVE('',#1525,#1599,#879,.T.);
#2006=EDGE_CURVE('',#1599,#1600,#880,.T.);
#2007=EDGE_CURVE('',#1530,#1600,#881,.T.);
#2008=EDGE_CURVE('',#1600,#1595,#882,.T.);
#2009=EDGE_CURVE('',#1601,#1602,#883,.T.);
#2010=EDGE_CURVE('',#1535,#1601,#884,.T.);
#2011=EDGE_CURVE('',#1534,#1602,#885,.T.);
#2012=EDGE_CURVE('',#1602,#1603,#886,.T.);
#2013=EDGE_CURVE('',#1533,#1603,#887,.T.);
#2014=EDGE_CURVE('',#1603,#1604,#668,.T.);
#2015=EDGE_CURVE('',#1532,#1604,#888,.T.);
#2016=EDGE_CURVE('',#1604,#1605,#889,.T.);
#2017=EDGE_CURVE('',#1531,#1605,#890,.T.);
#2018=EDGE_CURVE('',#1605,#1606,#669,.T.);
#2019=EDGE_CURVE('',#1536,#1606,#891,.T.);
#2020=EDGE_CURVE('',#1606,#1601,#892,.T.);
#2021=EDGE_CURVE('',#1607,#1608,#670,.T.);
#2022=EDGE_CURVE('',#1541,#1607,#893,.T.);
#2023=EDGE_CURVE('',#1540,#1608,#894,.T.);
#2024=EDGE_CURVE('',#1608,#1609,#895,.T.);
#2025=EDGE_CURVE('',#1539,#1609,#896,.T.);
#2026=EDGE_CURVE('',#1609,#1610,#671,.T.);
#2027=EDGE_CURVE('',#1538,#1610,#897,.T.);
#2028=EDGE_CURVE('',#1610,#1611,#898,.T.);
#2029=EDGE_CURVE('',#1537,#1611,#899,.T.);
#2030=EDGE_CURVE('',#1611,#1612,#900,.T.);
#2031=EDGE_CURVE('',#1542,#1612,#901,.T.);
#2032=EDGE_CURVE('',#1612,#1607,#902,.T.);
#2033=EDGE_CURVE('',#1613,#1614,#903,.T.);
#2034=EDGE_CURVE('',#1547,#1613,#904,.T.);
#2035=EDGE_CURVE('',#1546,#1614,#905,.T.);
#2036=EDGE_CURVE('',#1614,#1615,#906,.T.);
#2037=EDGE_CURVE('',#1545,#1615,#907,.T.);
#2038=EDGE_CURVE('',#1615,#1616,#672,.T.);
#2039=EDGE_CURVE('',#1544,#1616,#908,.T.);
#2040=EDGE_CURVE('',#1616,#1617,#909,.T.);
#2041=EDGE_CURVE('',#1543,#1617,#910,.T.);
#2042=EDGE_CURVE('',#1617,#1618,#673,.T.);
#2043=EDGE_CURVE('',#1548,#1618,#911,.T.);
#2044=EDGE_CURVE('',#1618,#1613,#912,.T.);
#2045=EDGE_CURVE('',#1619,#1620,#674,.T.);
#2046=EDGE_CURVE('',#1553,#1619,#913,.T.);
#2047=EDGE_CURVE('',#1552,#1620,#914,.T.);
#2048=EDGE_CURVE('',#1620,#1621,#915,.T.);
#2049=EDGE_CURVE('',#1551,#1621,#916,.T.);
#2050=EDGE_CURVE('',#1621,#1622,#675,.T.);
#2051=EDGE_CURVE('',#1550,#1622,#917,.T.);
#2052=EDGE_CURVE('',#1622,#1623,#918,.T.);
#2053=EDGE_CURVE('',#1549,#1623,#919,.T.);
#2054=EDGE_CURVE('',#1623,#1624,#920,.T.);
#2055=EDGE_CURVE('',#1554,#1624,#921,.T.);
#2056=EDGE_CURVE('',#1624,#1619,#922,.T.);
#2057=EDGE_CURVE('',#1556,#1625,#676,.T.);
#2058=EDGE_CURVE('',#1625,#1626,#923,.T.);
#2059=EDGE_CURVE('',#1626,#1627,#677,.T.);
#2060=EDGE_CURVE('',#1627,#1517,#924,.T.);
#2061=EDGE_CURVE('',#1628,#1629,#678,.T.);
#2062=EDGE_CURVE('',#1629,#1630,#925,.T.);
#2063=EDGE_CURVE('',#1630,#1631,#679,.T.);
#2064=EDGE_CURVE('',#1631,#1632,#926,.T.);
#2065=EDGE_CURVE('',#1632,#1633,#680,.T.);
#2066=EDGE_CURVE('',#1633,#1634,#927,.T.);
#2067=EDGE_CURVE('',#1634,#1635,#681,.T.);
#2068=EDGE_CURVE('',#1635,#1628,#928,.T.);
#2069=EDGE_CURVE('',#1636,#1637,#929,.T.);
#2070=EDGE_CURVE('',#1636,#1584,#930,.T.);
#2071=EDGE_CURVE('',#1637,#1583,#931,.T.);
#2072=EDGE_CURVE('',#1637,#1638,#682,.T.);
#2073=EDGE_CURVE('',#1638,#1582,#932,.T.);
#2074=EDGE_CURVE('',#1638,#1639,#933,.T.);
#2075=EDGE_CURVE('',#1639,#1581,#934,.T.);
#2076=EDGE_CURVE('',#1639,#1640,#683,.T.);
#2077=EDGE_CURVE('',#1640,#1580,#935,.T.);
#2078=EDGE_CURVE('',#1640,#1641,#936,.T.);
#2079=EDGE_CURVE('',#1641,#1579,#937,.T.);
#2080=EDGE_CURVE('',#1641,#1642,#684,.T.);
#2081=EDGE_CURVE('',#1642,#1578,#938,.T.);
#2082=EDGE_CURVE('',#1642,#1643,#939,.T.);
#2083=EDGE_CURVE('',#1577,#1643,#940,.T.);
#2084=EDGE_CURVE('',#1644,#1636,#685,.T.);
#2085=EDGE_CURVE('',#1644,#1585,#941,.T.);
#2086=EDGE_CURVE('',#1645,#1644,#942,.T.);
#2087=EDGE_CURVE('',#1645,#1586,#943,.T.);
#2088=EDGE_CURVE('',#1646,#1645,#686,.T.);
#2089=EDGE_CURVE('',#1646,#1587,#944,.T.);
#2090=EDGE_CURVE('',#1647,#1646,#945,.T.);
#2091=EDGE_CURVE('',#1647,#1588,#946,.T.);
#2092=EDGE_CURVE('',#1643,#1647,#687,.T.);
#2093=EDGE_CURVE('',#1648,#1649,#947,.T.);
#2094=EDGE_CURVE('',#1648,#1572,#948,.T.);
#2095=EDGE_CURVE('',#1649,#1571,#949,.T.);
#2096=EDGE_CURVE('',#1649,#1650,#688,.T.);
#2097=EDGE_CURVE('',#1650,#1570,#950,.T.);
#2098=EDGE_CURVE('',#1650,#1651,#951,.T.);
#2099=EDGE_CURVE('',#1651,#1569,#952,.T.);
#2100=EDGE_CURVE('',#1651,#1652,#689,.T.);
#2101=EDGE_CURVE('',#1652,#1568,#953,.T.);
#2102=EDGE_CURVE('',#1652,#1653,#954,.T.);
#2103=EDGE_CURVE('',#1653,#1567,#955,.T.);
#2104=EDGE_CURVE('',#1653,#1654,#690,.T.);
#2105=EDGE_CURVE('',#1654,#1566,#956,.T.);
#2106=EDGE_CURVE('',#1654,#1655,#957,.T.);
#2107=EDGE_CURVE('',#1565,#1655,#958,.T.);
#2108=EDGE_CURVE('',#1656,#1648,#691,.T.);
#2109=EDGE_CURVE('',#1656,#1573,#959,.T.);
#2110=EDGE_CURVE('',#1657,#1656,#960,.T.);
#2111=EDGE_CURVE('',#1657,#1574,#961,.T.);
#2112=EDGE_CURVE('',#1658,#1657,#692,.T.);
#2113=EDGE_CURVE('',#1658,#1575,#962,.T.);
#2114=EDGE_CURVE('',#1659,#1658,#963,.T.);
#2115=EDGE_CURVE('',#1659,#1576,#964,.T.);
#2116=EDGE_CURVE('',#1655,#1659,#693,.T.);
#2117=EDGE_CURVE('',#1660,#1661,#694,.T.);
#2118=EDGE_CURVE('',#1660,#1562,#965,.T.);
#2119=EDGE_CURVE('',#1661,#1561,#966,.T.);
#2120=EDGE_CURVE('',#1661,#1662,#967,.T.);
#2121=EDGE_CURVE('',#1662,#1560,#968,.T.);
#2122=EDGE_CURVE('',#1662,#1663,#695,.T.);
#2123=EDGE_CURVE('',#1663,#1559,#969,.T.);
#2124=EDGE_CURVE('',#1663,#1664,#970,.T.);
#2125=EDGE_CURVE('',#1664,#1558,#971,.T.);
#2126=EDGE_CURVE('',#1664,#1665,#696,.T.);
#2127=EDGE_CURVE('',#1557,#1665,#972,.T.);
#2128=EDGE_CURVE('',#1666,#1660,#973,.T.);
#2129=EDGE_CURVE('',#1666,#1563,#974,.T.);
#2130=EDGE_CURVE('',#1667,#1666,#697,.T.);
#2131=EDGE_CURVE('',#1667,#1564,#975,.T.);
#2132=EDGE_CURVE('',#1665,#1667,#976,.T.);
#2133=EDGE_CURVE('',#1668,#1669,#15,.T.);
#2134=EDGE_CURVE('',#1669,#1670,#977,.T.);
#2135=EDGE_CURVE('',#1670,#1671,#16,.T.);
#2136=EDGE_CURVE('',#1671,#1668,#978,.T.);
#2137=EDGE_CURVE('',#1672,#1669,#979,.T.);
#2138=EDGE_CURVE('',#1672,#1673,#980,.T.);
#2139=EDGE_CURVE('',#1670,#1673,#981,.T.);
#2140=EDGE_CURVE('',#1674,#1675,#698,.T.);
#2141=EDGE_CURVE('',#1675,#1676,#982,.T.);
#2142=EDGE_CURVE('',#1676,#1677,#699,.T.);
#2143=EDGE_CURVE('',#1677,#1674,#983,.T.);
#2144=EDGE_CURVE('',#1678,#1671,#700,.T.);
#2145=EDGE_CURVE('',#1676,#1678,#984,.T.);
#2146=EDGE_CURVE('',#1679,#1675,#985,.T.);
#2147=EDGE_CURVE('',#1668,#1679,#701,.T.);
#2148=EDGE_CURVE('',#1680,#1681,#702,.T.);
#2149=EDGE_CURVE('',#1681,#1682,#986,.T.);
#2150=EDGE_CURVE('',#1682,#1683,#703,.T.);
#2151=EDGE_CURVE('',#1683,#1680,#987,.T.);
#2152=EDGE_CURVE('',#1684,#1681,#988,.T.);
#2153=EDGE_CURVE('',#1685,#1684,#989,.T.);
#2154=EDGE_CURVE('',#1682,#1685,#990,.T.);
#2155=EDGE_CURVE('',#1686,#1685,#704,.T.);
#2156=EDGE_CURVE('',#1684,#1687,#705,.T.);
#2157=EDGE_CURVE('',#1687,#1686,#991,.T.);
#2158=EDGE_CURVE('',#1688,#1689,#706,.T.);
#2159=EDGE_CURVE('',#1690,#1688,#992,.T.);
#2160=EDGE_CURVE('',#1691,#1690,#993,.T.);
#2161=EDGE_CURVE('',#1692,#1691,#994,.T.);
#2162=EDGE_CURVE('',#1693,#1692,#707,.T.);
#2163=EDGE_CURVE('',#1693,#1689,#995,.T.);
#2164=EDGE_CURVE('',#1694,#1693,#996,.T.);
#2165=EDGE_CURVE('',#1694,#1695,#997,.T.);
#2166=EDGE_CURVE('',#1689,#1695,#998,.T.);
#2167=EDGE_CURVE('',#1627,#1510,#999,.T.);
#2168=EDGE_CURVE('',#1626,#1696,#1000,.T.);
#2169=EDGE_CURVE('',#1696,#1697,#708,.T.);
#2170=EDGE_CURVE('',#1697,#1698,#17,.T.);
#2171=EDGE_CURVE('',#1698,#1699,#1001,.T.);
#2172=EDGE_CURVE('',#1699,#1700,#709,.T.);
#2173=EDGE_CURVE('',#1700,#1701,#1002,.T.);
#2174=EDGE_CURVE('',#1701,#1694,#710,.T.);
#2175=EDGE_CURVE('',#1692,#1512,#1003,.T.);
#2176=EDGE_CURVE('',#1695,#1702,#711,.T.);
#2177=EDGE_CURVE('',#1702,#1703,#1004,.T.);
#2178=EDGE_CURVE('',#1703,#1704,#712,.T.);
#2179=EDGE_CURVE('',#1704,#1705,#1005,.T.);
#2180=EDGE_CURVE('',#1705,#1706,#18,.T.);
#2181=EDGE_CURVE('',#1706,#1707,#713,.T.);
#2182=EDGE_CURVE('',#1707,#1635,#1006,.T.);
#2183=EDGE_CURVE('',#1708,#1634,#1007,.T.);
#2184=EDGE_CURVE('',#1709,#1708,#714,.T.);
#2185=EDGE_CURVE('',#1709,#1688,#1008,.T.);
#2186=EDGE_CURVE('',#1710,#1683,#1009,.T.);
#2187=EDGE_CURVE('',#1711,#1710,#1010,.T.);
#2188=EDGE_CURVE('',#1680,#1711,#1011,.T.);
#2189=EDGE_CURVE('',#1711,#1712,#1012,.T.);
#2190=EDGE_CURVE('',#1713,#1710,#1013,.T.);
#2191=EDGE_CURVE('',#1712,#1713,#1014,.T.);
#2192=EDGE_CURVE('',#1712,#1687,#1015,.T.);
#2193=EDGE_CURVE('',#1686,#1713,#1016,.T.);
#2194=EDGE_CURVE('',#1697,#1706,#1017,.T.);
#2195=EDGE_CURVE('',#1714,#1696,#1018,.T.);
#2196=EDGE_CURVE('',#1714,#1715,#1019,.T.);
#2197=EDGE_CURVE('',#1707,#1715,#1020,.T.);
#2198=EDGE_CURVE('',#1700,#1703,#1021,.T.);
#2199=EDGE_CURVE('',#1699,#1704,#1022,.T.);
#2200=EDGE_CURVE('',#1701,#1702,#1023,.T.);
#2201=EDGE_CURVE('',#1698,#1705,#1024,.T.);
#2202=EDGE_CURVE('',#1715,#1716,#715,.T.);
#2203=EDGE_CURVE('',#1717,#1714,#716,.T.);
#2204=EDGE_CURVE('',#1717,#1716,#1025,.T.);
#2205=EDGE_CURVE('',#1716,#1718,#1026,.T.);
#2206=EDGE_CURVE('',#1719,#1717,#1027,.T.);
#2207=EDGE_CURVE('',#1719,#1718,#1028,.T.);
#2208=EDGE_CURVE('',#1718,#1720,#1029,.T.);
#2209=EDGE_CURVE('',#1721,#1719,#1030,.T.);
#2210=EDGE_CURVE('',#1721,#1720,#1031,.T.);
#2211=EDGE_CURVE('',#1720,#1722,#1032,.T.);
#2212=EDGE_CURVE('',#1723,#1721,#1033,.T.);
#2213=EDGE_CURVE('',#1723,#1722,#1034,.T.);
#2214=EDGE_CURVE('',#1722,#1724,#1035,.T.);
#2215=EDGE_CURVE('',#1725,#1723,#1036,.T.);
#2216=EDGE_CURVE('',#1725,#1724,#1037,.T.);
#2217=EDGE_CURVE('',#1724,#1690,#1038,.T.);
#2218=EDGE_CURVE('',#1691,#1725,#1039,.T.);
#2219=EDGE_CURVE('',#1726,#1672,#717,.T.);
#2220=EDGE_CURVE('',#1726,#1727,#1040,.T.);
#2221=EDGE_CURVE('',#1673,#1727,#718,.T.);
#2222=EDGE_CURVE('',#1728,#1726,#1041,.T.);
#2223=EDGE_CURVE('',#1728,#1729,#1042,.T.);
#2224=EDGE_CURVE('',#1727,#1729,#1043,.T.);
#2225=EDGE_CURVE('',#1730,#1731,#1044,.T.);
#2226=EDGE_CURVE('',#1732,#1730,#1045,.T.);
#2227=EDGE_CURVE('',#1733,#1732,#1046,.T.);
#2228=EDGE_CURVE('',#1733,#1731,#1047,.T.);
#2229=EDGE_CURVE('',#1731,#1677,#1048,.T.);
#2230=EDGE_CURVE('',#1674,#1733,#1049,.T.);
#2231=EDGE_CURVE('',#1734,#1728,#719,.T.);
#2232=EDGE_CURVE('',#1735,#1734,#1050,.T.);
#2233=EDGE_CURVE('',#1735,#1736,#1051,.T.);
#2234=EDGE_CURVE('',#1737,#1736,#1052,.T.);
#2235=EDGE_CURVE('',#1729,#1737,#720,.T.);
#2236=EDGE_CURVE('',#1736,#1730,#1053,.T.);
#2237=EDGE_CURVE('',#1732,#1735,#1054,.T.);
#2238=EDGE_CURVE('',#1734,#1514,#1055,.T.);
#2239=EDGE_CURVE('',#1625,#1679,#1056,.T.);
#2240=EDGE_CURVE('',#1738,#1737,#1057,.T.);
#2241=EDGE_CURVE('',#1739,#1738,#721,.T.);
#2242=EDGE_CURVE('',#1739,#1629,#1058,.T.);
#2243=EDGE_CURVE('',#1678,#1628,#1059,.T.);
#2244=EDGE_CURVE('',#1738,#1709,#1060,.T.);
#2245=EDGE_CURVE('',#1708,#1740,#1061,.T.);
#2246=EDGE_CURVE('',#1740,#1633,#1062,.T.);
#2247=EDGE_CURVE('',#1740,#1741,#722,.T.);
#2248=EDGE_CURVE('',#1741,#1632,#1063,.T.);
#2249=EDGE_CURVE('',#1741,#1742,#1064,.T.);
#2250=EDGE_CURVE('',#1742,#1631,#1065,.T.);
#2251=EDGE_CURVE('',#1742,#1743,#723,.T.);
#2252=EDGE_CURVE('',#1743,#1630,#1066,.T.);
#2253=EDGE_CURVE('',#1743,#1739,#1067,.T.);
#2254=EDGE_CURVE('',#1744,#1744,#724,.T.);
#2255=EDGE_CURVE('',#1744,#1745,#1068,.T.);
#2256=EDGE_CURVE('',#1745,#1745,#725,.T.);
#2257=EDGE_CURVE('',#1746,#1746,#726,.T.);
#2258=EDGE_CURVE('',#1746,#1747,#1069,.T.);
#2259=EDGE_CURVE('',#1747,#1747,#727,.T.);
#2260=EDGE_CURVE('',#1748,#1748,#728,.T.);
#2261=EDGE_CURVE('',#1748,#1749,#1070,.T.);
#2262=EDGE_CURVE('',#1749,#1749,#729,.T.);
#2263=EDGE_CURVE('',#1750,#1750,#730,.T.);
#2264=EDGE_CURVE('',#1750,#1751,#1071,.T.);
#2265=EDGE_CURVE('',#1751,#1751,#731,.T.);
#2266=ORIENTED_EDGE('',*,*,#1752,.T.);
#2267=ORIENTED_EDGE('',*,*,#1753,.T.);
#2268=ORIENTED_EDGE('',*,*,#1754,.T.);
#2269=ORIENTED_EDGE('',*,*,#1755,.F.);
#2270=ORIENTED_EDGE('',*,*,#1754,.F.);
#2271=ORIENTED_EDGE('',*,*,#1756,.T.);
#2272=ORIENTED_EDGE('',*,*,#1757,.T.);
#2273=ORIENTED_EDGE('',*,*,#1758,.T.);
#2274=ORIENTED_EDGE('',*,*,#1759,.T.);
#2275=ORIENTED_EDGE('',*,*,#1760,.T.);
#2276=ORIENTED_EDGE('',*,*,#1761,.T.);
#2277=ORIENTED_EDGE('',*,*,#1762,.T.);
#2278=ORIENTED_EDGE('',*,*,#1752,.F.);
#2279=ORIENTED_EDGE('',*,*,#1763,.T.);
#2280=ORIENTED_EDGE('',*,*,#1757,.F.);
#2281=ORIENTED_EDGE('',*,*,#1764,.F.);
#2282=ORIENTED_EDGE('',*,*,#1765,.F.);
#2283=ORIENTED_EDGE('',*,*,#1766,.F.);
#2284=ORIENTED_EDGE('',*,*,#1767,.F.);
#2285=ORIENTED_EDGE('',*,*,#1768,.F.);
#2286=ORIENTED_EDGE('',*,*,#1769,.F.);
#2287=ORIENTED_EDGE('',*,*,#1770,.F.);
#2288=ORIENTED_EDGE('',*,*,#1761,.F.);
#2289=ORIENTED_EDGE('',*,*,#1771,.F.);
#2290=ORIENTED_EDGE('',*,*,#1772,.F.);
#2291=ORIENTED_EDGE('',*,*,#1773,.F.);
#2292=ORIENTED_EDGE('',*,*,#1774,.F.);
#2293=ORIENTED_EDGE('',*,*,#1775,.F.);
#2294=ORIENTED_EDGE('',*,*,#1776,.F.);
#2295=ORIENTED_EDGE('',*,*,#1777,.F.);
#2296=ORIENTED_EDGE('',*,*,#1759,.F.);
#2297=ORIENTED_EDGE('',*,*,#1778,.T.);
#2298=ORIENTED_EDGE('',*,*,#1762,.F.);
#2299=ORIENTED_EDGE('',*,*,#1778,.F.);
#2300=ORIENTED_EDGE('',*,*,#1758,.F.);
#2301=ORIENTED_EDGE('',*,*,#1763,.F.);
#2302=ORIENTED_EDGE('',*,*,#1771,.T.);
#2303=ORIENTED_EDGE('',*,*,#1760,.F.);
#2304=ORIENTED_EDGE('',*,*,#1777,.T.);
#2305=ORIENTED_EDGE('',*,*,#1779,.T.);
#2306=ORIENTED_EDGE('',*,*,#1770,.T.);
#2307=ORIENTED_EDGE('',*,*,#1780,.T.);
#2308=ORIENTED_EDGE('',*,*,#1764,.T.);
#2309=ORIENTED_EDGE('',*,*,#1756,.F.);
#2310=ORIENTED_EDGE('',*,*,#1753,.F.);
#2311=ORIENTED_EDGE('',*,*,#1774,.T.);
#2312=ORIENTED_EDGE('',*,*,#1781,.F.);
#2313=ORIENTED_EDGE('',*,*,#1767,.T.);
#2314=ORIENTED_EDGE('',*,*,#1782,.F.);
#2315=ORIENTED_EDGE('',*,*,#1772,.T.);
#2316=ORIENTED_EDGE('',*,*,#1779,.F.);
#2317=ORIENTED_EDGE('',*,*,#1776,.T.);
#2318=ORIENTED_EDGE('',*,*,#1783,.F.);
#2319=ORIENTED_EDGE('',*,*,#1769,.T.);
#2320=ORIENTED_EDGE('',*,*,#1784,.F.);
#2321=ORIENTED_EDGE('',*,*,#1765,.T.);
#2322=ORIENTED_EDGE('',*,*,#1780,.F.);
#2323=ORIENTED_EDGE('',*,*,#1773,.T.);
#2324=ORIENTED_EDGE('',*,*,#1783,.T.);
#2325=ORIENTED_EDGE('',*,*,#1775,.T.);
#2326=ORIENTED_EDGE('',*,*,#1781,.T.);
#2327=ORIENTED_EDGE('',*,*,#1768,.T.);
#2328=ORIENTED_EDGE('',*,*,#1782,.T.);
#2329=ORIENTED_EDGE('',*,*,#1766,.T.);
#2330=ORIENTED_EDGE('',*,*,#1784,.T.);
#2331=ORIENTED_EDGE('',*,*,#1785,.T.);
#2332=ORIENTED_EDGE('',*,*,#1786,.T.);
#2333=ORIENTED_EDGE('',*,*,#1787,.T.);
#2334=ORIENTED_EDGE('',*,*,#1788,.F.);
#2335=ORIENTED_EDGE('',*,*,#1787,.F.);
#2336=ORIENTED_EDGE('',*,*,#1789,.T.);
#2337=ORIENTED_EDGE('',*,*,#1790,.T.);
#2338=ORIENTED_EDGE('',*,*,#1791,.T.);
#2339=ORIENTED_EDGE('',*,*,#1792,.T.);
#2340=ORIENTED_EDGE('',*,*,#1793,.T.);
#2341=ORIENTED_EDGE('',*,*,#1794,.T.);
#2342=ORIENTED_EDGE('',*,*,#1795,.T.);
#2343=ORIENTED_EDGE('',*,*,#1785,.F.);
#2344=ORIENTED_EDGE('',*,*,#1796,.T.);
#2345=ORIENTED_EDGE('',*,*,#1790,.F.);
#2346=ORIENTED_EDGE('',*,*,#1797,.F.);
#2347=ORIENTED_EDGE('',*,*,#1798,.F.);
#2348=ORIENTED_EDGE('',*,*,#1799,.F.);
#2349=ORIENTED_EDGE('',*,*,#1800,.F.);
#2350=ORIENTED_EDGE('',*,*,#1801,.F.);
#2351=ORIENTED_EDGE('',*,*,#1802,.F.);
#2352=ORIENTED_EDGE('',*,*,#1803,.F.);
#2353=ORIENTED_EDGE('',*,*,#1794,.F.);
#2354=ORIENTED_EDGE('',*,*,#1804,.F.);
#2355=ORIENTED_EDGE('',*,*,#1805,.F.);
#2356=ORIENTED_EDGE('',*,*,#1806,.F.);
#2357=ORIENTED_EDGE('',*,*,#1807,.F.);
#2358=ORIENTED_EDGE('',*,*,#1808,.F.);
#2359=ORIENTED_EDGE('',*,*,#1809,.F.);
#2360=ORIENTED_EDGE('',*,*,#1810,.F.);
#2361=ORIENTED_EDGE('',*,*,#1792,.F.);
#2362=ORIENTED_EDGE('',*,*,#1811,.T.);
#2363=ORIENTED_EDGE('',*,*,#1795,.F.);
#2364=ORIENTED_EDGE('',*,*,#1811,.F.);
#2365=ORIENTED_EDGE('',*,*,#1791,.F.);
#2366=ORIENTED_EDGE('',*,*,#1796,.F.);
#2367=ORIENTED_EDGE('',*,*,#1804,.T.);
#2368=ORIENTED_EDGE('',*,*,#1793,.F.);
#2369=ORIENTED_EDGE('',*,*,#1810,.T.);
#2370=ORIENTED_EDGE('',*,*,#1812,.T.);
#2371=ORIENTED_EDGE('',*,*,#1803,.T.);
#2372=ORIENTED_EDGE('',*,*,#1813,.T.);
#2373=ORIENTED_EDGE('',*,*,#1797,.T.);
#2374=ORIENTED_EDGE('',*,*,#1789,.F.);
#2375=ORIENTED_EDGE('',*,*,#1786,.F.);
#2376=ORIENTED_EDGE('',*,*,#1807,.T.);
#2377=ORIENTED_EDGE('',*,*,#1814,.F.);
#2378=ORIENTED_EDGE('',*,*,#1800,.T.);
#2379=ORIENTED_EDGE('',*,*,#1815,.F.);
#2380=ORIENTED_EDGE('',*,*,#1805,.T.);
#2381=ORIENTED_EDGE('',*,*,#1812,.F.);
#2382=ORIENTED_EDGE('',*,*,#1809,.T.);
#2383=ORIENTED_EDGE('',*,*,#1816,.F.);
#2384=ORIENTED_EDGE('',*,*,#1802,.T.);
#2385=ORIENTED_EDGE('',*,*,#1817,.F.);
#2386=ORIENTED_EDGE('',*,*,#1798,.T.);
#2387=ORIENTED_EDGE('',*,*,#1813,.F.);
#2388=ORIENTED_EDGE('',*,*,#1806,.T.);
#2389=ORIENTED_EDGE('',*,*,#1816,.T.);
#2390=ORIENTED_EDGE('',*,*,#1808,.T.);
#2391=ORIENTED_EDGE('',*,*,#1814,.T.);
#2392=ORIENTED_EDGE('',*,*,#1801,.T.);
#2393=ORIENTED_EDGE('',*,*,#1815,.T.);
#2394=ORIENTED_EDGE('',*,*,#1799,.T.);
#2395=ORIENTED_EDGE('',*,*,#1817,.T.);
#2396=ORIENTED_EDGE('',*,*,#1818,.T.);
#2397=ORIENTED_EDGE('',*,*,#1819,.T.);
#2398=ORIENTED_EDGE('',*,*,#1820,.T.);
#2399=ORIENTED_EDGE('',*,*,#1821,.F.);
#2400=ORIENTED_EDGE('',*,*,#1820,.F.);
#2401=ORIENTED_EDGE('',*,*,#1822,.T.);
#2402=ORIENTED_EDGE('',*,*,#1823,.T.);
#2403=ORIENTED_EDGE('',*,*,#1824,.T.);
#2404=ORIENTED_EDGE('',*,*,#1825,.T.);
#2405=ORIENTED_EDGE('',*,*,#1826,.T.);
#2406=ORIENTED_EDGE('',*,*,#1827,.T.);
#2407=ORIENTED_EDGE('',*,*,#1828,.T.);
#2408=ORIENTED_EDGE('',*,*,#1818,.F.);
#2409=ORIENTED_EDGE('',*,*,#1829,.T.);
#2410=ORIENTED_EDGE('',*,*,#1823,.F.);
#2411=ORIENTED_EDGE('',*,*,#1830,.F.);
#2412=ORIENTED_EDGE('',*,*,#1831,.F.);
#2413=ORIENTED_EDGE('',*,*,#1832,.F.);
#2414=ORIENTED_EDGE('',*,*,#1833,.F.);
#2415=ORIENTED_EDGE('',*,*,#1834,.F.);
#2416=ORIENTED_EDGE('',*,*,#1835,.F.);
#2417=ORIENTED_EDGE('',*,*,#1836,.F.);
#2418=ORIENTED_EDGE('',*,*,#1827,.F.);
#2419=ORIENTED_EDGE('',*,*,#1837,.F.);
#2420=ORIENTED_EDGE('',*,*,#1838,.F.);
#2421=ORIENTED_EDGE('',*,*,#1839,.F.);
#2422=ORIENTED_EDGE('',*,*,#1840,.F.);
#2423=ORIENTED_EDGE('',*,*,#1841,.F.);
#2424=ORIENTED_EDGE('',*,*,#1842,.F.);
#2425=ORIENTED_EDGE('',*,*,#1843,.F.);
#2426=ORIENTED_EDGE('',*,*,#1825,.F.);
#2427=ORIENTED_EDGE('',*,*,#1844,.T.);
#2428=ORIENTED_EDGE('',*,*,#1828,.F.);
#2429=ORIENTED_EDGE('',*,*,#1844,.F.);
#2430=ORIENTED_EDGE('',*,*,#1824,.F.);
#2431=ORIENTED_EDGE('',*,*,#1829,.F.);
#2432=ORIENTED_EDGE('',*,*,#1837,.T.);
#2433=ORIENTED_EDGE('',*,*,#1826,.F.);
#2434=ORIENTED_EDGE('',*,*,#1843,.T.);
#2435=ORIENTED_EDGE('',*,*,#1845,.T.);
#2436=ORIENTED_EDGE('',*,*,#1836,.T.);
#2437=ORIENTED_EDGE('',*,*,#1846,.T.);
#2438=ORIENTED_EDGE('',*,*,#1830,.T.);
#2439=ORIENTED_EDGE('',*,*,#1822,.F.);
#2440=ORIENTED_EDGE('',*,*,#1819,.F.);
#2441=ORIENTED_EDGE('',*,*,#1840,.T.);
#2442=ORIENTED_EDGE('',*,*,#1847,.F.);
#2443=ORIENTED_EDGE('',*,*,#1833,.T.);
#2444=ORIENTED_EDGE('',*,*,#1848,.F.);
#2445=ORIENTED_EDGE('',*,*,#1838,.T.);
#2446=ORIENTED_EDGE('',*,*,#1845,.F.);
#2447=ORIENTED_EDGE('',*,*,#1842,.T.);
#2448=ORIENTED_EDGE('',*,*,#1849,.F.);
#2449=ORIENTED_EDGE('',*,*,#1835,.T.);
#2450=ORIENTED_EDGE('',*,*,#1850,.F.);
#2451=ORIENTED_EDGE('',*,*,#1831,.T.);
#2452=ORIENTED_EDGE('',*,*,#1846,.F.);
#2453=ORIENTED_EDGE('',*,*,#1839,.T.);
#2454=ORIENTED_EDGE('',*,*,#1849,.T.);
#2455=ORIENTED_EDGE('',*,*,#1841,.T.);
#2456=ORIENTED_EDGE('',*,*,#1847,.T.);
#2457=ORIENTED_EDGE('',*,*,#1834,.T.);
#2458=ORIENTED_EDGE('',*,*,#1848,.T.);
#2459=ORIENTED_EDGE('',*,*,#1832,.T.);
#2460=ORIENTED_EDGE('',*,*,#1850,.T.);
#2461=ORIENTED_EDGE('',*,*,#1851,.T.);
#2462=ORIENTED_EDGE('',*,*,#1852,.T.);
#2463=ORIENTED_EDGE('',*,*,#1853,.T.);
#2464=ORIENTED_EDGE('',*,*,#1854,.F.);
#2465=ORIENTED_EDGE('',*,*,#1853,.F.);
#2466=ORIENTED_EDGE('',*,*,#1855,.T.);
#2467=ORIENTED_EDGE('',*,*,#1856,.T.);
#2468=ORIENTED_EDGE('',*,*,#1857,.T.);
#2469=ORIENTED_EDGE('',*,*,#1858,.T.);
#2470=ORIENTED_EDGE('',*,*,#1859,.T.);
#2471=ORIENTED_EDGE('',*,*,#1860,.T.);
#2472=ORIENTED_EDGE('',*,*,#1861,.T.);
#2473=ORIENTED_EDGE('',*,*,#1851,.F.);
#2474=ORIENTED_EDGE('',*,*,#1862,.T.);
#2475=ORIENTED_EDGE('',*,*,#1856,.F.);
#2476=ORIENTED_EDGE('',*,*,#1863,.F.);
#2477=ORIENTED_EDGE('',*,*,#1864,.F.);
#2478=ORIENTED_EDGE('',*,*,#1865,.F.);
#2479=ORIENTED_EDGE('',*,*,#1866,.F.);
#2480=ORIENTED_EDGE('',*,*,#1867,.F.);
#2481=ORIENTED_EDGE('',*,*,#1868,.F.);
#2482=ORIENTED_EDGE('',*,*,#1869,.F.);
#2483=ORIENTED_EDGE('',*,*,#1860,.F.);
#2484=ORIENTED_EDGE('',*,*,#1870,.F.);
#2485=ORIENTED_EDGE('',*,*,#1871,.F.);
#2486=ORIENTED_EDGE('',*,*,#1872,.F.);
#2487=ORIENTED_EDGE('',*,*,#1873,.F.);
#2488=ORIENTED_EDGE('',*,*,#1874,.F.);
#2489=ORIENTED_EDGE('',*,*,#1875,.F.);
#2490=ORIENTED_EDGE('',*,*,#1876,.F.);
#2491=ORIENTED_EDGE('',*,*,#1858,.F.);
#2492=ORIENTED_EDGE('',*,*,#1877,.T.);
#2493=ORIENTED_EDGE('',*,*,#1861,.F.);
#2494=ORIENTED_EDGE('',*,*,#1877,.F.);
#2495=ORIENTED_EDGE('',*,*,#1857,.F.);
#2496=ORIENTED_EDGE('',*,*,#1862,.F.);
#2497=ORIENTED_EDGE('',*,*,#1870,.T.);
#2498=ORIENTED_EDGE('',*,*,#1859,.F.);
#2499=ORIENTED_EDGE('',*,*,#1876,.T.);
#2500=ORIENTED_EDGE('',*,*,#1878,.T.);
#2501=ORIENTED_EDGE('',*,*,#1869,.T.);
#2502=ORIENTED_EDGE('',*,*,#1879,.T.);
#2503=ORIENTED_EDGE('',*,*,#1863,.T.);
#2504=ORIENTED_EDGE('',*,*,#1855,.F.);
#2505=ORIENTED_EDGE('',*,*,#1852,.F.);
#2506=ORIENTED_EDGE('',*,*,#1873,.T.);
#2507=ORIENTED_EDGE('',*,*,#1880,.F.);
#2508=ORIENTED_EDGE('',*,*,#1866,.T.);
#2509=ORIENTED_EDGE('',*,*,#1881,.F.);
#2510=ORIENTED_EDGE('',*,*,#1871,.T.);
#2511=ORIENTED_EDGE('',*,*,#1878,.F.);
#2512=ORIENTED_EDGE('',*,*,#1875,.T.);
#2513=ORIENTED_EDGE('',*,*,#1882,.F.);
#2514=ORIENTED_EDGE('',*,*,#1868,.T.);
#2515=ORIENTED_EDGE('',*,*,#1883,.F.);
#2516=ORIENTED_EDGE('',*,*,#1864,.T.);
#2517=ORIENTED_EDGE('',*,*,#1879,.F.);
#2518=ORIENTED_EDGE('',*,*,#1872,.T.);
#2519=ORIENTED_EDGE('',*,*,#1882,.T.);
#2520=ORIENTED_EDGE('',*,*,#1874,.T.);
#2521=ORIENTED_EDGE('',*,*,#1880,.T.);
#2522=ORIENTED_EDGE('',*,*,#1867,.T.);
#2523=ORIENTED_EDGE('',*,*,#1881,.T.);
#2524=ORIENTED_EDGE('',*,*,#1865,.T.);
#2525=ORIENTED_EDGE('',*,*,#1883,.T.);
#2526=ORIENTED_EDGE('',*,*,#1884,.T.);
#2527=ORIENTED_EDGE('',*,*,#1885,.T.);
#2528=ORIENTED_EDGE('',*,*,#1886,.T.);
#2529=ORIENTED_EDGE('',*,*,#1887,.T.);
#2530=ORIENTED_EDGE('',*,*,#1888,.T.);
#2531=ORIENTED_EDGE('',*,*,#1889,.T.);
#2532=ORIENTED_EDGE('',*,*,#1884,.F.);
#2533=ORIENTED_EDGE('',*,*,#1890,.T.);
#2534=ORIENTED_EDGE('',*,*,#1891,.T.);
#2535=ORIENTED_EDGE('',*,*,#1892,.T.);
#2536=ORIENTED_EDGE('',*,*,#1888,.F.);
#2537=ORIENTED_EDGE('',*,*,#1893,.T.);
#2538=ORIENTED_EDGE('',*,*,#1894,.T.);
#2539=ORIENTED_EDGE('',*,*,#1895,.T.);
#2540=ORIENTED_EDGE('',*,*,#1891,.F.);
#2541=ORIENTED_EDGE('',*,*,#1896,.T.);
#2542=ORIENTED_EDGE('',*,*,#1897,.T.);
#2543=ORIENTED_EDGE('',*,*,#1898,.T.);
#2544=ORIENTED_EDGE('',*,*,#1894,.F.);
#2545=ORIENTED_EDGE('',*,*,#1899,.T.);
#2546=ORIENTED_EDGE('',*,*,#1900,.T.);
#2547=ORIENTED_EDGE('',*,*,#1901,.T.);
#2548=ORIENTED_EDGE('',*,*,#1897,.F.);
#2549=ORIENTED_EDGE('',*,*,#1902,.T.);
#2550=ORIENTED_EDGE('',*,*,#1903,.T.);
#2551=ORIENTED_EDGE('',*,*,#1904,.T.);
#2552=ORIENTED_EDGE('',*,*,#1900,.F.);
#2553=ORIENTED_EDGE('',*,*,#1905,.T.);
#2554=ORIENTED_EDGE('',*,*,#1886,.F.);
#2555=ORIENTED_EDGE('',*,*,#1906,.T.);
#2556=ORIENTED_EDGE('',*,*,#1903,.F.);
#2557=ORIENTED_EDGE('',*,*,#1907,.T.);
#2558=ORIENTED_EDGE('',*,*,#1896,.F.);
#2559=ORIENTED_EDGE('',*,*,#1908,.F.);
#2560=ORIENTED_EDGE('',*,*,#1909,.F.);
#2561=ORIENTED_EDGE('',*,*,#1910,.T.);
#2562=ORIENTED_EDGE('',*,*,#1893,.F.);
#2563=ORIENTED_EDGE('',*,*,#1911,.F.);
#2564=ORIENTED_EDGE('',*,*,#1912,.F.);
#2565=ORIENTED_EDGE('',*,*,#1908,.T.);
#2566=ORIENTED_EDGE('',*,*,#1913,.T.);
#2567=ORIENTED_EDGE('',*,*,#1914,.T.);
#2568=ORIENTED_EDGE('',*,*,#1915,.T.);
#2569=ORIENTED_EDGE('',*,*,#1916,.T.);
#2570=ORIENTED_EDGE('',*,*,#1917,.T.);
#2571=ORIENTED_EDGE('',*,*,#1918,.T.);
#2572=ORIENTED_EDGE('',*,*,#1919,.T.);
#2573=ORIENTED_EDGE('',*,*,#1920,.T.);
#2574=ORIENTED_EDGE('',*,*,#1921,.T.);
#2575=ORIENTED_EDGE('',*,*,#1922,.T.);
#2576=ORIENTED_EDGE('',*,*,#1923,.T.);
#2577=ORIENTED_EDGE('',*,*,#1924,.T.);
#2578=ORIENTED_EDGE('',*,*,#1925,.T.);
#2579=ORIENTED_EDGE('',*,*,#1926,.T.);
#2580=ORIENTED_EDGE('',*,*,#1927,.T.);
#2581=ORIENTED_EDGE('',*,*,#1928,.T.);
#2582=ORIENTED_EDGE('',*,*,#1929,.T.);
#2583=ORIENTED_EDGE('',*,*,#1930,.T.);
#2584=ORIENTED_EDGE('',*,*,#1931,.T.);
#2585=ORIENTED_EDGE('',*,*,#1932,.T.);
#2586=ORIENTED_EDGE('',*,*,#1933,.T.);
#2587=ORIENTED_EDGE('',*,*,#1934,.T.);
#2588=ORIENTED_EDGE('',*,*,#1935,.T.);
#2589=ORIENTED_EDGE('',*,*,#1936,.T.);
#2590=ORIENTED_EDGE('',*,*,#1937,.T.);
#2591=ORIENTED_EDGE('',*,*,#1938,.T.);
#2592=ORIENTED_EDGE('',*,*,#1939,.T.);
#2593=ORIENTED_EDGE('',*,*,#1940,.T.);
#2594=ORIENTED_EDGE('',*,*,#1941,.T.);
#2595=ORIENTED_EDGE('',*,*,#1942,.T.);
#2596=ORIENTED_EDGE('',*,*,#1943,.T.);
#2597=ORIENTED_EDGE('',*,*,#1944,.T.);
#2598=ORIENTED_EDGE('',*,*,#1945,.T.);
#2599=ORIENTED_EDGE('',*,*,#1946,.T.);
#2600=ORIENTED_EDGE('',*,*,#1947,.T.);
#2601=ORIENTED_EDGE('',*,*,#1948,.T.);
#2602=ORIENTED_EDGE('',*,*,#1890,.F.);
#2603=ORIENTED_EDGE('',*,*,#1949,.T.);
#2604=ORIENTED_EDGE('',*,*,#1950,.F.);
#2605=ORIENTED_EDGE('',*,*,#1911,.T.);
#2606=ORIENTED_EDGE('',*,*,#1887,.F.);
#2607=ORIENTED_EDGE('',*,*,#1951,.F.);
#2608=ORIENTED_EDGE('',*,*,#1952,.F.);
#2609=ORIENTED_EDGE('',*,*,#1949,.F.);
#2610=ORIENTED_EDGE('',*,*,#1953,.T.);
#2611=ORIENTED_EDGE('',*,*,#1954,.T.);
#2612=ORIENTED_EDGE('',*,*,#1955,.T.);
#2613=ORIENTED_EDGE('',*,*,#1956,.T.);
#2614=ORIENTED_EDGE('',*,*,#1957,.T.);
#2615=ORIENTED_EDGE('',*,*,#1958,.T.);
#2616=ORIENTED_EDGE('',*,*,#1959,.T.);
#2617=ORIENTED_EDGE('',*,*,#1960,.T.);
#2618=ORIENTED_EDGE('',*,*,#1961,.T.);
#2619=ORIENTED_EDGE('',*,*,#1962,.T.);
#2620=ORIENTED_EDGE('',*,*,#1963,.T.);
#2621=ORIENTED_EDGE('',*,*,#1964,.T.);
#2622=ORIENTED_EDGE('',*,*,#1965,.T.);
#2623=ORIENTED_EDGE('',*,*,#1966,.T.);
#2624=ORIENTED_EDGE('',*,*,#1967,.T.);
#2625=ORIENTED_EDGE('',*,*,#1968,.T.);
#2626=ORIENTED_EDGE('',*,*,#1969,.T.);
#2627=ORIENTED_EDGE('',*,*,#1970,.T.);
#2628=ORIENTED_EDGE('',*,*,#1971,.T.);
#2629=ORIENTED_EDGE('',*,*,#1972,.T.);
#2630=ORIENTED_EDGE('',*,*,#1973,.T.);
#2631=ORIENTED_EDGE('',*,*,#1974,.T.);
#2632=ORIENTED_EDGE('',*,*,#1975,.T.);
#2633=ORIENTED_EDGE('',*,*,#1976,.T.);
#2634=ORIENTED_EDGE('',*,*,#1977,.T.);
#2635=ORIENTED_EDGE('',*,*,#1978,.T.);
#2636=ORIENTED_EDGE('',*,*,#1979,.T.);
#2637=ORIENTED_EDGE('',*,*,#1980,.T.);
#2638=ORIENTED_EDGE('',*,*,#1981,.T.);
#2639=ORIENTED_EDGE('',*,*,#1982,.T.);
#2640=ORIENTED_EDGE('',*,*,#1983,.T.);
#2641=ORIENTED_EDGE('',*,*,#1984,.T.);
#2642=ORIENTED_EDGE('',*,*,#1885,.F.);
#2643=ORIENTED_EDGE('',*,*,#1889,.F.);
#2644=ORIENTED_EDGE('',*,*,#1892,.F.);
#2645=ORIENTED_EDGE('',*,*,#1895,.F.);
#2646=ORIENTED_EDGE('',*,*,#1898,.F.);
#2647=ORIENTED_EDGE('',*,*,#1901,.F.);
#2648=ORIENTED_EDGE('',*,*,#1904,.F.);
#2649=ORIENTED_EDGE('',*,*,#1906,.F.);
#2650=ORIENTED_EDGE('',*,*,#1985,.F.);
#2651=ORIENTED_EDGE('',*,*,#1986,.F.);
#2652=ORIENTED_EDGE('',*,*,#1916,.F.);
#2653=ORIENTED_EDGE('',*,*,#1987,.T.);
#2654=ORIENTED_EDGE('',*,*,#1988,.F.);
#2655=ORIENTED_EDGE('',*,*,#1987,.F.);
#2656=ORIENTED_EDGE('',*,*,#1915,.F.);
#2657=ORIENTED_EDGE('',*,*,#1989,.T.);
#2658=ORIENTED_EDGE('',*,*,#1990,.F.);
#2659=ORIENTED_EDGE('',*,*,#1989,.F.);
#2660=ORIENTED_EDGE('',*,*,#1914,.F.);
#2661=ORIENTED_EDGE('',*,*,#1991,.T.);
#2662=ORIENTED_EDGE('',*,*,#1992,.F.);
#2663=ORIENTED_EDGE('',*,*,#1991,.F.);
#2664=ORIENTED_EDGE('',*,*,#1913,.F.);
#2665=ORIENTED_EDGE('',*,*,#1993,.T.);
#2666=ORIENTED_EDGE('',*,*,#1994,.F.);
#2667=ORIENTED_EDGE('',*,*,#1993,.F.);
#2668=ORIENTED_EDGE('',*,*,#1918,.F.);
#2669=ORIENTED_EDGE('',*,*,#1995,.T.);
#2670=ORIENTED_EDGE('',*,*,#1996,.F.);
#2671=ORIENTED_EDGE('',*,*,#1995,.F.);
#2672=ORIENTED_EDGE('',*,*,#1917,.F.);
#2673=ORIENTED_EDGE('',*,*,#1986,.T.);
#2674=ORIENTED_EDGE('',*,*,#1997,.F.);
#2675=ORIENTED_EDGE('',*,*,#1998,.F.);
#2676=ORIENTED_EDGE('',*,*,#1922,.F.);
#2677=ORIENTED_EDGE('',*,*,#1999,.T.);
#2678=ORIENTED_EDGE('',*,*,#2000,.F.);
#2679=ORIENTED_EDGE('',*,*,#1999,.F.);
#2680=ORIENTED_EDGE('',*,*,#1921,.F.);
#2681=ORIENTED_EDGE('',*,*,#2001,.T.);
#2682=ORIENTED_EDGE('',*,*,#2002,.F.);
#2683=ORIENTED_EDGE('',*,*,#2001,.F.);
#2684=ORIENTED_EDGE('',*,*,#1920,.F.);
#2685=ORIENTED_EDGE('',*,*,#2003,.T.);
#2686=ORIENTED_EDGE('',*,*,#2004,.F.);
#2687=ORIENTED_EDGE('',*,*,#2003,.F.);
#2688=ORIENTED_EDGE('',*,*,#1919,.F.);
#2689=ORIENTED_EDGE('',*,*,#2005,.T.);
#2690=ORIENTED_EDGE('',*,*,#2006,.F.);
#2691=ORIENTED_EDGE('',*,*,#2005,.F.);
#2692=ORIENTED_EDGE('',*,*,#1924,.F.);
#2693=ORIENTED_EDGE('',*,*,#2007,.T.);
#2694=ORIENTED_EDGE('',*,*,#2008,.F.);
#2695=ORIENTED_EDGE('',*,*,#2007,.F.);
#2696=ORIENTED_EDGE('',*,*,#1923,.F.);
#2697=ORIENTED_EDGE('',*,*,#1998,.T.);
#2698=ORIENTED_EDGE('',*,*,#2009,.F.);
#2699=ORIENTED_EDGE('',*,*,#2010,.F.);
#2700=ORIENTED_EDGE('',*,*,#1928,.F.);
#2701=ORIENTED_EDGE('',*,*,#2011,.T.);
#2702=ORIENTED_EDGE('',*,*,#2012,.F.);
#2703=ORIENTED_EDGE('',*,*,#2011,.F.);
#2704=ORIENTED_EDGE('',*,*,#1927,.F.);
#2705=ORIENTED_EDGE('',*,*,#2013,.T.);
#2706=ORIENTED_EDGE('',*,*,#2014,.F.);
#2707=ORIENTED_EDGE('',*,*,#2013,.F.);
#2708=ORIENTED_EDGE('',*,*,#1926,.F.);
#2709=ORIENTED_EDGE('',*,*,#2015,.T.);
#2710=ORIENTED_EDGE('',*,*,#2016,.F.);
#2711=ORIENTED_EDGE('',*,*,#2015,.F.);
#2712=ORIENTED_EDGE('',*,*,#1925,.F.);
#2713=ORIENTED_EDGE('',*,*,#2017,.T.);
#2714=ORIENTED_EDGE('',*,*,#2018,.F.);
#2715=ORIENTED_EDGE('',*,*,#2017,.F.);
#2716=ORIENTED_EDGE('',*,*,#1930,.F.);
#2717=ORIENTED_EDGE('',*,*,#2019,.T.);
#2718=ORIENTED_EDGE('',*,*,#2020,.F.);
#2719=ORIENTED_EDGE('',*,*,#2019,.F.);
#2720=ORIENTED_EDGE('',*,*,#1929,.F.);
#2721=ORIENTED_EDGE('',*,*,#2010,.T.);
#2722=ORIENTED_EDGE('',*,*,#2021,.F.);
#2723=ORIENTED_EDGE('',*,*,#2022,.F.);
#2724=ORIENTED_EDGE('',*,*,#1934,.F.);
#2725=ORIENTED_EDGE('',*,*,#2023,.T.);
#2726=ORIENTED_EDGE('',*,*,#2024,.F.);
#2727=ORIENTED_EDGE('',*,*,#2023,.F.);
#2728=ORIENTED_EDGE('',*,*,#1933,.F.);
#2729=ORIENTED_EDGE('',*,*,#2025,.T.);
#2730=ORIENTED_EDGE('',*,*,#2026,.F.);
#2731=ORIENTED_EDGE('',*,*,#2025,.F.);
#2732=ORIENTED_EDGE('',*,*,#1932,.F.);
#2733=ORIENTED_EDGE('',*,*,#2027,.T.);
#2734=ORIENTED_EDGE('',*,*,#2028,.F.);
#2735=ORIENTED_EDGE('',*,*,#2027,.F.);
#2736=ORIENTED_EDGE('',*,*,#1931,.F.);
#2737=ORIENTED_EDGE('',*,*,#2029,.T.);
#2738=ORIENTED_EDGE('',*,*,#2030,.F.);
#2739=ORIENTED_EDGE('',*,*,#2029,.F.);
#2740=ORIENTED_EDGE('',*,*,#1936,.F.);
#2741=ORIENTED_EDGE('',*,*,#2031,.T.);
#2742=ORIENTED_EDGE('',*,*,#2032,.F.);
#2743=ORIENTED_EDGE('',*,*,#2031,.F.);
#2744=ORIENTED_EDGE('',*,*,#1935,.F.);
#2745=ORIENTED_EDGE('',*,*,#2022,.T.);
#2746=ORIENTED_EDGE('',*,*,#2033,.F.);
#2747=ORIENTED_EDGE('',*,*,#2034,.F.);
#2748=ORIENTED_EDGE('',*,*,#1940,.F.);
#2749=ORIENTED_EDGE('',*,*,#2035,.T.);
#2750=ORIENTED_EDGE('',*,*,#2036,.F.);
#2751=ORIENTED_EDGE('',*,*,#2035,.F.);
#2752=ORIENTED_EDGE('',*,*,#1939,.F.);
#2753=ORIENTED_EDGE('',*,*,#2037,.T.);
#2754=ORIENTED_EDGE('',*,*,#2038,.F.);
#2755=ORIENTED_EDGE('',*,*,#2037,.F.);
#2756=ORIENTED_EDGE('',*,*,#1938,.F.);
#2757=ORIENTED_EDGE('',*,*,#2039,.T.);
#2758=ORIENTED_EDGE('',*,*,#2040,.F.);
#2759=ORIENTED_EDGE('',*,*,#2039,.F.);
#2760=ORIENTED_EDGE('',*,*,#1937,.F.);
#2761=ORIENTED_EDGE('',*,*,#2041,.T.);
#2762=ORIENTED_EDGE('',*,*,#2042,.F.);
#2763=ORIENTED_EDGE('',*,*,#2041,.F.);
#2764=ORIENTED_EDGE('',*,*,#1942,.F.);
#2765=ORIENTED_EDGE('',*,*,#2043,.T.);
#2766=ORIENTED_EDGE('',*,*,#2044,.F.);
#2767=ORIENTED_EDGE('',*,*,#2043,.F.);
#2768=ORIENTED_EDGE('',*,*,#1941,.F.);
#2769=ORIENTED_EDGE('',*,*,#2034,.T.);
#2770=ORIENTED_EDGE('',*,*,#2045,.F.);
#2771=ORIENTED_EDGE('',*,*,#2046,.F.);
#2772=ORIENTED_EDGE('',*,*,#1946,.F.);
#2773=ORIENTED_EDGE('',*,*,#2047,.T.);
#2774=ORIENTED_EDGE('',*,*,#2048,.F.);
#2775=ORIENTED_EDGE('',*,*,#2047,.F.);
#2776=ORIENTED_EDGE('',*,*,#1945,.F.);
#2777=ORIENTED_EDGE('',*,*,#2049,.T.);
#2778=ORIENTED_EDGE('',*,*,#2050,.F.);
#2779=ORIENTED_EDGE('',*,*,#2049,.F.);
#2780=ORIENTED_EDGE('',*,*,#1944,.F.);
#2781=ORIENTED_EDGE('',*,*,#2051,.T.);
#2782=ORIENTED_EDGE('',*,*,#2052,.F.);
#2783=ORIENTED_EDGE('',*,*,#2051,.F.);
#2784=ORIENTED_EDGE('',*,*,#1943,.F.);
#2785=ORIENTED_EDGE('',*,*,#2053,.T.);
#2786=ORIENTED_EDGE('',*,*,#2054,.F.);
#2787=ORIENTED_EDGE('',*,*,#2053,.F.);
#2788=ORIENTED_EDGE('',*,*,#1948,.F.);
#2789=ORIENTED_EDGE('',*,*,#2055,.T.);
#2790=ORIENTED_EDGE('',*,*,#2056,.F.);
#2791=ORIENTED_EDGE('',*,*,#2055,.F.);
#2792=ORIENTED_EDGE('',*,*,#1947,.F.);
#2793=ORIENTED_EDGE('',*,*,#2046,.T.);
#2794=ORIENTED_EDGE('',*,*,#1912,.T.);
#2795=ORIENTED_EDGE('',*,*,#1950,.T.);
#2796=ORIENTED_EDGE('',*,*,#1952,.T.);
#2797=ORIENTED_EDGE('',*,*,#2057,.T.);
#2798=ORIENTED_EDGE('',*,*,#2058,.T.);
#2799=ORIENTED_EDGE('',*,*,#2059,.T.);
#2800=ORIENTED_EDGE('',*,*,#2060,.T.);
#2801=ORIENTED_EDGE('',*,*,#1909,.T.);
#2802=ORIENTED_EDGE('',*,*,#2061,.T.);
#2803=ORIENTED_EDGE('',*,*,#2062,.T.);
#2804=ORIENTED_EDGE('',*,*,#2063,.T.);
#2805=ORIENTED_EDGE('',*,*,#2064,.T.);
#2806=ORIENTED_EDGE('',*,*,#2065,.T.);
#2807=ORIENTED_EDGE('',*,*,#2066,.T.);
#2808=ORIENTED_EDGE('',*,*,#2067,.T.);
#2809=ORIENTED_EDGE('',*,*,#2068,.T.);
#2810=ORIENTED_EDGE('',*,*,#2069,.F.);
#2811=ORIENTED_EDGE('',*,*,#2070,.T.);
#2812=ORIENTED_EDGE('',*,*,#1979,.F.);
#2813=ORIENTED_EDGE('',*,*,#2071,.F.);
#2814=ORIENTED_EDGE('',*,*,#2072,.F.);
#2815=ORIENTED_EDGE('',*,*,#2071,.T.);
#2816=ORIENTED_EDGE('',*,*,#1978,.F.);
#2817=ORIENTED_EDGE('',*,*,#2073,.F.);
#2818=ORIENTED_EDGE('',*,*,#2074,.F.);
#2819=ORIENTED_EDGE('',*,*,#2073,.T.);
#2820=ORIENTED_EDGE('',*,*,#1977,.F.);
#2821=ORIENTED_EDGE('',*,*,#2075,.F.);
#2822=ORIENTED_EDGE('',*,*,#2076,.F.);
#2823=ORIENTED_EDGE('',*,*,#2075,.T.);
#2824=ORIENTED_EDGE('',*,*,#1976,.F.);
#2825=ORIENTED_EDGE('',*,*,#2077,.F.);
#2826=ORIENTED_EDGE('',*,*,#2078,.F.);
#2827=ORIENTED_EDGE('',*,*,#2077,.T.);
#2828=ORIENTED_EDGE('',*,*,#1975,.F.);
#2829=ORIENTED_EDGE('',*,*,#2079,.F.);
#2830=ORIENTED_EDGE('',*,*,#2080,.F.);
#2831=ORIENTED_EDGE('',*,*,#2079,.T.);
#2832=ORIENTED_EDGE('',*,*,#1974,.F.);
#2833=ORIENTED_EDGE('',*,*,#2081,.F.);
#2834=ORIENTED_EDGE('',*,*,#2082,.F.);
#2835=ORIENTED_EDGE('',*,*,#2081,.T.);
#2836=ORIENTED_EDGE('',*,*,#1973,.F.);
#2837=ORIENTED_EDGE('',*,*,#2083,.T.);
#2838=ORIENTED_EDGE('',*,*,#2084,.F.);
#2839=ORIENTED_EDGE('',*,*,#2085,.T.);
#2840=ORIENTED_EDGE('',*,*,#1980,.F.);
#2841=ORIENTED_EDGE('',*,*,#2070,.F.);
#2842=ORIENTED_EDGE('',*,*,#2086,.F.);
#2843=ORIENTED_EDGE('',*,*,#2087,.T.);
#2844=ORIENTED_EDGE('',*,*,#1981,.F.);
#2845=ORIENTED_EDGE('',*,*,#2085,.F.);
#2846=ORIENTED_EDGE('',*,*,#2088,.F.);
#2847=ORIENTED_EDGE('',*,*,#2089,.T.);
#2848=ORIENTED_EDGE('',*,*,#1982,.F.);
#2849=ORIENTED_EDGE('',*,*,#2087,.F.);
#2850=ORIENTED_EDGE('',*,*,#2090,.F.);
#2851=ORIENTED_EDGE('',*,*,#2091,.T.);
#2852=ORIENTED_EDGE('',*,*,#1983,.F.);
#2853=ORIENTED_EDGE('',*,*,#2089,.F.);
#2854=ORIENTED_EDGE('',*,*,#2092,.F.);
#2855=ORIENTED_EDGE('',*,*,#2083,.F.);
#2856=ORIENTED_EDGE('',*,*,#1984,.F.);
#2857=ORIENTED_EDGE('',*,*,#2091,.F.);
#2858=ORIENTED_EDGE('',*,*,#2093,.F.);
#2859=ORIENTED_EDGE('',*,*,#2094,.T.);
#2860=ORIENTED_EDGE('',*,*,#1967,.F.);
#2861=ORIENTED_EDGE('',*,*,#2095,.F.);
#2862=ORIENTED_EDGE('',*,*,#2096,.F.);
#2863=ORIENTED_EDGE('',*,*,#2095,.T.);
#2864=ORIENTED_EDGE('',*,*,#1966,.F.);
#2865=ORIENTED_EDGE('',*,*,#2097,.F.);
#2866=ORIENTED_EDGE('',*,*,#2098,.F.);
#2867=ORIENTED_EDGE('',*,*,#2097,.T.);
#2868=ORIENTED_EDGE('',*,*,#1965,.F.);
#2869=ORIENTED_EDGE('',*,*,#2099,.F.);
#2870=ORIENTED_EDGE('',*,*,#2100,.F.);
#2871=ORIENTED_EDGE('',*,*,#2099,.T.);
#2872=ORIENTED_EDGE('',*,*,#1964,.F.);
#2873=ORIENTED_EDGE('',*,*,#2101,.F.);
#2874=ORIENTED_EDGE('',*,*,#2102,.F.);
#2875=ORIENTED_EDGE('',*,*,#2101,.T.);
#2876=ORIENTED_EDGE('',*,*,#1963,.F.);
#2877=ORIENTED_EDGE('',*,*,#2103,.F.);
#2878=ORIENTED_EDGE('',*,*,#2104,.F.);
#2879=ORIENTED_EDGE('',*,*,#2103,.T.);
#2880=ORIENTED_EDGE('',*,*,#1962,.F.);
#2881=ORIENTED_EDGE('',*,*,#2105,.F.);
#2882=ORIENTED_EDGE('',*,*,#2106,.F.);
#2883=ORIENTED_EDGE('',*,*,#2105,.T.);
#2884=ORIENTED_EDGE('',*,*,#1961,.F.);
#2885=ORIENTED_EDGE('',*,*,#2107,.T.);
#2886=ORIENTED_EDGE('',*,*,#2108,.F.);
#2887=ORIENTED_EDGE('',*,*,#2109,.T.);
#2888=ORIENTED_EDGE('',*,*,#1968,.F.);
#2889=ORIENTED_EDGE('',*,*,#2094,.F.);
#2890=ORIENTED_EDGE('',*,*,#2110,.F.);
#2891=ORIENTED_EDGE('',*,*,#2111,.T.);
#2892=ORIENTED_EDGE('',*,*,#1969,.F.);
#2893=ORIENTED_EDGE('',*,*,#2109,.F.);
#2894=ORIENTED_EDGE('',*,*,#2112,.F.);
#2895=ORIENTED_EDGE('',*,*,#2113,.T.);
#2896=ORIENTED_EDGE('',*,*,#1970,.F.);
#2897=ORIENTED_EDGE('',*,*,#2111,.F.);
#2898=ORIENTED_EDGE('',*,*,#2114,.F.);
#2899=ORIENTED_EDGE('',*,*,#2115,.T.);
#2900=ORIENTED_EDGE('',*,*,#1971,.F.);
#2901=ORIENTED_EDGE('',*,*,#2113,.F.);
#2902=ORIENTED_EDGE('',*,*,#2116,.F.);
#2903=ORIENTED_EDGE('',*,*,#2107,.F.);
#2904=ORIENTED_EDGE('',*,*,#1972,.F.);
#2905=ORIENTED_EDGE('',*,*,#2115,.F.);
#2906=ORIENTED_EDGE('',*,*,#2117,.F.);
#2907=ORIENTED_EDGE('',*,*,#2118,.T.);
#2908=ORIENTED_EDGE('',*,*,#1957,.F.);
#2909=ORIENTED_EDGE('',*,*,#2119,.F.);
#2910=ORIENTED_EDGE('',*,*,#2120,.F.);
#2911=ORIENTED_EDGE('',*,*,#2119,.T.);
#2912=ORIENTED_EDGE('',*,*,#1956,.F.);
#2913=ORIENTED_EDGE('',*,*,#2121,.F.);
#2914=ORIENTED_EDGE('',*,*,#2122,.F.);
#2915=ORIENTED_EDGE('',*,*,#2121,.T.);
#2916=ORIENTED_EDGE('',*,*,#1955,.F.);
#2917=ORIENTED_EDGE('',*,*,#2123,.F.);
#2918=ORIENTED_EDGE('',*,*,#2124,.F.);
#2919=ORIENTED_EDGE('',*,*,#2123,.T.);
#2920=ORIENTED_EDGE('',*,*,#1954,.F.);
#2921=ORIENTED_EDGE('',*,*,#2125,.F.);
#2922=ORIENTED_EDGE('',*,*,#2126,.F.);
#2923=ORIENTED_EDGE('',*,*,#2125,.T.);
#2924=ORIENTED_EDGE('',*,*,#1953,.F.);
#2925=ORIENTED_EDGE('',*,*,#2127,.T.);
#2926=ORIENTED_EDGE('',*,*,#2128,.F.);
#2927=ORIENTED_EDGE('',*,*,#2129,.T.);
#2928=ORIENTED_EDGE('',*,*,#1958,.F.);
#2929=ORIENTED_EDGE('',*,*,#2118,.F.);
#2930=ORIENTED_EDGE('',*,*,#2130,.F.);
#2931=ORIENTED_EDGE('',*,*,#2131,.T.);
#2932=ORIENTED_EDGE('',*,*,#1959,.F.);
#2933=ORIENTED_EDGE('',*,*,#2129,.F.);
#2934=ORIENTED_EDGE('',*,*,#2132,.F.);
#2935=ORIENTED_EDGE('',*,*,#2127,.F.);
#2936=ORIENTED_EDGE('',*,*,#1960,.F.);
#2937=ORIENTED_EDGE('',*,*,#2131,.F.);
#2938=ORIENTED_EDGE('',*,*,#2133,.T.);
#2939=ORIENTED_EDGE('',*,*,#2134,.T.);
#2940=ORIENTED_EDGE('',*,*,#2135,.T.);
#2941=ORIENTED_EDGE('',*,*,#2136,.T.);
#2942=ORIENTED_EDGE('',*,*,#2134,.F.);
#2943=ORIENTED_EDGE('',*,*,#2137,.F.);
#2944=ORIENTED_EDGE('',*,*,#2138,.T.);
#2945=ORIENTED_EDGE('',*,*,#2139,.F.);
#2946=ORIENTED_EDGE('',*,*,#2140,.T.);
#2947=ORIENTED_EDGE('',*,*,#2141,.T.);
#2948=ORIENTED_EDGE('',*,*,#2142,.T.);
#2949=ORIENTED_EDGE('',*,*,#2143,.T.);
#2950=ORIENTED_EDGE('',*,*,#2136,.F.);
#2951=ORIENTED_EDGE('',*,*,#2144,.F.);
#2952=ORIENTED_EDGE('',*,*,#2145,.F.);
#2953=ORIENTED_EDGE('',*,*,#2141,.F.);
#2954=ORIENTED_EDGE('',*,*,#2146,.F.);
#2955=ORIENTED_EDGE('',*,*,#2147,.F.);
#2956=ORIENTED_EDGE('',*,*,#2148,.T.);
#2957=ORIENTED_EDGE('',*,*,#2149,.T.);
#2958=ORIENTED_EDGE('',*,*,#2150,.T.);
#2959=ORIENTED_EDGE('',*,*,#2151,.T.);
#2960=ORIENTED_EDGE('',*,*,#2149,.F.);
#2961=ORIENTED_EDGE('',*,*,#2152,.F.);
#2962=ORIENTED_EDGE('',*,*,#2153,.F.);
#2963=ORIENTED_EDGE('',*,*,#2154,.F.);
#2964=ORIENTED_EDGE('',*,*,#2155,.T.);
#2965=ORIENTED_EDGE('',*,*,#2153,.T.);
#2966=ORIENTED_EDGE('',*,*,#2156,.T.);
#2967=ORIENTED_EDGE('',*,*,#2157,.T.);
#2968=ORIENTED_EDGE('',*,*,#2158,.F.);
#2969=ORIENTED_EDGE('',*,*,#2159,.F.);
#2970=ORIENTED_EDGE('',*,*,#2160,.F.);
#2971=ORIENTED_EDGE('',*,*,#2161,.F.);
#2972=ORIENTED_EDGE('',*,*,#2162,.F.);
#2973=ORIENTED_EDGE('',*,*,#2163,.T.);
#2974=ORIENTED_EDGE('',*,*,#2163,.F.);
#2975=ORIENTED_EDGE('',*,*,#2164,.F.);
#2976=ORIENTED_EDGE('',*,*,#2165,.T.);
#2977=ORIENTED_EDGE('',*,*,#2166,.F.);
#2978=ORIENTED_EDGE('',*,*,#1902,.F.);
#2979=ORIENTED_EDGE('',*,*,#2167,.F.);
#2980=ORIENTED_EDGE('',*,*,#2059,.F.);
#2981=ORIENTED_EDGE('',*,*,#2168,.T.);
#2982=ORIENTED_EDGE('',*,*,#2169,.T.);
#2983=ORIENTED_EDGE('',*,*,#2170,.T.);
#2984=ORIENTED_EDGE('',*,*,#2171,.T.);
#2985=ORIENTED_EDGE('',*,*,#2172,.T.);
#2986=ORIENTED_EDGE('',*,*,#2173,.T.);
#2987=ORIENTED_EDGE('',*,*,#2174,.T.);
#2988=ORIENTED_EDGE('',*,*,#2164,.T.);
#2989=ORIENTED_EDGE('',*,*,#2162,.T.);
#2990=ORIENTED_EDGE('',*,*,#2175,.T.);
#2991=ORIENTED_EDGE('',*,*,#2158,.T.);
#2992=ORIENTED_EDGE('',*,*,#2166,.T.);
#2993=ORIENTED_EDGE('',*,*,#2176,.T.);
#2994=ORIENTED_EDGE('',*,*,#2177,.T.);
#2995=ORIENTED_EDGE('',*,*,#2178,.T.);
#2996=ORIENTED_EDGE('',*,*,#2179,.T.);
#2997=ORIENTED_EDGE('',*,*,#2180,.T.);
#2998=ORIENTED_EDGE('',*,*,#2181,.T.);
#2999=ORIENTED_EDGE('',*,*,#2182,.T.);
#3000=ORIENTED_EDGE('',*,*,#2067,.F.);
#3001=ORIENTED_EDGE('',*,*,#2183,.F.);
#3002=ORIENTED_EDGE('',*,*,#2184,.F.);
#3003=ORIENTED_EDGE('',*,*,#2185,.T.);
#3004=ORIENTED_EDGE('',*,*,#2151,.F.);
#3005=ORIENTED_EDGE('',*,*,#2186,.F.);
#3006=ORIENTED_EDGE('',*,*,#2187,.F.);
#3007=ORIENTED_EDGE('',*,*,#2188,.F.);
#3008=ORIENTED_EDGE('',*,*,#2189,.F.);
#3009=ORIENTED_EDGE('',*,*,#2187,.T.);
#3010=ORIENTED_EDGE('',*,*,#2190,.F.);
#3011=ORIENTED_EDGE('',*,*,#2191,.F.);
#3012=ORIENTED_EDGE('',*,*,#2157,.F.);
#3013=ORIENTED_EDGE('',*,*,#2192,.F.);
#3014=ORIENTED_EDGE('',*,*,#2191,.T.);
#3015=ORIENTED_EDGE('',*,*,#2193,.F.);
#3016=ORIENTED_EDGE('',*,*,#2181,.F.);
#3017=ORIENTED_EDGE('',*,*,#2194,.F.);
#3018=ORIENTED_EDGE('',*,*,#2169,.F.);
#3019=ORIENTED_EDGE('',*,*,#2195,.F.);
#3020=ORIENTED_EDGE('',*,*,#2196,.T.);
#3021=ORIENTED_EDGE('',*,*,#2197,.F.);
#3022=ORIENTED_EDGE('',*,*,#2178,.F.);
#3023=ORIENTED_EDGE('',*,*,#2198,.F.);
#3024=ORIENTED_EDGE('',*,*,#2172,.F.);
#3025=ORIENTED_EDGE('',*,*,#2199,.T.);
#3026=ORIENTED_EDGE('',*,*,#2177,.F.);
#3027=ORIENTED_EDGE('',*,*,#2200,.F.);
#3028=ORIENTED_EDGE('',*,*,#2173,.F.);
#3029=ORIENTED_EDGE('',*,*,#2198,.T.);
#3030=ORIENTED_EDGE('',*,*,#2179,.F.);
#3031=ORIENTED_EDGE('',*,*,#2199,.F.);
#3032=ORIENTED_EDGE('',*,*,#2171,.F.);
#3033=ORIENTED_EDGE('',*,*,#2201,.T.);
#3034=ORIENTED_EDGE('',*,*,#2176,.F.);
#3035=ORIENTED_EDGE('',*,*,#2165,.F.);
#3036=ORIENTED_EDGE('',*,*,#2174,.F.);
#3037=ORIENTED_EDGE('',*,*,#2200,.T.);
#3038=ORIENTED_EDGE('',*,*,#2180,.F.);
#3039=ORIENTED_EDGE('',*,*,#2201,.F.);
#3040=ORIENTED_EDGE('',*,*,#2170,.F.);
#3041=ORIENTED_EDGE('',*,*,#2194,.T.);
#3042=ORIENTED_EDGE('',*,*,#2202,.F.);
#3043=ORIENTED_EDGE('',*,*,#2196,.F.);
#3044=ORIENTED_EDGE('',*,*,#2203,.F.);
#3045=ORIENTED_EDGE('',*,*,#2204,.T.);
#3046=ORIENTED_EDGE('',*,*,#2205,.F.);
#3047=ORIENTED_EDGE('',*,*,#2204,.F.);
#3048=ORIENTED_EDGE('',*,*,#2206,.F.);
#3049=ORIENTED_EDGE('',*,*,#2207,.T.);
#3050=ORIENTED_EDGE('',*,*,#2208,.F.);
#3051=ORIENTED_EDGE('',*,*,#2207,.F.);
#3052=ORIENTED_EDGE('',*,*,#2209,.F.);
#3053=ORIENTED_EDGE('',*,*,#2210,.T.);
#3054=ORIENTED_EDGE('',*,*,#2211,.F.);
#3055=ORIENTED_EDGE('',*,*,#2210,.F.);
#3056=ORIENTED_EDGE('',*,*,#2212,.F.);
#3057=ORIENTED_EDGE('',*,*,#2213,.T.);
#3058=ORIENTED_EDGE('',*,*,#2214,.F.);
#3059=ORIENTED_EDGE('',*,*,#2213,.F.);
#3060=ORIENTED_EDGE('',*,*,#2215,.F.);
#3061=ORIENTED_EDGE('',*,*,#2216,.T.);
#3062=ORIENTED_EDGE('',*,*,#2217,.F.);
#3063=ORIENTED_EDGE('',*,*,#2216,.F.);
#3064=ORIENTED_EDGE('',*,*,#2218,.F.);
#3065=ORIENTED_EDGE('',*,*,#2160,.T.);
#3066=ORIENTED_EDGE('',*,*,#2219,.F.);
#3067=ORIENTED_EDGE('',*,*,#2220,.T.);
#3068=ORIENTED_EDGE('',*,*,#2221,.F.);
#3069=ORIENTED_EDGE('',*,*,#2138,.F.);
#3070=ORIENTED_EDGE('',*,*,#2222,.F.);
#3071=ORIENTED_EDGE('',*,*,#2223,.T.);
#3072=ORIENTED_EDGE('',*,*,#2224,.F.);
#3073=ORIENTED_EDGE('',*,*,#2220,.F.);
#3074=ORIENTED_EDGE('',*,*,#2225,.F.);
#3075=ORIENTED_EDGE('',*,*,#2226,.F.);
#3076=ORIENTED_EDGE('',*,*,#2227,.F.);
#3077=ORIENTED_EDGE('',*,*,#2228,.T.);
#3078=ORIENTED_EDGE('',*,*,#2143,.F.);
#3079=ORIENTED_EDGE('',*,*,#2229,.F.);
#3080=ORIENTED_EDGE('',*,*,#2228,.F.);
#3081=ORIENTED_EDGE('',*,*,#2230,.F.);
#3082=ORIENTED_EDGE('',*,*,#2231,.F.);
#3083=ORIENTED_EDGE('',*,*,#2232,.F.);
#3084=ORIENTED_EDGE('',*,*,#2233,.T.);
#3085=ORIENTED_EDGE('',*,*,#2234,.F.);
#3086=ORIENTED_EDGE('',*,*,#2235,.F.);
#3087=ORIENTED_EDGE('',*,*,#2223,.F.);
#3088=ORIENTED_EDGE('',*,*,#2236,.F.);
#3089=ORIENTED_EDGE('',*,*,#2233,.F.);
#3090=ORIENTED_EDGE('',*,*,#2237,.F.);
#3091=ORIENTED_EDGE('',*,*,#2226,.T.);
#3092=ORIENTED_EDGE('',*,*,#1907,.F.);
#3093=ORIENTED_EDGE('',*,*,#2238,.F.);
#3094=ORIENTED_EDGE('',*,*,#2231,.T.);
#3095=ORIENTED_EDGE('',*,*,#2222,.T.);
#3096=ORIENTED_EDGE('',*,*,#2219,.T.);
#3097=ORIENTED_EDGE('',*,*,#2137,.T.);
#3098=ORIENTED_EDGE('',*,*,#2133,.F.);
#3099=ORIENTED_EDGE('',*,*,#2147,.T.);
#3100=ORIENTED_EDGE('',*,*,#2239,.F.);
#3101=ORIENTED_EDGE('',*,*,#2057,.F.);
#3102=ORIENTED_EDGE('',*,*,#1951,.T.);
#3103=ORIENTED_EDGE('',*,*,#2144,.T.);
#3104=ORIENTED_EDGE('',*,*,#2135,.F.);
#3105=ORIENTED_EDGE('',*,*,#2139,.T.);
#3106=ORIENTED_EDGE('',*,*,#2221,.T.);
#3107=ORIENTED_EDGE('',*,*,#2224,.T.);
#3108=ORIENTED_EDGE('',*,*,#2235,.T.);
#3109=ORIENTED_EDGE('',*,*,#2240,.F.);
#3110=ORIENTED_EDGE('',*,*,#2241,.F.);
#3111=ORIENTED_EDGE('',*,*,#2242,.T.);
#3112=ORIENTED_EDGE('',*,*,#2061,.F.);
#3113=ORIENTED_EDGE('',*,*,#2243,.F.);
#3114=ORIENTED_EDGE('',*,*,#2159,.T.);
#3115=ORIENTED_EDGE('',*,*,#2185,.F.);
#3116=ORIENTED_EDGE('',*,*,#2244,.F.);
#3117=ORIENTED_EDGE('',*,*,#2240,.T.);
#3118=ORIENTED_EDGE('',*,*,#2234,.T.);
#3119=ORIENTED_EDGE('',*,*,#2236,.T.);
#3120=ORIENTED_EDGE('',*,*,#2225,.T.);
#3121=ORIENTED_EDGE('',*,*,#2229,.T.);
#3122=ORIENTED_EDGE('',*,*,#2142,.F.);
#3123=ORIENTED_EDGE('',*,*,#2145,.T.);
#3124=ORIENTED_EDGE('',*,*,#2243,.T.);
#3125=ORIENTED_EDGE('',*,*,#2068,.F.);
#3126=ORIENTED_EDGE('',*,*,#2182,.F.);
#3127=ORIENTED_EDGE('',*,*,#2197,.T.);
#3128=ORIENTED_EDGE('',*,*,#2202,.T.);
#3129=ORIENTED_EDGE('',*,*,#2205,.T.);
#3130=ORIENTED_EDGE('',*,*,#2208,.T.);
#3131=ORIENTED_EDGE('',*,*,#2211,.T.);
#3132=ORIENTED_EDGE('',*,*,#2214,.T.);
#3133=ORIENTED_EDGE('',*,*,#2217,.T.);
#3134=ORIENTED_EDGE('',*,*,#2192,.T.);
#3135=ORIENTED_EDGE('',*,*,#2156,.F.);
#3136=ORIENTED_EDGE('',*,*,#2152,.T.);
#3137=ORIENTED_EDGE('',*,*,#2148,.F.);
#3138=ORIENTED_EDGE('',*,*,#2188,.T.);
#3139=ORIENTED_EDGE('',*,*,#2189,.T.);
#3140=ORIENTED_EDGE('',*,*,#2245,.F.);
#3141=ORIENTED_EDGE('',*,*,#2183,.T.);
#3142=ORIENTED_EDGE('',*,*,#2066,.F.);
#3143=ORIENTED_EDGE('',*,*,#2246,.F.);
#3144=ORIENTED_EDGE('',*,*,#2247,.F.);
#3145=ORIENTED_EDGE('',*,*,#2246,.T.);
#3146=ORIENTED_EDGE('',*,*,#2065,.F.);
#3147=ORIENTED_EDGE('',*,*,#2248,.F.);
#3148=ORIENTED_EDGE('',*,*,#2249,.F.);
#3149=ORIENTED_EDGE('',*,*,#2248,.T.);
#3150=ORIENTED_EDGE('',*,*,#2064,.F.);
#3151=ORIENTED_EDGE('',*,*,#2250,.F.);
#3152=ORIENTED_EDGE('',*,*,#2052,.T.);
#3153=ORIENTED_EDGE('',*,*,#2054,.T.);
#3154=ORIENTED_EDGE('',*,*,#2056,.T.);
#3155=ORIENTED_EDGE('',*,*,#2045,.T.);
#3156=ORIENTED_EDGE('',*,*,#2048,.T.);
#3157=ORIENTED_EDGE('',*,*,#2050,.T.);
#3158=ORIENTED_EDGE('',*,*,#2040,.T.);
#3159=ORIENTED_EDGE('',*,*,#2042,.T.);
#3160=ORIENTED_EDGE('',*,*,#2044,.T.);
#3161=ORIENTED_EDGE('',*,*,#2033,.T.);
#3162=ORIENTED_EDGE('',*,*,#2036,.T.);
#3163=ORIENTED_EDGE('',*,*,#2038,.T.);
#3164=ORIENTED_EDGE('',*,*,#2028,.T.);
#3165=ORIENTED_EDGE('',*,*,#2030,.T.);
#3166=ORIENTED_EDGE('',*,*,#2032,.T.);
#3167=ORIENTED_EDGE('',*,*,#2021,.T.);
#3168=ORIENTED_EDGE('',*,*,#2024,.T.);
#3169=ORIENTED_EDGE('',*,*,#2026,.T.);
#3170=ORIENTED_EDGE('',*,*,#2016,.T.);
#3171=ORIENTED_EDGE('',*,*,#2018,.T.);
#3172=ORIENTED_EDGE('',*,*,#2020,.T.);
#3173=ORIENTED_EDGE('',*,*,#2009,.T.);
#3174=ORIENTED_EDGE('',*,*,#2012,.T.);
#3175=ORIENTED_EDGE('',*,*,#2014,.T.);
#3176=ORIENTED_EDGE('',*,*,#2004,.T.);
#3177=ORIENTED_EDGE('',*,*,#2006,.T.);
#3178=ORIENTED_EDGE('',*,*,#2008,.T.);
#3179=ORIENTED_EDGE('',*,*,#1997,.T.);
#3180=ORIENTED_EDGE('',*,*,#2000,.T.);
#3181=ORIENTED_EDGE('',*,*,#2002,.T.);
#3182=ORIENTED_EDGE('',*,*,#1992,.T.);
#3183=ORIENTED_EDGE('',*,*,#1994,.T.);
#3184=ORIENTED_EDGE('',*,*,#1996,.T.);
#3185=ORIENTED_EDGE('',*,*,#1985,.T.);
#3186=ORIENTED_EDGE('',*,*,#1988,.T.);
#3187=ORIENTED_EDGE('',*,*,#1990,.T.);
#3188=ORIENTED_EDGE('',*,*,#2251,.F.);
#3189=ORIENTED_EDGE('',*,*,#2250,.T.);
#3190=ORIENTED_EDGE('',*,*,#2063,.F.);
#3191=ORIENTED_EDGE('',*,*,#2252,.F.);
#3192=ORIENTED_EDGE('',*,*,#2253,.F.);
#3193=ORIENTED_EDGE('',*,*,#2252,.T.);
#3194=ORIENTED_EDGE('',*,*,#2062,.F.);
#3195=ORIENTED_EDGE('',*,*,#2242,.F.);
#3196=ORIENTED_EDGE('',*,*,#2082,.T.);
#3197=ORIENTED_EDGE('',*,*,#2092,.T.);
#3198=ORIENTED_EDGE('',*,*,#2090,.T.);
#3199=ORIENTED_EDGE('',*,*,#2088,.T.);
#3200=ORIENTED_EDGE('',*,*,#2086,.T.);
#3201=ORIENTED_EDGE('',*,*,#2084,.T.);
#3202=ORIENTED_EDGE('',*,*,#2069,.T.);
#3203=ORIENTED_EDGE('',*,*,#2072,.T.);
#3204=ORIENTED_EDGE('',*,*,#2074,.T.);
#3205=ORIENTED_EDGE('',*,*,#2076,.T.);
#3206=ORIENTED_EDGE('',*,*,#2078,.T.);
#3207=ORIENTED_EDGE('',*,*,#2080,.T.);
#3208=ORIENTED_EDGE('',*,*,#2106,.T.);
#3209=ORIENTED_EDGE('',*,*,#2116,.T.);
#3210=ORIENTED_EDGE('',*,*,#2114,.T.);
#3211=ORIENTED_EDGE('',*,*,#2112,.T.);
#3212=ORIENTED_EDGE('',*,*,#2110,.T.);
#3213=ORIENTED_EDGE('',*,*,#2108,.T.);
#3214=ORIENTED_EDGE('',*,*,#2093,.T.);
#3215=ORIENTED_EDGE('',*,*,#2096,.T.);
#3216=ORIENTED_EDGE('',*,*,#2098,.T.);
#3217=ORIENTED_EDGE('',*,*,#2100,.T.);
#3218=ORIENTED_EDGE('',*,*,#2102,.T.);
#3219=ORIENTED_EDGE('',*,*,#2104,.T.);
#3220=ORIENTED_EDGE('',*,*,#2126,.T.);
#3221=ORIENTED_EDGE('',*,*,#2132,.T.);
#3222=ORIENTED_EDGE('',*,*,#2130,.T.);
#3223=ORIENTED_EDGE('',*,*,#2128,.T.);
#3224=ORIENTED_EDGE('',*,*,#2117,.T.);
#3225=ORIENTED_EDGE('',*,*,#2120,.T.);
#3226=ORIENTED_EDGE('',*,*,#2122,.T.);
#3227=ORIENTED_EDGE('',*,*,#2124,.T.);
#3228=ORIENTED_EDGE('',*,*,#2254,.F.);
#3229=ORIENTED_EDGE('',*,*,#2255,.T.);
#3230=ORIENTED_EDGE('',*,*,#2256,.F.);
#3231=ORIENTED_EDGE('',*,*,#2255,.F.);
#3232=ORIENTED_EDGE('',*,*,#2254,.T.);
#3233=ORIENTED_EDGE('',*,*,#1854,.T.);
#3234=ORIENTED_EDGE('',*,*,#2257,.F.);
#3235=ORIENTED_EDGE('',*,*,#2258,.T.);
#3236=ORIENTED_EDGE('',*,*,#2259,.F.);
#3237=ORIENTED_EDGE('',*,*,#2258,.F.);
#3238=ORIENTED_EDGE('',*,*,#2257,.T.);
#3239=ORIENTED_EDGE('',*,*,#1755,.T.);
#3240=ORIENTED_EDGE('',*,*,#2260,.F.);
#3241=ORIENTED_EDGE('',*,*,#2261,.T.);
#3242=ORIENTED_EDGE('',*,*,#2262,.F.);
#3243=ORIENTED_EDGE('',*,*,#2261,.F.);
#3244=ORIENTED_EDGE('',*,*,#2260,.T.);
#3245=ORIENTED_EDGE('',*,*,#1821,.T.);
#3246=ORIENTED_EDGE('',*,*,#2263,.F.);
#3247=ORIENTED_EDGE('',*,*,#2264,.T.);
#3248=ORIENTED_EDGE('',*,*,#2265,.F.);
#3249=ORIENTED_EDGE('',*,*,#2264,.F.);
#3250=ORIENTED_EDGE('',*,*,#2263,.T.);
#3251=ORIENTED_EDGE('',*,*,#1788,.T.);
#3252=ORIENTED_EDGE('',*,*,#1905,.F.);
#3253=ORIENTED_EDGE('',*,*,#2175,.F.);
#3254=ORIENTED_EDGE('',*,*,#2161,.T.);
#3255=ORIENTED_EDGE('',*,*,#2218,.T.);
#3256=ORIENTED_EDGE('',*,*,#2215,.T.);
#3257=ORIENTED_EDGE('',*,*,#2212,.T.);
#3258=ORIENTED_EDGE('',*,*,#2209,.T.);
#3259=ORIENTED_EDGE('',*,*,#2206,.T.);
#3260=ORIENTED_EDGE('',*,*,#2203,.T.);
#3261=ORIENTED_EDGE('',*,*,#2195,.T.);
#3262=ORIENTED_EDGE('',*,*,#2168,.F.);
#3263=ORIENTED_EDGE('',*,*,#2058,.F.);
#3264=ORIENTED_EDGE('',*,*,#2239,.T.);
#3265=ORIENTED_EDGE('',*,*,#2146,.T.);
#3266=ORIENTED_EDGE('',*,*,#2140,.F.);
#3267=ORIENTED_EDGE('',*,*,#2230,.T.);
#3268=ORIENTED_EDGE('',*,*,#2227,.T.);
#3269=ORIENTED_EDGE('',*,*,#2237,.T.);
#3270=ORIENTED_EDGE('',*,*,#2232,.T.);
#3271=ORIENTED_EDGE('',*,*,#2238,.T.);
#3272=ORIENTED_EDGE('',*,*,#2193,.T.);
#3273=ORIENTED_EDGE('',*,*,#2190,.T.);
#3274=ORIENTED_EDGE('',*,*,#2186,.T.);
#3275=ORIENTED_EDGE('',*,*,#2150,.F.);
#3276=ORIENTED_EDGE('',*,*,#2154,.T.);
#3277=ORIENTED_EDGE('',*,*,#2155,.F.);
#3278=ORIENTED_EDGE('',*,*,#1899,.F.);
#3279=ORIENTED_EDGE('',*,*,#1910,.F.);
#3280=ORIENTED_EDGE('',*,*,#2060,.F.);
#3281=ORIENTED_EDGE('',*,*,#2167,.T.);
#3282=ORIENTED_EDGE('',*,*,#2244,.T.);
#3283=ORIENTED_EDGE('',*,*,#2184,.T.);
#3284=ORIENTED_EDGE('',*,*,#2245,.T.);
#3285=ORIENTED_EDGE('',*,*,#2247,.T.);
#3286=ORIENTED_EDGE('',*,*,#2249,.T.);
#3287=ORIENTED_EDGE('',*,*,#2251,.T.);
#3288=ORIENTED_EDGE('',*,*,#2253,.T.);
#3289=ORIENTED_EDGE('',*,*,#2241,.T.);
#3290=ORIENTED_EDGE('',*,*,#2256,.T.);
#3291=ORIENTED_EDGE('',*,*,#2259,.T.);
#3292=ORIENTED_EDGE('',*,*,#2262,.T.);
#3293=ORIENTED_EDGE('',*,*,#2265,.T.);
#3294=CYLINDRICAL_SURFACE('',#3535,1.35);
#3295=CYLINDRICAL_SURFACE('',#3553,1.5000009714079);
#3296=CYLINDRICAL_SURFACE('',#3555,1.5000009714079);
#3297=CYLINDRICAL_SURFACE('',#3559,1.3);
#3298=CYLINDRICAL_SURFACE('',#3577,1.5);
#3299=CYLINDRICAL_SURFACE('',#3579,1.5);
#3300=CYLINDRICAL_SURFACE('',#3583,1.34999999999999);
#3301=CYLINDRICAL_SURFACE('',#3601,1.5);
#3302=CYLINDRICAL_SURFACE('',#3603,1.5);
#3303=CYLINDRICAL_SURFACE('',#3607,1.35);
#3304=CYLINDRICAL_SURFACE('',#3625,1.5);
#3305=CYLINDRICAL_SURFACE('',#3627,1.5);
#3306=CYLINDRICAL_SURFACE('',#3647,6.00000000000001);
#3307=CYLINDRICAL_SURFACE('',#3662,6.);
#3308=CYLINDRICAL_SURFACE('',#3682,1.);
#3309=CYLINDRICAL_SURFACE('',#3685,0.999999999999998);
#3310=CYLINDRICAL_SURFACE('',#3690,1.00000000000001);
#3311=CYLINDRICAL_SURFACE('',#3693,0.999999999999988);
#3312=CYLINDRICAL_SURFACE('',#3700,1.);
#3313=CYLINDRICAL_SURFACE('',#3703,0.999999999999998);
#3314=CYLINDRICAL_SURFACE('',#3706,1.);
#3315=CYLINDRICAL_SURFACE('',#3709,0.999999999999998);
#3316=CYLINDRICAL_SURFACE('',#3716,1.00000000000001);
#3317=CYLINDRICAL_SURFACE('',#3719,0.999999999999988);
#3318=CYLINDRICAL_SURFACE('',#3722,1.00000000000001);
#3319=CYLINDRICAL_SURFACE('',#3725,0.999999999999988);
#3320=CYLINDRICAL_SURFACE('',#3738,0.950000000000126);
#3321=CYLINDRICAL_SURFACE('',#3741,0.950000000000027);
#3322=CYLINDRICAL_SURFACE('',#3744,0.94999999999915);
#3323=CYLINDRICAL_SURFACE('',#3747,0.950000000000165);
#3324=CYLINDRICAL_SURFACE('',#3750,0.950000000000001);
#3325=CYLINDRICAL_SURFACE('',#3753,0.949999999975577);
#3326=CYLINDRICAL_SURFACE('',#3756,0.950000000000131);
#3327=CYLINDRICAL_SURFACE('',#3759,0.950000000000013);
#3328=CYLINDRICAL_SURFACE('',#3762,0.949999999999147);
#3329=CYLINDRICAL_SURFACE('',#3765,0.950000000000162);
#3330=CYLINDRICAL_SURFACE('',#3768,0.949999999999989);
#3331=CYLINDRICAL_SURFACE('',#3771,0.949999999975577);
#3332=CYLINDRICAL_SURFACE('',#3773,1.8);
#3333=CYLINDRICAL_SURFACE('',#3776,1.8);
#3334=CYLINDRICAL_SURFACE('',#3779,1.8);
#3335=CYLINDRICAL_SURFACE('',#3782,1.8);
#3336=CYLINDRICAL_SURFACE('',#3785,0.5);
#3337=CYLINDRICAL_SURFACE('',#3787,0.5);
#3338=CYLINDRICAL_SURFACE('',#3793,1.);
#3339=CYLINDRICAL_SURFACE('',#3797,1.);
#3340=CYLINDRICAL_SURFACE('',#3804,5.99999999999999);
#3341=CYLINDRICAL_SURFACE('',#3808,3.99999999999999);
#3342=CYLINDRICAL_SURFACE('',#3821,0.700000000000003);
#3343=CYLINDRICAL_SURFACE('',#3822,0.700000000000003);
#3344=CYLINDRICAL_SURFACE('',#3840,6.00000000000001);
#3345=CYLINDRICAL_SURFACE('',#3841,4.00000000000001);
#3346=CYLINDRICAL_SURFACE('',#3845,4.00000000000001);
#3347=CYLINDRICAL_SURFACE('',#3848,3.99999999999999);
#3348=CYLINDRICAL_SURFACE('',#3851,3.00000000000001);
#3349=CYLINDRICAL_SURFACE('',#3855,3.00000000000001);
#3350=CYLINDRICAL_SURFACE('',#3859,3.00000000000001);
#3351=CYLINDRICAL_SURFACE('',#3863,3.);
#3352=ADVANCED_FACE('',(#187),#3294,.T.);
#3353=ADVANCED_FACE('',(#188),#76,.F.);
#3354=ADVANCED_FACE('',(#189),#77,.F.);
#3355=ADVANCED_FACE('',(#190),#78,.T.);
#3356=ADVANCED_FACE('',(#191),#79,.F.);
#3357=ADVANCED_FACE('',(#192),#80,.F.);
#3358=ADVANCED_FACE('',(#193),#81,.T.);
#3359=ADVANCED_FACE('',(#194),#82,.T.);
#3360=ADVANCED_FACE('',(#195),#3295,.T.);
#3361=ADVANCED_FACE('',(#196),#3296,.T.);
#3362=ADVANCED_FACE('',(#197),#48,.T.);
#3363=ADVANCED_FACE('',(#198),#49,.T.);
#3364=ADVANCED_FACE('',(#199),#3297,.T.);
#3365=ADVANCED_FACE('',(#200),#83,.F.);
#3366=ADVANCED_FACE('',(#201),#84,.F.);
#3367=ADVANCED_FACE('',(#202),#85,.T.);
#3368=ADVANCED_FACE('',(#203),#86,.F.);
#3369=ADVANCED_FACE('',(#204),#87,.F.);
#3370=ADVANCED_FACE('',(#205),#88,.T.);
#3371=ADVANCED_FACE('',(#206),#89,.T.);
#3372=ADVANCED_FACE('',(#207),#3298,.T.);
#3373=ADVANCED_FACE('',(#208),#3299,.T.);
#3374=ADVANCED_FACE('',(#209),#50,.T.);
#3375=ADVANCED_FACE('',(#210),#51,.T.);
#3376=ADVANCED_FACE('',(#211),#3300,.T.);
#3377=ADVANCED_FACE('',(#212),#90,.F.);
#3378=ADVANCED_FACE('',(#213),#91,.F.);
#3379=ADVANCED_FACE('',(#214),#92,.T.);
#3380=ADVANCED_FACE('',(#215),#93,.F.);
#3381=ADVANCED_FACE('',(#216),#94,.F.);
#3382=ADVANCED_FACE('',(#217),#95,.T.);
#3383=ADVANCED_FACE('',(#218),#96,.T.);
#3384=ADVANCED_FACE('',(#219),#3301,.T.);
#3385=ADVANCED_FACE('',(#220),#3302,.T.);
#3386=ADVANCED_FACE('',(#221),#52,.T.);
#3387=ADVANCED_FACE('',(#222),#53,.T.);
#3388=ADVANCED_FACE('',(#223),#3303,.T.);
#3389=ADVANCED_FACE('',(#224),#97,.F.);
#3390=ADVANCED_FACE('',(#225),#98,.F.);
#3391=ADVANCED_FACE('',(#226),#99,.T.);
#3392=ADVANCED_FACE('',(#227),#100,.F.);
#3393=ADVANCED_FACE('',(#228),#101,.F.);
#3394=ADVANCED_FACE('',(#229),#102,.T.);
#3395=ADVANCED_FACE('',(#230),#103,.T.);
#3396=ADVANCED_FACE('',(#231),#3304,.T.);
#3397=ADVANCED_FACE('',(#232),#3305,.T.);
#3398=ADVANCED_FACE('',(#233),#54,.T.);
#3399=ADVANCED_FACE('',(#234),#55,.T.);
#3400=ADVANCED_FACE('',(#235),#104,.T.);
#3401=ADVANCED_FACE('',(#236),#56,.T.);
#3402=ADVANCED_FACE('',(#237),#105,.T.);
#3403=ADVANCED_FACE('',(#238),#57,.T.);
#3404=ADVANCED_FACE('',(#239),#106,.T.);
#3405=ADVANCED_FACE('',(#240),#58,.T.);
#3406=ADVANCED_FACE('',(#241),#107,.T.);
#3407=ADVANCED_FACE('',(#242),#59,.T.);
#3408=ADVANCED_FACE('',(#243),#3306,.T.);
#3409=ADVANCED_FACE('',(#244,#19,#20,#21,#22,#23,#24),#108,.T.);
#3410=ADVANCED_FACE('',(#245),#3307,.T.);
#3411=ADVANCED_FACE('',(#246,#25,#26,#27),#109,.T.);
#3412=ADVANCED_FACE('',(#247),#110,.T.);
#3413=ADVANCED_FACE('',(#248),#3308,.F.);
#3414=ADVANCED_FACE('',(#249),#111,.F.);
#3415=ADVANCED_FACE('',(#250),#3309,.F.);
#3416=ADVANCED_FACE('',(#251),#112,.F.);
#3417=ADVANCED_FACE('',(#252),#113,.F.);
#3418=ADVANCED_FACE('',(#253),#114,.F.);
#3419=ADVANCED_FACE('',(#254),#3310,.F.);
#3420=ADVANCED_FACE('',(#255),#115,.F.);
#3421=ADVANCED_FACE('',(#256),#3311,.F.);
#3422=ADVANCED_FACE('',(#257),#116,.F.);
#3423=ADVANCED_FACE('',(#258),#117,.F.);
#3424=ADVANCED_FACE('',(#259),#118,.F.);
#3425=ADVANCED_FACE('',(#260),#119,.F.);
#3426=ADVANCED_FACE('',(#261),#120,.F.);
#3427=ADVANCED_FACE('',(#262),#3312,.F.);
#3428=ADVANCED_FACE('',(#263),#121,.F.);
#3429=ADVANCED_FACE('',(#264),#3313,.F.);
#3430=ADVANCED_FACE('',(#265),#122,.F.);
#3431=ADVANCED_FACE('',(#266),#3314,.F.);
#3432=ADVANCED_FACE('',(#267),#123,.F.);
#3433=ADVANCED_FACE('',(#268),#3315,.F.);
#3434=ADVANCED_FACE('',(#269),#124,.F.);
#3435=ADVANCED_FACE('',(#270),#125,.F.);
#3436=ADVANCED_FACE('',(#271),#126,.F.);
#3437=ADVANCED_FACE('',(#272),#127,.F.);
#3438=ADVANCED_FACE('',(#273),#128,.F.);
#3439=ADVANCED_FACE('',(#274),#3316,.F.);
#3440=ADVANCED_FACE('',(#275),#129,.F.);
#3441=ADVANCED_FACE('',(#276),#3317,.F.);
#3442=ADVANCED_FACE('',(#277),#130,.F.);
#3443=ADVANCED_FACE('',(#278),#3318,.F.);
#3444=ADVANCED_FACE('',(#279),#131,.F.);
#3445=ADVANCED_FACE('',(#280),#3319,.F.);
#3446=ADVANCED_FACE('',(#281),#132,.F.);
#3447=ADVANCED_FACE('',(#282),#133,.F.);
#3448=ADVANCED_FACE('',(#283),#134,.F.);
#3449=ADVANCED_FACE('',(#284,#28),#135,.T.);
#3450=ADVANCED_FACE('',(#285),#136,.F.);
#3451=ADVANCED_FACE('',(#286),#3320,.F.);
#3452=ADVANCED_FACE('',(#287),#137,.F.);
#3453=ADVANCED_FACE('',(#288),#3321,.F.);
#3454=ADVANCED_FACE('',(#289),#138,.F.);
#3455=ADVANCED_FACE('',(#290),#3322,.F.);
#3456=ADVANCED_FACE('',(#291),#139,.F.);
#3457=ADVANCED_FACE('',(#292),#3323,.F.);
#3458=ADVANCED_FACE('',(#293),#140,.F.);
#3459=ADVANCED_FACE('',(#294),#3324,.F.);
#3460=ADVANCED_FACE('',(#295),#141,.F.);
#3461=ADVANCED_FACE('',(#296),#3325,.F.);
#3462=ADVANCED_FACE('',(#297),#142,.F.);
#3463=ADVANCED_FACE('',(#298),#3326,.F.);
#3464=ADVANCED_FACE('',(#299),#143,.F.);
#3465=ADVANCED_FACE('',(#300),#3327,.F.);
#3466=ADVANCED_FACE('',(#301),#144,.F.);
#3467=ADVANCED_FACE('',(#302),#3328,.F.);
#3468=ADVANCED_FACE('',(#303),#145,.F.);
#3469=ADVANCED_FACE('',(#304),#3329,.F.);
#3470=ADVANCED_FACE('',(#305),#146,.F.);
#3471=ADVANCED_FACE('',(#306),#3330,.F.);
#3472=ADVANCED_FACE('',(#307),#147,.F.);
#3473=ADVANCED_FACE('',(#308),#3331,.F.);
#3474=ADVANCED_FACE('',(#309),#3332,.F.);
#3475=ADVANCED_FACE('',(#310),#148,.F.);
#3476=ADVANCED_FACE('',(#311),#3333,.F.);
#3477=ADVANCED_FACE('',(#312),#149,.F.);
#3478=ADVANCED_FACE('',(#313),#3334,.F.);
#3479=ADVANCED_FACE('',(#314),#150,.F.);
#3480=ADVANCED_FACE('',(#315),#3335,.F.);
#3481=ADVANCED_FACE('',(#316),#151,.F.);
#3482=ADVANCED_FACE('',(#317),#3336,.F.);
#3483=ADVANCED_FACE('',(#318),#152,.F.);
#3484=ADVANCED_FACE('',(#319),#3337,.F.);
#3485=ADVANCED_FACE('',(#320),#153,.F.);
#3486=ADVANCED_FACE('',(#321),#3338,.F.);
#3487=ADVANCED_FACE('',(#322),#154,.F.);
#3488=ADVANCED_FACE('',(#323),#3339,.F.);
#3489=ADVANCED_FACE('',(#324),#155,.F.);
#3490=ADVANCED_FACE('',(#325),#156,.F.);
#3491=ADVANCED_FACE('',(#326),#3340,.T.);
#3492=ADVANCED_FACE('',(#327),#3341,.F.);
#3493=ADVANCED_FACE('',(#328),#157,.F.);
#3494=ADVANCED_FACE('',(#329),#158,.F.);
#3495=ADVANCED_FACE('',(#330),#159,.F.);
#3496=ADVANCED_FACE('',(#331),#160,.F.);
#3497=ADVANCED_FACE('',(#332),#161,.F.);
#3498=ADVANCED_FACE('',(#333),#162,.F.);
#3499=ADVANCED_FACE('',(#334),#163,.F.);
#3500=ADVANCED_FACE('',(#335),#164,.F.);
#3501=ADVANCED_FACE('',(#336),#3342,.F.);
#3502=ADVANCED_FACE('',(#337),#3343,.F.);
#3503=ADVANCED_FACE('',(#338),#165,.F.);
#3504=ADVANCED_FACE('',(#339),#166,.F.);
#3505=ADVANCED_FACE('',(#340),#167,.F.);
#3506=ADVANCED_FACE('',(#341),#168,.F.);
#3507=ADVANCED_FACE('',(#342),#169,.F.);
#3508=ADVANCED_FACE('',(#343),#170,.F.);
#3509=ADVANCED_FACE('',(#344),#171,.F.);
#3510=ADVANCED_FACE('',(#345),#172,.F.);
#3511=ADVANCED_FACE('',(#346),#173,.F.);
#3512=ADVANCED_FACE('',(#347),#174,.F.);
#3513=ADVANCED_FACE('',(#348),#175,.F.);
#3514=ADVANCED_FACE('',(#349),#3344,.T.);
#3515=ADVANCED_FACE('',(#350),#3345,.F.);
#3516=ADVANCED_FACE('',(#351,#29),#176,.T.);
#3517=ADVANCED_FACE('',(#352),#177,.T.);
#3518=ADVANCED_FACE('',(#353),#3346,.F.);
#3519=ADVANCED_FACE('',(#354,#30,#31,#32,#33,#34,#35),#178,.T.);
#3520=ADVANCED_FACE('',(#355),#3347,.F.);
#3521=ADVANCED_FACE('',(#356,#36,#37,#38),#179,.T.);
#3522=ADVANCED_FACE('',(#357),#3348,.T.);
#3523=ADVANCED_FACE('',(#358,#39),#180,.T.);
#3524=ADVANCED_FACE('',(#359),#3349,.T.);
#3525=ADVANCED_FACE('',(#360,#40),#181,.T.);
#3526=ADVANCED_FACE('',(#361),#3350,.T.);
#3527=ADVANCED_FACE('',(#362,#41),#182,.T.);
#3528=ADVANCED_FACE('',(#363),#3351,.T.);
#3529=ADVANCED_FACE('',(#364,#42),#183,.T.);
#3530=ADVANCED_FACE('',(#365,#43),#184,.T.);
#3531=ADVANCED_FACE('',(#366),#185,.T.);
#3532=ADVANCED_FACE('',(#367,#44,#45,#46,#47),#186,.F.);
#3533=CLOSED_SHELL('',(#3352,#3353,#3354,#3355,#3356,#3357,#3358,#3359,
#3360,#3361,#3362,#3363,#3364,#3365,#3366,#3367,#3368,#3369,#3370,#3371,
#3372,#3373,#3374,#3375,#3376,#3377,#3378,#3379,#3380,#3381,#3382,#3383,
#3384,#3385,#3386,#3387,#3388,#3389,#3390,#3391,#3392,#3393,#3394,#3395,
#3396,#3397,#3398,#3399,#3400,#3401,#3402,#3403,#3404,#3405,#3406,#3407,
#3408,#3409,#3410,#3411,#3412,#3413,#3414,#3415,#3416,#3417,#3418,#3419,
#3420,#3421,#3422,#3423,#3424,#3425,#3426,#3427,#3428,#3429,#3430,#3431,
#3432,#3433,#3434,#3435,#3436,#3437,#3438,#3439,#3440,#3441,#3442,#3443,
#3444,#3445,#3446,#3447,#3448,#3449,#3450,#3451,#3452,#3453,#3454,#3455,
#3456,#3457,#3458,#3459,#3460,#3461,#3462,#3463,#3464,#3465,#3466,#3467,
#3468,#3469,#3470,#3471,#3472,#3473,#3474,#3475,#3476,#3477,#3478,#3479,
#3480,#3481,#3482,#3483,#3484,#3485,#3486,#3487,#3488,#3489,#3490,#3491,
#3492,#3493,#3494,#3495,#3496,#3497,#3498,#3499,#3500,#3501,#3502,#3503,
#3504,#3505,#3506,#3507,#3508,#3509,#3510,#3511,#3512,#3513,#3514,#3515,
#3516,#3517,#3518,#3519,#3520,#3521,#3522,#3523,#3524,#3525,#3526,#3527,
#3528,#3529,#3530,#3531,#3532));
#3534=AXIS2_PLACEMENT_3D('',#4882,#3870,#3871);
#3535=AXIS2_PLACEMENT_3D('',#4883,#3872,#3873);
#3536=AXIS2_PLACEMENT_3D('',#4888,#3875,#3876);
#3537=AXIS2_PLACEMENT_3D('',#4891,#3878,#3879);
#3538=AXIS2_PLACEMENT_3D('',#4893,#3880,#3881);
#3539=AXIS2_PLACEMENT_3D('',#4897,#3883,#3884);
#3540=AXIS2_PLACEMENT_3D('',#4901,#3886,#3887);
#3541=AXIS2_PLACEMENT_3D('',#4904,#3889,#3890);
#3542=AXIS2_PLACEMENT_3D('',#4905,#3891,#3892);
#3543=AXIS2_PLACEMENT_3D('',#4924,#3899,#3900);
#3544=AXIS2_PLACEMENT_3D('',#4943,#3907,#3908);
#3545=AXIS2_PLACEMENT_3D('',#4944,#3909,#3910);
#3546=AXIS2_PLACEMENT_3D('',#4945,#3911,#3912);
#3547=AXIS2_PLACEMENT_3D('',#4946,#3913,#3914);
#3548=AXIS2_PLACEMENT_3D('',#4947,#3915,#3916);
#3549=AXIS2_PLACEMENT_3D('',#4948,#3917,#3918);
#3550=AXIS2_PLACEMENT_3D('',#4949,#3919,#3920);
#3551=AXIS2_PLACEMENT_3D('',#4950,#3921,#3922);
#3552=AXIS2_PLACEMENT_3D('',#4951,#3923,#3924);
#3553=AXIS2_PLACEMENT_3D('',#4952,#3925,#3926);
#3554=AXIS2_PLACEMENT_3D('',#4953,#3927,#3928);
#3555=AXIS2_PLACEMENT_3D('',#4954,#3929,#3930);
#3556=AXIS2_PLACEMENT_3D('',#4955,#3931,#3932);
#3557=AXIS2_PLACEMENT_3D('',#4956,#3933,#3934);
#3558=AXIS2_PLACEMENT_3D('',#4957,#3935,#3936);
#3559=AXIS2_PLACEMENT_3D('',#4958,#3937,#3938);
#3560=AXIS2_PLACEMENT_3D('',#4963,#3940,#3941);
#3561=AXIS2_PLACEMENT_3D('',#4966,#3943,#3944);
#3562=AXIS2_PLACEMENT_3D('',#4968,#3945,#3946);
#3563=AXIS2_PLACEMENT_3D('',#4972,#3948,#3949);
#3564=AXIS2_PLACEMENT_3D('',#4976,#3951,#3952);
#3565=AXIS2_PLACEMENT_3D('',#4979,#3954,#3955);
#3566=AXIS2_PLACEMENT_3D('',#4980,#3956,#3957);
#3567=AXIS2_PLACEMENT_3D('',#4999,#3964,#3965);
#3568=AXIS2_PLACEMENT_3D('',#5018,#3972,#3973);
#3569=AXIS2_PLACEMENT_3D('',#5019,#3974,#3975);
#3570=AXIS2_PLACEMENT_3D('',#5020,#3976,#3977);
#3571=AXIS2_PLACEMENT_3D('',#5021,#3978,#3979);
#3572=AXIS2_PLACEMENT_3D('',#5022,#3980,#3981);
#3573=AXIS2_PLACEMENT_3D('',#5023,#3982,#3983);
#3574=AXIS2_PLACEMENT_3D('',#5024,#3984,#3985);
#3575=AXIS2_PLACEMENT_3D('',#5025,#3986,#3987);
#3576=AXIS2_PLACEMENT_3D('',#5026,#3988,#3989);
#3577=AXIS2_PLACEMENT_3D('',#5027,#3990,#3991);
#3578=AXIS2_PLACEMENT_3D('',#5028,#3992,#3993);
#3579=AXIS2_PLACEMENT_3D('',#5029,#3994,#3995);
#3580=AXIS2_PLACEMENT_3D('',#5030,#3996,#3997);
#3581=AXIS2_PLACEMENT_3D('',#5031,#3998,#3999);
#3582=AXIS2_PLACEMENT_3D('',#5032,#4000,#4001);
#3583=AXIS2_PLACEMENT_3D('',#5033,#4002,#4003);
#3584=AXIS2_PLACEMENT_3D('',#5038,#4005,#4006);
#3585=AXIS2_PLACEMENT_3D('',#5041,#4008,#4009);
#3586=AXIS2_PLACEMENT_3D('',#5043,#4010,#4011);
#3587=AXIS2_PLACEMENT_3D('',#5047,#4013,#4014);
#3588=AXIS2_PLACEMENT_3D('',#5051,#4016,#4017);
#3589=AXIS2_PLACEMENT_3D('',#5054,#4019,#4020);
#3590=AXIS2_PLACEMENT_3D('',#5055,#4021,#4022);
#3591=AXIS2_PLACEMENT_3D('',#5074,#4029,#4030);
#3592=AXIS2_PLACEMENT_3D('',#5093,#4037,#4038);
#3593=AXIS2_PLACEMENT_3D('',#5094,#4039,#4040);
#3594=AXIS2_PLACEMENT_3D('',#5095,#4041,#4042);
#3595=AXIS2_PLACEMENT_3D('',#5096,#4043,#4044);
#3596=AXIS2_PLACEMENT_3D('',#5097,#4045,#4046);
#3597=AXIS2_PLACEMENT_3D('',#5098,#4047,#4048);
#3598=AXIS2_PLACEMENT_3D('',#5099,#4049,#4050);
#3599=AXIS2_PLACEMENT_3D('',#5100,#4051,#4052);
#3600=AXIS2_PLACEMENT_3D('',#5101,#4053,#4054);
#3601=AXIS2_PLACEMENT_3D('',#5102,#4055,#4056);
#3602=AXIS2_PLACEMENT_3D('',#5103,#4057,#4058);
#3603=AXIS2_PLACEMENT_3D('',#5104,#4059,#4060);
#3604=AXIS2_PLACEMENT_3D('',#5105,#4061,#4062);
#3605=AXIS2_PLACEMENT_3D('',#5106,#4063,#4064);
#3606=AXIS2_PLACEMENT_3D('',#5107,#4065,#4066);
#3607=AXIS2_PLACEMENT_3D('',#5108,#4067,#4068);
#3608=AXIS2_PLACEMENT_3D('',#5113,#4070,#4071);
#3609=AXIS2_PLACEMENT_3D('',#5116,#4073,#4074);
#3610=AXIS2_PLACEMENT_3D('',#5118,#4075,#4076);
#3611=AXIS2_PLACEMENT_3D('',#5122,#4078,#4079);
#3612=AXIS2_PLACEMENT_3D('',#5126,#4081,#4082);
#3613=AXIS2_PLACEMENT_3D('',#5129,#4084,#4085);
#3614=AXIS2_PLACEMENT_3D('',#5130,#4086,#4087);
#3615=AXIS2_PLACEMENT_3D('',#5149,#4094,#4095);
#3616=AXIS2_PLACEMENT_3D('',#5168,#4102,#4103);
#3617=AXIS2_PLACEMENT_3D('',#5169,#4104,#4105);
#3618=AXIS2_PLACEMENT_3D('',#5170,#4106,#4107);
#3619=AXIS2_PLACEMENT_3D('',#5171,#4108,#4109);
#3620=AXIS2_PLACEMENT_3D('',#5172,#4110,#4111);
#3621=AXIS2_PLACEMENT_3D('',#5173,#4112,#4113);
#3622=AXIS2_PLACEMENT_3D('',#5174,#4114,#4115);
#3623=AXIS2_PLACEMENT_3D('',#5175,#4116,#4117);
#3624=AXIS2_PLACEMENT_3D('',#5176,#4118,#4119);
#3625=AXIS2_PLACEMENT_3D('',#5177,#4120,#4121);
#3626=AXIS2_PLACEMENT_3D('',#5178,#4122,#4123);
#3627=AXIS2_PLACEMENT_3D('',#5179,#4124,#4125);
#3628=AXIS2_PLACEMENT_3D('',#5180,#4126,#4127);
#3629=AXIS2_PLACEMENT_3D('',#5181,#4128,#4129);
#3630=AXIS2_PLACEMENT_3D('',#5182,#4130,#4131);
#3631=AXIS2_PLACEMENT_3D('',#5183,#4132,#4133);
#3632=AXIS2_PLACEMENT_3D('',#5192,#4138,#4139);
#3633=AXIS2_PLACEMENT_3D('',#5196,#4141,#4142);
#3634=AXIS2_PLACEMENT_3D('',#5197,#4143,#4144);
#3635=AXIS2_PLACEMENT_3D('',#5198,#4145,#4146);
#3636=AXIS2_PLACEMENT_3D('',#5204,#4150,#4151);
#3637=AXIS2_PLACEMENT_3D('',#5208,#4153,#4154);
#3638=AXIS2_PLACEMENT_3D('',#5209,#4155,#4156);
#3639=AXIS2_PLACEMENT_3D('',#5210,#4157,#4158);
#3640=AXIS2_PLACEMENT_3D('',#5216,#4162,#4163);
#3641=AXIS2_PLACEMENT_3D('',#5220,#4165,#4166);
#3642=AXIS2_PLACEMENT_3D('',#5221,#4167,#4168);
#3643=AXIS2_PLACEMENT_3D('',#5222,#4169,#4170);
#3644=AXIS2_PLACEMENT_3D('',#5228,#4174,#4175);
#3645=AXIS2_PLACEMENT_3D('',#5229,#4176,#4177);
#3646=AXIS2_PLACEMENT_3D('',#5230,#4178,#4179);
#3647=AXIS2_PLACEMENT_3D('',#5231,#4180,#4181);
#3648=AXIS2_PLACEMENT_3D('',#5235,#4183,#4184);
#3649=AXIS2_PLACEMENT_3D('',#5237,#4186,#4187);
#3650=AXIS2_PLACEMENT_3D('',#5245,#4191,#4192);
#3651=AXIS2_PLACEMENT_3D('',#5249,#4194,#4195);
#3652=AXIS2_PLACEMENT_3D('',#5257,#4199,#4200);
#3653=AXIS2_PLACEMENT_3D('',#5261,#4202,#4203);
#3654=AXIS2_PLACEMENT_3D('',#5269,#4207,#4208);
#3655=AXIS2_PLACEMENT_3D('',#5276,#4212,#4213);
#3656=AXIS2_PLACEMENT_3D('',#5281,#4215,#4216);
#3657=AXIS2_PLACEMENT_3D('',#5285,#4218,#4219);
#3658=AXIS2_PLACEMENT_3D('',#5293,#4223,#4224);
#3659=AXIS2_PLACEMENT_3D('',#5300,#4228,#4229);
#3660=AXIS2_PLACEMENT_3D('',#5305,#4231,#4232);
#3661=AXIS2_PLACEMENT_3D('',#5309,#4234,#4235);
#3662=AXIS2_PLACEMENT_3D('',#5313,#4238,#4239);
#3663=AXIS2_PLACEMENT_3D('',#5316,#4241,#4242);
#3664=AXIS2_PLACEMENT_3D('',#5317,#4243,#4244);
#3665=AXIS2_PLACEMENT_3D('',#5323,#4247,#4248);
#3666=AXIS2_PLACEMENT_3D('',#5327,#4250,#4251);
#3667=AXIS2_PLACEMENT_3D('',#5331,#4253,#4254);
#3668=AXIS2_PLACEMENT_3D('',#5335,#4256,#4257);
#3669=AXIS2_PLACEMENT_3D('',#5341,#4260,#4261);
#3670=AXIS2_PLACEMENT_3D('',#5345,#4263,#4264);
#3671=AXIS2_PLACEMENT_3D('',#5349,#4266,#4267);
#3672=AXIS2_PLACEMENT_3D('',#5353,#4269,#4270);
#3673=AXIS2_PLACEMENT_3D('',#5357,#4272,#4273);
#3674=AXIS2_PLACEMENT_3D('',#5360,#4275,#4276);
#3675=AXIS2_PLACEMENT_3D('',#5365,#4278,#4279);
#3676=AXIS2_PLACEMENT_3D('',#5369,#4281,#4282);
#3677=AXIS2_PLACEMENT_3D('',#5373,#4284,#4285);
#3678=AXIS2_PLACEMENT_3D('',#5377,#4287,#4288);
#3679=AXIS2_PLACEMENT_3D('',#5381,#4290,#4291);
#3680=AXIS2_PLACEMENT_3D('',#5384,#4293,#4294);
#3681=AXIS2_PLACEMENT_3D('',#5385,#4295,#4296);
#3682=AXIS2_PLACEMENT_3D('',#5386,#4297,#4298);
#3683=AXIS2_PLACEMENT_3D('',#5389,#4299,#4300);
#3684=AXIS2_PLACEMENT_3D('',#5392,#4303,#4304);
#3685=AXIS2_PLACEMENT_3D('',#5396,#4307,#4308);
#3686=AXIS2_PLACEMENT_3D('',#5398,#4309,#4310);
#3687=AXIS2_PLACEMENT_3D('',#5400,#4312,#4313);
#3688=AXIS2_PLACEMENT_3D('',#5404,#4316,#4317);
#3689=AXIS2_PLACEMENT_3D('',#5408,#4320,#4321);
#3690=AXIS2_PLACEMENT_3D('',#5410,#4323,#4324);
#3691=AXIS2_PLACEMENT_3D('',#5413,#4325,#4326);
#3692=AXIS2_PLACEMENT_3D('',#5416,#4329,#4330);
#3693=AXIS2_PLACEMENT_3D('',#5420,#4333,#4334);
#3694=AXIS2_PLACEMENT_3D('',#5422,#4335,#4336);
#3695=AXIS2_PLACEMENT_3D('',#5424,#4338,#4339);
#3696=AXIS2_PLACEMENT_3D('',#5428,#4342,#4343);
#3697=AXIS2_PLACEMENT_3D('',#5432,#4346,#4347);
#3698=AXIS2_PLACEMENT_3D('',#5434,#4349,#4350);
#3699=AXIS2_PLACEMENT_3D('',#5440,#4354,#4355);
#3700=AXIS2_PLACEMENT_3D('',#5444,#4358,#4359);
#3701=AXIS2_PLACEMENT_3D('',#5446,#4360,#4361);
#3702=AXIS2_PLACEMENT_3D('',#5448,#4363,#4364);
#3703=AXIS2_PLACEMENT_3D('',#5452,#4367,#4368);
#3704=AXIS2_PLACEMENT_3D('',#5454,#4369,#4370);
#3705=AXIS2_PLACEMENT_3D('',#5456,#4372,#4373);
#3706=AXIS2_PLACEMENT_3D('',#5458,#4375,#4376);
#3707=AXIS2_PLACEMENT_3D('',#5461,#4377,#4378);
#3708=AXIS2_PLACEMENT_3D('',#5464,#4381,#4382);
#3709=AXIS2_PLACEMENT_3D('',#5468,#4385,#4386);
#3710=AXIS2_PLACEMENT_3D('',#5470,#4387,#4388);
#3711=AXIS2_PLACEMENT_3D('',#5472,#4390,#4391);
#3712=AXIS2_PLACEMENT_3D('',#5476,#4394,#4395);
#3713=AXIS2_PLACEMENT_3D('',#5480,#4398,#4399);
#3714=AXIS2_PLACEMENT_3D('',#5482,#4401,#4402);
#3715=AXIS2_PLACEMENT_3D('',#5488,#4406,#4407);
#3716=AXIS2_PLACEMENT_3D('',#5492,#4410,#4411);
#3717=AXIS2_PLACEMENT_3D('',#5494,#4412,#4413);
#3718=AXIS2_PLACEMENT_3D('',#5496,#4415,#4416);
#3719=AXIS2_PLACEMENT_3D('',#5500,#4419,#4420);
#3720=AXIS2_PLACEMENT_3D('',#5502,#4421,#4422);
#3721=AXIS2_PLACEMENT_3D('',#5504,#4424,#4425);
#3722=AXIS2_PLACEMENT_3D('',#5506,#4427,#4428);
#3723=AXIS2_PLACEMENT_3D('',#5509,#4429,#4430);
#3724=AXIS2_PLACEMENT_3D('',#5512,#4433,#4434);
#3725=AXIS2_PLACEMENT_3D('',#5516,#4437,#4438);
#3726=AXIS2_PLACEMENT_3D('',#5518,#4439,#4440);
#3727=AXIS2_PLACEMENT_3D('',#5520,#4442,#4443);
#3728=AXIS2_PLACEMENT_3D('',#5524,#4446,#4447);
#3729=AXIS2_PLACEMENT_3D('',#5528,#4450,#4451);
#3730=AXIS2_PLACEMENT_3D('',#5530,#4453,#4454);
#3731=AXIS2_PLACEMENT_3D('',#5532,#4455,#4456);
#3732=AXIS2_PLACEMENT_3D('',#5536,#4458,#4459);
#3733=AXIS2_PLACEMENT_3D('',#5540,#4461,#4462);
#3734=AXIS2_PLACEMENT_3D('',#5544,#4464,#4465);
#3735=AXIS2_PLACEMENT_3D('',#5548,#4467,#4468);
#3736=AXIS2_PLACEMENT_3D('',#5552,#4470,#4471);
#3737=AXIS2_PLACEMENT_3D('',#5554,#4473,#4474);
#3738=AXIS2_PLACEMENT_3D('',#5560,#4478,#4479);
#3739=AXIS2_PLACEMENT_3D('',#5562,#4480,#4481);
#3740=AXIS2_PLACEMENT_3D('',#5564,#4483,#4484);
#3741=AXIS2_PLACEMENT_3D('',#5568,#4487,#4488);
#3742=AXIS2_PLACEMENT_3D('',#5570,#4489,#4490);
#3743=AXIS2_PLACEMENT_3D('',#5572,#4492,#4493);
#3744=AXIS2_PLACEMENT_3D('',#5576,#4496,#4497);
#3745=AXIS2_PLACEMENT_3D('',#5578,#4498,#4499);
#3746=AXIS2_PLACEMENT_3D('',#5580,#4501,#4502);
#3747=AXIS2_PLACEMENT_3D('',#5584,#4505,#4506);
#3748=AXIS2_PLACEMENT_3D('',#5586,#4507,#4508);
#3749=AXIS2_PLACEMENT_3D('',#5588,#4510,#4511);
#3750=AXIS2_PLACEMENT_3D('',#5592,#4514,#4515);
#3751=AXIS2_PLACEMENT_3D('',#5594,#4516,#4517);
#3752=AXIS2_PLACEMENT_3D('',#5596,#4519,#4520);
#3753=AXIS2_PLACEMENT_3D('',#5600,#4523,#4524);
#3754=AXIS2_PLACEMENT_3D('',#5601,#4525,#4526);
#3755=AXIS2_PLACEMENT_3D('',#5602,#4527,#4528);
#3756=AXIS2_PLACEMENT_3D('',#5608,#4532,#4533);
#3757=AXIS2_PLACEMENT_3D('',#5610,#4534,#4535);
#3758=AXIS2_PLACEMENT_3D('',#5612,#4537,#4538);
#3759=AXIS2_PLACEMENT_3D('',#5616,#4541,#4542);
#3760=AXIS2_PLACEMENT_3D('',#5618,#4543,#4544);
#3761=AXIS2_PLACEMENT_3D('',#5620,#4546,#4547);
#3762=AXIS2_PLACEMENT_3D('',#5624,#4550,#4551);
#3763=AXIS2_PLACEMENT_3D('',#5626,#4552,#4553);
#3764=AXIS2_PLACEMENT_3D('',#5628,#4555,#4556);
#3765=AXIS2_PLACEMENT_3D('',#5632,#4559,#4560);
#3766=AXIS2_PLACEMENT_3D('',#5634,#4561,#4562);
#3767=AXIS2_PLACEMENT_3D('',#5636,#4564,#4565);
#3768=AXIS2_PLACEMENT_3D('',#5640,#4568,#4569);
#3769=AXIS2_PLACEMENT_3D('',#5642,#4570,#4571);
#3770=AXIS2_PLACEMENT_3D('',#5644,#4573,#4574);
#3771=AXIS2_PLACEMENT_3D('',#5648,#4577,#4578);
#3772=AXIS2_PLACEMENT_3D('',#5649,#4579,#4580);
#3773=AXIS2_PLACEMENT_3D('',#5650,#4581,#4582);
#3774=AXIS2_PLACEMENT_3D('',#5653,#4583,#4584);
#3775=AXIS2_PLACEMENT_3D('',#5656,#4587,#4588);
#3776=AXIS2_PLACEMENT_3D('',#5660,#4591,#4592);
#3777=AXIS2_PLACEMENT_3D('',#5662,#4593,#4594);
#3778=AXIS2_PLACEMENT_3D('',#5664,#4596,#4597);
#3779=AXIS2_PLACEMENT_3D('',#5668,#4600,#4601);
#3780=AXIS2_PLACEMENT_3D('',#5670,#4602,#4603);
#3781=AXIS2_PLACEMENT_3D('',#5672,#4605,#4606);
#3782=AXIS2_PLACEMENT_3D('',#5676,#4609,#4610);
#3783=AXIS2_PLACEMENT_3D('',#5678,#4611,#4612);
#3784=AXIS2_PLACEMENT_3D('',#5680,#4614,#4615);
#3785=AXIS2_PLACEMENT_3D('',#5682,#4617,#4618);
#3786=AXIS2_PLACEMENT_3D('',#5709,#4621,#4622);
#3787=AXIS2_PLACEMENT_3D('',#5715,#4626,#4627);
#3788=AXIS2_PLACEMENT_3D('',#5718,#4628,#4629);
#3789=AXIS2_PLACEMENT_3D('',#5722,#4631,#4632);
#3790=AXIS2_PLACEMENT_3D('',#5724,#4634,#4635);
#3791=AXIS2_PLACEMENT_3D('',#5726,#4636,#4637);
#3792=AXIS2_PLACEMENT_3D('',#5730,#4640,#4641);
#3793=AXIS2_PLACEMENT_3D('',#5731,#4642,#4643);
#3794=AXIS2_PLACEMENT_3D('',#5734,#4644,#4645);
#3795=AXIS2_PLACEMENT_3D('',#5738,#4647,#4648);
#3796=AXIS2_PLACEMENT_3D('',#5740,#4650,#4651);
#3797=AXIS2_PLACEMENT_3D('',#5746,#4655,#4656);
#3798=AXIS2_PLACEMENT_3D('',#5748,#4657,#4658);
#3799=AXIS2_PLACEMENT_3D('',#5750,#4659,#4660);
#3800=AXIS2_PLACEMENT_3D('',#5752,#4662,#4663);
#3801=AXIS2_PLACEMENT_3D('',#5755,#4664,#4665);
#3802=AXIS2_PLACEMENT_3D('',#5763,#4669,#4670);
#3803=AXIS2_PLACEMENT_3D('',#5765,#4672,#4673);
#3804=AXIS2_PLACEMENT_3D('',#5771,#4677,#4678);
#3805=AXIS2_PLACEMENT_3D('',#5776,#4681,#4682);
#3806=AXIS2_PLACEMENT_3D('',#5796,#4684,#4685);
#3807=AXIS2_PLACEMENT_3D('',#5799,#4687,#4688);
#3808=AXIS2_PLACEMENT_3D('',#5801,#4690,#4691);
#3809=AXIS2_PLACEMENT_3D('',#5803,#4692,#4693);
#3810=AXIS2_PLACEMENT_3D('',#5807,#4695,#4696);
#3811=AXIS2_PLACEMENT_3D('',#5822,#4698,#4699);
#3812=AXIS2_PLACEMENT_3D('',#5827,#4702,#4703);
#3813=AXIS2_PLACEMENT_3D('',#5829,#4705,#4706);
#3814=AXIS2_PLACEMENT_3D('',#5835,#4710,#4711);
#3815=AXIS2_PLACEMENT_3D('',#5841,#4715,#4716);
#3816=AXIS2_PLACEMENT_3D('',#5844,#4719,#4720);
#3817=AXIS2_PLACEMENT_3D('',#5851,#4725,#4726);
#3818=AXIS2_PLACEMENT_3D('',#5854,#4729,#4730);
#3819=AXIS2_PLACEMENT_3D('',#5856,#4732,#4733);
#3820=AXIS2_PLACEMENT_3D('',#5858,#4735,#4736);
#3821=AXIS2_PLACEMENT_3D('',#5859,#4737,#4738);
#3822=AXIS2_PLACEMENT_3D('',#5860,#4739,#4740);
#3823=AXIS2_PLACEMENT_3D('',#5862,#4741,#4742);
#3824=AXIS2_PLACEMENT_3D('',#5864,#4743,#4744);
#3825=AXIS2_PLACEMENT_3D('',#5866,#4746,#4747);
#3826=AXIS2_PLACEMENT_3D('',#5872,#4751,#4752);
#3827=AXIS2_PLACEMENT_3D('',#5878,#4756,#4757);
#3828=AXIS2_PLACEMENT_3D('',#5884,#4761,#4762);
#3829=AXIS2_PLACEMENT_3D('',#5890,#4766,#4767);
#3830=AXIS2_PLACEMENT_3D('',#5893,#4770,#4771);
#3831=AXIS2_PLACEMENT_3D('',#5895,#4772,#4773);
#3832=AXIS2_PLACEMENT_3D('',#5898,#4775,#4776);
#3833=AXIS2_PLACEMENT_3D('',#5899,#4777,#4778);
#3834=AXIS2_PLACEMENT_3D('',#5905,#4782,#4783);
#3835=AXIS2_PLACEMENT_3D('',#5914,#4788,#4789);
#3836=AXIS2_PLACEMENT_3D('',#5917,#4792,#4793);
#3837=AXIS2_PLACEMENT_3D('',#5919,#4794,#4795);
#3838=AXIS2_PLACEMENT_3D('',#5926,#4799,#4800);
#3839=AXIS2_PLACEMENT_3D('',#5927,#4801,#4802);
#3840=AXIS2_PLACEMENT_3D('',#5930,#4805,#4806);
#3841=AXIS2_PLACEMENT_3D('',#5933,#4809,#4810);
#3842=AXIS2_PLACEMENT_3D('',#5937,#4812,#4813);
#3843=AXIS2_PLACEMENT_3D('',#5940,#4816,#4817);
#3844=AXIS2_PLACEMENT_3D('',#5942,#4819,#4820);
#3845=AXIS2_PLACEMENT_3D('',#5946,#4823,#4824);
#3846=AXIS2_PLACEMENT_3D('',#5948,#4825,#4826);
#3847=AXIS2_PLACEMENT_3D('',#5950,#4828,#4829);
#3848=AXIS2_PLACEMENT_3D('',#5954,#4832,#4833);
#3849=AXIS2_PLACEMENT_3D('',#5956,#4834,#4835);
#3850=AXIS2_PLACEMENT_3D('',#5958,#4837,#4838);
#3851=AXIS2_PLACEMENT_3D('',#5960,#4840,#4841);
#3852=AXIS2_PLACEMENT_3D('',#5962,#4842,#4843);
#3853=AXIS2_PLACEMENT_3D('',#5965,#4845,#4846);
#3854=AXIS2_PLACEMENT_3D('',#5966,#4847,#4848);
#3855=AXIS2_PLACEMENT_3D('',#5967,#4849,#4850);
#3856=AXIS2_PLACEMENT_3D('',#5969,#4851,#4852);
#3857=AXIS2_PLACEMENT_3D('',#5972,#4854,#4855);
#3858=AXIS2_PLACEMENT_3D('',#5973,#4856,#4857);
#3859=AXIS2_PLACEMENT_3D('',#5974,#4858,#4859);
#3860=AXIS2_PLACEMENT_3D('',#5976,#4860,#4861);
#3861=AXIS2_PLACEMENT_3D('',#5979,#4863,#4864);
#3862=AXIS2_PLACEMENT_3D('',#5980,#4865,#4866);
#3863=AXIS2_PLACEMENT_3D('',#5981,#4867,#4868);
#3864=AXIS2_PLACEMENT_3D('',#5983,#4869,#4870);
#3865=AXIS2_PLACEMENT_3D('',#5986,#4872,#4873);
#3866=AXIS2_PLACEMENT_3D('',#5987,#4874,#4875);
#3867=AXIS2_PLACEMENT_3D('',#5988,#4876,#4877);
#3868=AXIS2_PLACEMENT_3D('',#5989,#4878,#4879);
#3869=AXIS2_PLACEMENT_3D('',#5990,#4880,#4881);
#3870=DIRECTION('axis',(0.,0.,1.));
#3871=DIRECTION('refdir',(1.,0.,0.));
#3872=DIRECTION('center_axis',(0.,0.,1.));
#3873=DIRECTION('ref_axis',(-1.,0.,0.));
#3874=DIRECTION('',(0.,0.,1.));
#3875=DIRECTION('center_axis',(0.,0.,-1.));
#3876=DIRECTION('ref_axis',(-1.,0.,0.));
#3877=DIRECTION('',(0.,0.,-1.));
#3878=DIRECTION('center_axis',(0.,0.,-1.));
#3879=DIRECTION('ref_axis',(-1.,0.,0.));
#3880=DIRECTION('center_axis',(0.,0.,-1.));
#3881=DIRECTION('ref_axis',(-1.,0.,0.));
#3882=DIRECTION('',(0.,0.,-1.));
#3883=DIRECTION('center_axis',(0.,0.,-1.));
#3884=DIRECTION('ref_axis',(-1.,0.,0.));
#3885=DIRECTION('',(0.,0.,1.));
#3886=DIRECTION('center_axis',(0.,0.,-1.));
#3887=DIRECTION('ref_axis',(-1.,0.,0.));
#3888=DIRECTION('',(0.,0.,-1.));
#3889=DIRECTION('center_axis',(0.,0.,-1.));
#3890=DIRECTION('ref_axis',(-1.,0.,0.));
#3891=DIRECTION('center_axis',(1.,0.,0.));
#3892=DIRECTION('ref_axis',(0.,-1.,0.));
#3893=DIRECTION('',(0.,-1.,0.));
#3894=DIRECTION('',(0.,1.,0.));
#3895=DIRECTION('',(0.,0.,-1.));
#3896=DIRECTION('',(0.,-1.,2.20343450361763E-44));
#3897=DIRECTION('',(0.,0.,1.));
#3898=DIRECTION('',(0.,1.,0.));
#3899=DIRECTION('center_axis',(-1.,0.,0.));
#3900=DIRECTION('ref_axis',(0.,1.,0.));
#3901=DIRECTION('',(0.,-1.,0.));
#3902=DIRECTION('',(0.,0.,-1.));
#3903=DIRECTION('',(0.,1.,-2.20343450361763E-44));
#3904=DIRECTION('',(0.,0.,1.));
#3905=DIRECTION('',(0.,-1.,0.));
#3906=DIRECTION('',(0.,1.,0.));
#3907=DIRECTION('center_axis',(0.,0.,1.));
#3908=DIRECTION('ref_axis',(-1.,0.,0.));
#3909=DIRECTION('center_axis',(0.,0.,1.));
#3910=DIRECTION('ref_axis',(-1.,0.,0.));
#3911=DIRECTION('center_axis',(0.,0.,-1.));
#3912=DIRECTION('ref_axis',(-1.,0.,0.));
#3913=DIRECTION('center_axis',(0.,0.,1.));
#3914=DIRECTION('ref_axis',(-1.,0.,0.));
#3915=DIRECTION('center_axis',(0.,0.,-1.));
#3916=DIRECTION('ref_axis',(-1.,0.,0.));
#3917=DIRECTION('center_axis',(-1.57772181044202E-30,2.20343450361763E-44,
1.));
#3918=DIRECTION('ref_axis',(-1.,0.,-1.57772181044202E-30));
#3919=DIRECTION('center_axis',(1.57772181044202E-30,-2.20343450361763E-44,
-1.));
#3920=DIRECTION('ref_axis',(-1.,-3.47640667423803E-74,-1.57772181044202E-30));
#3921=DIRECTION('center_axis',(-1.57772181044202E-30,2.20343450361763E-44,
1.));
#3922=DIRECTION('ref_axis',(-1.,0.,-1.57772181044202E-30));
#3923=DIRECTION('center_axis',(1.57772181044202E-30,-2.20343450361763E-44,
-1.));
#3924=DIRECTION('ref_axis',(-1.,-3.47640667423803E-74,-1.57772181044202E-30));
#3925=DIRECTION('center_axis',(0.,0.,-1.));
#3926=DIRECTION('ref_axis',(-1.,0.,0.));
#3927=DIRECTION('center_axis',(-1.57772181044202E-30,2.20343450361763E-44,
1.));
#3928=DIRECTION('ref_axis',(-1.,0.,0.));
#3929=DIRECTION('center_axis',(0.,0.,-1.));
#3930=DIRECTION('ref_axis',(1.,1.22464679914735E-16,0.));
#3931=DIRECTION('center_axis',(-1.57772181044202E-30,2.20343450361763E-44,
1.));
#3932=DIRECTION('ref_axis',(-1.,0.,0.));
#3933=DIRECTION('center_axis',(0.,0.,-1.));
#3934=DIRECTION('ref_axis',(-1.,-1.39056293985571E-74,-6.31088846785628E-31));
#3935=DIRECTION('center_axis',(0.,0.,-1.));
#3936=DIRECTION('ref_axis',(1.,1.22464679914735E-16,-6.31088846785628E-31));
#3937=DIRECTION('center_axis',(0.,0.,1.));
#3938=DIRECTION('ref_axis',(-1.,0.,0.));
#3939=DIRECTION('',(0.,0.,1.));
#3940=DIRECTION('center_axis',(0.,0.,-1.));
#3941=DIRECTION('ref_axis',(-1.,0.,0.));
#3942=DIRECTION('',(0.,0.,-1.));
#3943=DIRECTION('center_axis',(0.,0.,-1.));
#3944=DIRECTION('ref_axis',(-1.,0.,0.));
#3945=DIRECTION('center_axis',(0.,0.,-1.));
#3946=DIRECTION('ref_axis',(-1.,0.,0.));
#3947=DIRECTION('',(0.,0.,-1.));
#3948=DIRECTION('center_axis',(0.,0.,-1.));
#3949=DIRECTION('ref_axis',(-1.,0.,0.));
#3950=DIRECTION('',(0.,0.,1.));
#3951=DIRECTION('center_axis',(0.,0.,-1.));
#3952=DIRECTION('ref_axis',(-1.,0.,0.));
#3953=DIRECTION('',(0.,0.,-1.));
#3954=DIRECTION('center_axis',(0.,0.,-1.));
#3955=DIRECTION('ref_axis',(-1.,0.,0.));
#3956=DIRECTION('center_axis',(1.,0.,0.));
#3957=DIRECTION('ref_axis',(0.,-1.,0.));
#3958=DIRECTION('',(0.,-1.,0.));
#3959=DIRECTION('',(0.,1.,0.));
#3960=DIRECTION('',(0.,0.,-1.));
#3961=DIRECTION('',(0.,-1.,0.));
#3962=DIRECTION('',(0.,0.,1.));
#3963=DIRECTION('',(0.,1.,0.));
#3964=DIRECTION('center_axis',(-1.,0.,0.));
#3965=DIRECTION('ref_axis',(0.,1.,0.));
#3966=DIRECTION('',(0.,-1.,0.));
#3967=DIRECTION('',(0.,0.,-1.));
#3968=DIRECTION('',(0.,1.,0.));
#3969=DIRECTION('',(0.,0.,1.));
#3970=DIRECTION('',(0.,-1.,0.));
#3971=DIRECTION('',(0.,1.,0.));
#3972=DIRECTION('center_axis',(0.,0.,1.));
#3973=DIRECTION('ref_axis',(-1.,0.,0.));
#3974=DIRECTION('center_axis',(0.,0.,1.));
#3975=DIRECTION('ref_axis',(-1.,0.,0.));
#3976=DIRECTION('center_axis',(0.,0.,-1.));
#3977=DIRECTION('ref_axis',(-1.,0.,0.));
#3978=DIRECTION('center_axis',(0.,0.,1.));
#3979=DIRECTION('ref_axis',(-1.,0.,0.));
#3980=DIRECTION('center_axis',(0.,0.,-1.));
#3981=DIRECTION('ref_axis',(-1.,0.,0.));
#3982=DIRECTION('center_axis',(0.,0.,1.));
#3983=DIRECTION('ref_axis',(-1.,0.,0.));
#3984=DIRECTION('center_axis',(0.,0.,-1.));
#3985=DIRECTION('ref_axis',(-1.,0.,0.));
#3986=DIRECTION('center_axis',(0.,0.,1.));
#3987=DIRECTION('ref_axis',(-1.,0.,0.));
#3988=DIRECTION('center_axis',(0.,0.,-1.));
#3989=DIRECTION('ref_axis',(-1.,0.,0.));
#3990=DIRECTION('center_axis',(0.,0.,-1.));
#3991=DIRECTION('ref_axis',(-1.,0.,0.));
#3992=DIRECTION('center_axis',(0.,0.,1.));
#3993=DIRECTION('ref_axis',(-1.,0.,0.));
#3994=DIRECTION('center_axis',(0.,0.,-1.));
#3995=DIRECTION('ref_axis',(1.,1.22464679914735E-16,0.));
#3996=DIRECTION('center_axis',(0.,0.,1.));
#3997=DIRECTION('ref_axis',(-1.,0.,0.));
#3998=DIRECTION('center_axis',(0.,0.,-1.));
#3999=DIRECTION('ref_axis',(-1.,0.,0.));
#4000=DIRECTION('center_axis',(0.,0.,-1.));
#4001=DIRECTION('ref_axis',(1.,1.22464679914735E-16,0.));
#4002=DIRECTION('center_axis',(0.,0.,1.));
#4003=DIRECTION('ref_axis',(-1.,0.,0.));
#4004=DIRECTION('',(0.,0.,1.));
#4005=DIRECTION('center_axis',(0.,0.,-1.));
#4006=DIRECTION('ref_axis',(-1.,0.,0.));
#4007=DIRECTION('',(0.,0.,-1.));
#4008=DIRECTION('center_axis',(1.57772181044202E-30,-2.20343450361763E-44,
-1.));
#4009=DIRECTION('ref_axis',(-1.,0.,0.));
#4010=DIRECTION('center_axis',(0.,0.,-1.));
#4011=DIRECTION('ref_axis',(-1.,0.,0.));
#4012=DIRECTION('',(0.,0.,-1.));
#4013=DIRECTION('center_axis',(0.,0.,-1.));
#4014=DIRECTION('ref_axis',(-1.,0.,0.));
#4015=DIRECTION('',(0.,0.,1.));
#4016=DIRECTION('center_axis',(0.,0.,-1.));
#4017=DIRECTION('ref_axis',(-1.,0.,0.));
#4018=DIRECTION('',(0.,0.,-1.));
#4019=DIRECTION('center_axis',(0.,0.,-1.));
#4020=DIRECTION('ref_axis',(-1.,0.,0.));
#4021=DIRECTION('center_axis',(1.,0.,0.));
#4022=DIRECTION('ref_axis',(0.,-1.,0.));
#4023=DIRECTION('',(0.,-1.,0.));
#4024=DIRECTION('',(0.,1.,0.));
#4025=DIRECTION('',(0.,0.,-1.));
#4026=DIRECTION('',(0.,-1.,0.));
#4027=DIRECTION('',(0.,0.,1.));
#4028=DIRECTION('',(0.,1.,0.));
#4029=DIRECTION('center_axis',(-1.,0.,0.));
#4030=DIRECTION('ref_axis',(0.,1.,0.));
#4031=DIRECTION('',(0.,-1.,0.));
#4032=DIRECTION('',(0.,0.,-1.));
#4033=DIRECTION('',(0.,1.,0.));
#4034=DIRECTION('',(0.,0.,1.));
#4035=DIRECTION('',(0.,-1.,0.));
#4036=DIRECTION('',(0.,1.,0.));
#4037=DIRECTION('center_axis',(0.,0.,1.));
#4038=DIRECTION('ref_axis',(-1.,0.,0.));
#4039=DIRECTION('center_axis',(0.,0.,1.));
#4040=DIRECTION('ref_axis',(-1.,0.,0.));
#4041=DIRECTION('center_axis',(0.,0.,-1.));
#4042=DIRECTION('ref_axis',(-1.,0.,0.));
#4043=DIRECTION('center_axis',(0.,0.,1.));
#4044=DIRECTION('ref_axis',(-1.,0.,0.));
#4045=DIRECTION('center_axis',(0.,0.,-1.));
#4046=DIRECTION('ref_axis',(-1.,0.,0.));
#4047=DIRECTION('center_axis',(0.,0.,1.));
#4048=DIRECTION('ref_axis',(-1.,0.,0.));
#4049=DIRECTION('center_axis',(0.,0.,-1.));
#4050=DIRECTION('ref_axis',(-1.,0.,0.));
#4051=DIRECTION('center_axis',(0.,0.,1.));
#4052=DIRECTION('ref_axis',(-1.,0.,0.));
#4053=DIRECTION('center_axis',(0.,0.,-1.));
#4054=DIRECTION('ref_axis',(-1.,0.,0.));
#4055=DIRECTION('center_axis',(0.,0.,-1.));
#4056=DIRECTION('ref_axis',(-1.,0.,0.));
#4057=DIRECTION('center_axis',(0.,0.,1.));
#4058=DIRECTION('ref_axis',(-1.,0.,0.));
#4059=DIRECTION('center_axis',(0.,0.,-1.));
#4060=DIRECTION('ref_axis',(1.,1.22464679914735E-16,0.));
#4061=DIRECTION('center_axis',(0.,0.,1.));
#4062=DIRECTION('ref_axis',(-1.,0.,0.));
#4063=DIRECTION('center_axis',(0.,0.,-1.));
#4064=DIRECTION('ref_axis',(-1.,0.,0.));
#4065=DIRECTION('center_axis',(0.,0.,-1.));
#4066=DIRECTION('ref_axis',(1.,1.22464679914735E-16,0.));
#4067=DIRECTION('center_axis',(0.,0.,1.));
#4068=DIRECTION('ref_axis',(-1.,0.,0.));
#4069=DIRECTION('',(0.,0.,1.));
#4070=DIRECTION('center_axis',(0.,0.,-1.));
#4071=DIRECTION('ref_axis',(-1.,0.,0.));
#4072=DIRECTION('',(0.,0.,-1.));
#4073=DIRECTION('center_axis',(1.57772181044205E-30,1.577721810442E-30,
-1.));
#4074=DIRECTION('ref_axis',(-1.,0.,0.));
#4075=DIRECTION('center_axis',(0.,0.,-1.));
#4076=DIRECTION('ref_axis',(-1.,0.,0.));
#4077=DIRECTION('',(0.,0.,-1.));
#4078=DIRECTION('center_axis',(0.,0.,-1.));
#4079=DIRECTION('ref_axis',(-1.,0.,0.));
#4080=DIRECTION('',(0.,0.,1.));
#4081=DIRECTION('center_axis',(0.,0.,-1.));
#4082=DIRECTION('ref_axis',(-1.,0.,0.));
#4083=DIRECTION('',(0.,0.,-1.));
#4084=DIRECTION('center_axis',(0.,0.,-1.));
#4085=DIRECTION('ref_axis',(-1.,0.,0.));
#4086=DIRECTION('center_axis',(1.,0.,0.));
#4087=DIRECTION('ref_axis',(0.,-1.,0.));
#4088=DIRECTION('',(0.,-1.,0.));
#4089=DIRECTION('',(0.,1.,0.));
#4090=DIRECTION('',(0.,0.,-1.));
#4091=DIRECTION('',(0.,-1.,0.));
#4092=DIRECTION('',(0.,0.,1.));
#4093=DIRECTION('',(0.,1.,0.));
#4094=DIRECTION('center_axis',(-1.,0.,0.));
#4095=DIRECTION('ref_axis',(0.,1.,0.));
#4096=DIRECTION('',(0.,-1.,0.));
#4097=DIRECTION('',(0.,0.,-1.));
#4098=DIRECTION('',(0.,1.,0.));
#4099=DIRECTION('',(0.,0.,1.));
#4100=DIRECTION('',(0.,-1.,0.));
#4101=DIRECTION('',(0.,1.,0.));
#4102=DIRECTION('center_axis',(0.,0.,1.));
#4103=DIRECTION('ref_axis',(-1.,0.,0.));
#4104=DIRECTION('center_axis',(0.,0.,1.));
#4105=DIRECTION('ref_axis',(-1.,0.,0.));
#4106=DIRECTION('center_axis',(0.,0.,-1.));
#4107=DIRECTION('ref_axis',(-1.,0.,0.));
#4108=DIRECTION('center_axis',(0.,0.,1.));
#4109=DIRECTION('ref_axis',(-1.,0.,0.));
#4110=DIRECTION('center_axis',(0.,0.,-1.));
#4111=DIRECTION('ref_axis',(-1.,0.,0.));
#4112=DIRECTION('center_axis',(0.,0.,1.));
#4113=DIRECTION('ref_axis',(-1.,0.,0.));
#4114=DIRECTION('center_axis',(0.,0.,-1.));
#4115=DIRECTION('ref_axis',(-1.,0.,0.));
#4116=DIRECTION('center_axis',(0.,0.,1.));
#4117=DIRECTION('ref_axis',(-1.,0.,0.));
#4118=DIRECTION('center_axis',(0.,0.,-1.));
#4119=DIRECTION('ref_axis',(-1.,0.,0.));
#4120=DIRECTION('center_axis',(0.,0.,-1.));
#4121=DIRECTION('ref_axis',(-1.,0.,0.));
#4122=DIRECTION('center_axis',(0.,0.,1.));
#4123=DIRECTION('ref_axis',(-1.,0.,0.));
#4124=DIRECTION('center_axis',(0.,0.,-1.));
#4125=DIRECTION('ref_axis',(1.,1.22464679914735E-16,0.));
#4126=DIRECTION('center_axis',(0.,0.,1.));
#4127=DIRECTION('ref_axis',(-1.,0.,0.));
#4128=DIRECTION('center_axis',(0.,0.,-1.));
#4129=DIRECTION('ref_axis',(-1.,0.,0.));
#4130=DIRECTION('center_axis',(0.,0.,-1.));
#4131=DIRECTION('ref_axis',(1.,1.22464679914735E-16,0.));
#4132=DIRECTION('center_axis',(-1.9733196214293E-14,-0.707106781186539,
-0.707106781186556));
#4133=DIRECTION('ref_axis',(-1.,0.,2.79069537152223E-14));
#4134=DIRECTION('',(0.,0.707106781186479,-0.707106781186616));
#4135=DIRECTION('',(1.,-1.39410283598499E-14,-1.39659253553727E-14));
#4136=DIRECTION('',(0.,-0.707106781186556,0.707106781186539));
#4137=DIRECTION('',(-1.,1.39410283598499E-14,1.39659253553727E-14));
#4138=DIRECTION('center_axis',(1.33226762955022E-14,-1.09634523681737E-14,
1.));
#4139=DIRECTION('ref_axis',(-1.70234197109191E-13,-1.,-1.10391493925775E-14));
#4140=DIRECTION('',(0.707106781186544,-1.88901748935395E-15,-0.707106781186551));
#4141=DIRECTION('center_axis',(1.39659253553725E-14,-1.09634523681736E-14,
1.));
#4142=DIRECTION('ref_axis',(-1.70234197109191E-13,-1.,-1.09634523681712E-14));
#4143=DIRECTION('center_axis',(-1.39659253553725E-14,1.09634523681736E-14,
-1.));
#4144=DIRECTION('ref_axis',(-1.70234197109191E-13,-1.,-1.11022302462493E-14));
#4145=DIRECTION('center_axis',(-0.707106781186557,1.76753158536327E-14,
-0.707106781186538));
#4146=DIRECTION('ref_axis',(-0.707106781186538,0.,0.707106781186557));
#4147=DIRECTION('',(0.707106781186538,0.,-0.707106781186557));
#4148=DIRECTION('',(-1.40332190312621E-14,-1.,-1.09634523681734E-14));
#4149=DIRECTION('',(1.40332190312621E-14,1.,1.09634523681734E-14));
#4150=DIRECTION('center_axis',(1.33226762955022E-14,-8.88178419700144E-15,
1.));
#4151=DIRECTION('ref_axis',(-1.,1.33226762955019E-14,1.36150622318069E-14));
#4152=DIRECTION('',(-1.25607396694703E-14,-0.707106781186547,-0.707106781186548));
#4153=DIRECTION('center_axis',(1.39659253553725E-14,-1.09634523681736E-14,
1.));
#4154=DIRECTION('ref_axis',(-1.,1.33226762955018E-14,1.39659253553727E-14));
#4155=DIRECTION('center_axis',(-1.39659253553725E-14,1.09634523681736E-14,
-1.));
#4156=DIRECTION('ref_axis',(-1.,1.33226762955019E-14,1.3322676295502E-14));
#4157=DIRECTION('center_axis',(1.4139187031194E-16,0.707106781186559,-0.707106781186536));
#4158=DIRECTION('ref_axis',(-1.,0.,-1.99958300604446E-16));
#4159=DIRECTION('',(-1.57009245868379E-14,-0.707106781186533,-0.707106781186562));
#4160=DIRECTION('',(-1.,1.41658836559767E-14,1.39659253553727E-14));
#4161=DIRECTION('',(1.,-1.41658836559767E-14,-1.39659253553727E-14));
#4162=DIRECTION('center_axis',(1.33226762955015E-14,-8.88178419700101E-15,
1.));
#4163=DIRECTION('ref_axis',(1.33226762955021E-14,1.,1.10391493925796E-14));
#4164=DIRECTION('',(-0.707106781186545,1.88411095042051E-14,-0.70710678118655));
#4165=DIRECTION('center_axis',(1.39659253553725E-14,-1.09634523681736E-14,
1.));
#4166=DIRECTION('ref_axis',(1.33226762955021E-14,1.,1.09634523681734E-14));
#4167=DIRECTION('center_axis',(-1.39659253553725E-14,1.09634523681736E-14,
-1.));
#4168=DIRECTION('ref_axis',(1.33226762955021E-14,1.,1.11022302462514E-14));
#4169=DIRECTION('center_axis',(0.707106781186539,-2.17065282413021E-15,
-0.707106781186556));
#4170=DIRECTION('ref_axis',(-0.707106781186556,0.,-0.707106781186539));
#4171=DIRECTION('',(-0.707106781186556,1.60075832701744E-14,-0.707106781186539));
#4172=DIRECTION('',(1.40332190312621E-14,1.,1.09634523681734E-14));
#4173=DIRECTION('',(-1.40332190312621E-14,-1.,-1.09634523681734E-14));
#4174=DIRECTION('center_axis',(1.33226762955016E-14,-1.09634523681732E-14,
1.));
#4175=DIRECTION('ref_axis',(1.,-1.62832710278356E-14,-1.36150622318069E-14));
#4176=DIRECTION('center_axis',(1.39659253553725E-14,-1.09634523681736E-14,
1.));
#4177=DIRECTION('ref_axis',(1.,-1.62832710278356E-14,-1.39659253553727E-14));
#4178=DIRECTION('center_axis',(-1.39659253553725E-14,1.09634523681736E-14,
-1.));
#4179=DIRECTION('ref_axis',(1.,-1.62832710278356E-14,-1.33226762955021E-14));
#4180=DIRECTION('center_axis',(-1.33226762955019E-14,1.11022302462516E-14,
-1.));
#4181=DIRECTION('ref_axis',(-1.,1.33226762955019E-14,1.3322676295502E-14));
#4182=DIRECTION('',(-1.33226762955019E-14,1.11022302462516E-14,-1.));
#4183=DIRECTION('center_axis',(0.,0.,1.));
#4184=DIRECTION('ref_axis',(5.18104078158405E-15,1.,0.));
#4185=DIRECTION('',(-1.33226762955019E-14,1.11022302462516E-14,-1.));
#4186=DIRECTION('center_axis',(-1.,1.4033219031262E-14,1.3322676295502E-14));
#4187=DIRECTION('ref_axis',(1.40332190312621E-14,1.,1.08746345262034E-14));
#4188=DIRECTION('',(-1.33226762955019E-14,1.11022302462516E-14,-1.));
#4189=DIRECTION('',(-1.4210854715202E-14,-1.,1.89326617253043E-31));
#4190=DIRECTION('',(-1.4033219031262E-14,-1.,-2.33731163078981E-16));
#4191=DIRECTION('center_axis',(1.,-1.4033219031262E-14,-1.3322676295502E-14));
#4192=DIRECTION('ref_axis',(-2.96059473233375E-15,-1.,8.88178419700127E-15));
#4193=DIRECTION('',(-1.33226762955021E-14,-1.11022302462513E-15,-1.));
#4194=DIRECTION('center_axis',(1.,-1.4033219031262E-14,-1.3322676295502E-14));
#4195=DIRECTION('ref_axis',(0.,0.,-1.));
#4196=DIRECTION('',(1.4033219031262E-14,1.,0.));
#4197=DIRECTION('',(1.3322676295502E-14,-3.94430452610511E-29,1.));
#4198=DIRECTION('',(1.4033219031262E-14,1.,0.));
#4199=DIRECTION('center_axis',(1.,-1.4033219031262E-14,-1.3322676295502E-14));
#4200=DIRECTION('ref_axis',(2.96059473233375E-15,1.,8.88178419700136E-15));
#4201=DIRECTION('',(1.3322676295502E-14,3.02912076068339E-28,1.));
#4202=DIRECTION('center_axis',(1.,-1.4033219031262E-14,-1.3322676295502E-14));
#4203=DIRECTION('ref_axis',(2.36658271566301E-29,8.88178419700128E-15,1.));
#4204=DIRECTION('',(-1.4033219031262E-14,-1.,-2.33731163078981E-16));
#4205=DIRECTION('',(-1.3322676295502E-14,4.494469786054E-29,-1.));
#4206=DIRECTION('',(-1.33226762955021E-14,-1.11022302462513E-15,-1.));
#4207=DIRECTION('center_axis',(1.,-1.4033219031262E-14,-1.3322676295502E-14));
#4208=DIRECTION('ref_axis',(0.,0.,-1.));
#4209=DIRECTION('',(1.4033219031262E-14,1.,0.));
#4210=DIRECTION('',(1.3322676295502E-14,-3.94430452610511E-29,1.));
#4211=DIRECTION('',(-1.4033219031262E-14,-1.,-2.33731163078981E-16));
#4212=DIRECTION('center_axis',(1.,-1.4033219031262E-14,-1.3322676295502E-14));
#4213=DIRECTION('ref_axis',(-2.96059473233375E-15,-1.,8.88178419700127E-15));
#4214=DIRECTION('',(-1.4033219031262E-14,-1.,-2.33731163078981E-16));
#4215=DIRECTION('center_axis',(1.,-1.4033219031262E-14,-1.3322676295502E-14));
#4216=DIRECTION('ref_axis',(-2.96059473233375E-15,-1.,8.88178419700127E-15));
#4217=DIRECTION('',(-1.33226762955021E-14,-1.11022302462513E-15,-1.));
#4218=DIRECTION('center_axis',(1.,-1.4033219031262E-14,-1.3322676295502E-14));
#4219=DIRECTION('ref_axis',(0.,0.,-1.));
#4220=DIRECTION('',(1.4033219031262E-14,1.,0.));
#4221=DIRECTION('',(1.3322676295502E-14,-3.94430452610511E-29,1.));
#4222=DIRECTION('',(1.3322676295502E-14,3.02912076068339E-28,1.));
#4223=DIRECTION('center_axis',(1.,-1.4033219031262E-14,-1.3322676295502E-14));
#4224=DIRECTION('ref_axis',(2.36658271566301E-29,8.88178419700128E-15,1.));
#4225=DIRECTION('',(-1.4033219031262E-14,-1.,-2.33731163078981E-16));
#4226=DIRECTION('',(-1.3322676295502E-14,4.494469786054E-29,-1.));
#4227=DIRECTION('',(1.4033219031262E-14,1.,0.));
#4228=DIRECTION('center_axis',(1.,-1.4033219031262E-14,-1.3322676295502E-14));
#4229=DIRECTION('ref_axis',(2.96059473233375E-15,1.,8.88178419700136E-15));
#4230=DIRECTION('',(1.4033219031262E-14,1.,0.));
#4231=DIRECTION('center_axis',(1.,-1.4033219031262E-14,-1.3322676295502E-14));
#4232=DIRECTION('ref_axis',(2.96059473233375E-15,1.,8.88178419700136E-15));
#4233=DIRECTION('',(1.3322676295502E-14,3.02912076068339E-28,1.));
#4234=DIRECTION('center_axis',(1.,-1.4033219031262E-14,-1.3322676295502E-14));
#4235=DIRECTION('ref_axis',(2.36658271566301E-29,8.88178419700128E-15,1.));
#4236=DIRECTION('',(-1.4033219031262E-14,-1.,-2.33731163078981E-16));
#4237=DIRECTION('',(-1.3322676295502E-14,4.494469786054E-29,-1.));
#4238=DIRECTION('center_axis',(-1.33226762955019E-14,1.11022302462516E-14,
-1.));
#4239=DIRECTION('ref_axis',(-1.70234197109191E-13,-1.,-1.11022302462493E-14));
#4240=DIRECTION('',(0.,0.,1.));
#4241=DIRECTION('center_axis',(1.57772181044202E-30,-2.6987916867608E-43,
1.));
#4242=DIRECTION('ref_axis',(-1.,1.50342701251323E-14,1.57772181044202E-30));
#4243=DIRECTION('center_axis',(-1.39410283598501E-14,-1.,-1.11022302462514E-14));
#4244=DIRECTION('ref_axis',(-1.,1.39410283598499E-14,1.40221391794044E-14));
#4245=DIRECTION('',(-1.33226762955019E-14,1.11022302462516E-14,-1.));
#4246=DIRECTION('',(1.,-1.39410283598499E-14,4.68213459822471E-47));
#4247=DIRECTION('center_axis',(1.39410283598501E-14,1.,1.11022302462514E-14));
#4248=DIRECTION('ref_axis',(1.,0.,-2.46716227694479E-15));
#4249=DIRECTION('',(-7.93016446160832E-15,1.11022302462515E-14,-1.));
#4250=DIRECTION('center_axis',(1.39410283598501E-14,1.,1.11022302462514E-14));
#4251=DIRECTION('ref_axis',(0.,0.,-1.));
#4252=DIRECTION('',(-1.,1.394102835985E-14,7.00456166955934E-16));
#4253=DIRECTION('center_axis',(1.39410283598501E-14,1.,1.11022302462514E-14));
#4254=DIRECTION('ref_axis',(-1.,0.,0.));
#4255=DIRECTION('',(7.93016446160825E-15,-1.11022302462515E-14,1.));
#4256=DIRECTION('center_axis',(1.39410283598501E-14,1.,1.11022302462514E-14));
#4257=DIRECTION('ref_axis',(0.,0.,1.));
#4258=DIRECTION('',(1.,-1.39410283598501E-14,0.));
#4259=DIRECTION('',(1.,-1.394102835985E-14,-7.93016446160438E-16));
#4260=DIRECTION('center_axis',(1.39410283598501E-14,1.,1.11022302462514E-14));
#4261=DIRECTION('ref_axis',(1.,0.,-3.40920274467307E-11));
#4262=DIRECTION('',(0.,1.11022302462514E-14,-1.));
#4263=DIRECTION('center_axis',(1.39410283598501E-14,1.,1.11022302462514E-14));
#4264=DIRECTION('ref_axis',(0.725704979437343,0.,-0.688006019464834));
#4265=DIRECTION('',(-0.688006019464849,1.76484552016714E-14,-0.725704979437329));
#4266=DIRECTION('center_axis',(1.39410283598501E-14,1.,1.11022302462514E-14));
#4267=DIRECTION('ref_axis',(-1.16865581539474E-14,0.,-1.));
#4268=DIRECTION('',(-1.,1.39410283598501E-14,0.));
#4269=DIRECTION('center_axis',(1.39410283598501E-14,1.,1.11022302462514E-14));
#4270=DIRECTION('ref_axis',(-0.725704979437339,0.,-0.688006019464838));
#4271=DIRECTION('',(-0.68800601946484,1.53456765654243E-15,0.725704979437338));
#4272=DIRECTION('center_axis',(1.39410283598501E-14,1.,1.11022302462514E-14));
#4273=DIRECTION('ref_axis',(-1.,0.,9.34924652315932E-15));
#4274=DIRECTION('',(0.,-1.11022302462514E-14,1.));
#4275=DIRECTION('center_axis',(1.39410283598501E-14,1.,1.11022302462514E-14));
#4276=DIRECTION('ref_axis',(-1.14317911864868E-11,0.,1.));
#4277=DIRECTION('',(1.,-1.39410283598501E-14,0.));
#4278=DIRECTION('center_axis',(1.39410283598501E-14,1.,1.11022302462514E-14));
#4279=DIRECTION('ref_axis',(1.,0.,-3.40920274467306E-11));
#4280=DIRECTION('',(-7.88392513684712E-16,1.11022302462514E-14,-1.));
#4281=DIRECTION('center_axis',(1.39410283598501E-14,1.,1.11022302462514E-14));
#4282=DIRECTION('ref_axis',(0.725704979437348,0.,-0.688006019464828));
#4283=DIRECTION('',(-0.688006019464851,1.76484552016714E-14,-0.725704979437327));
#4284=DIRECTION('center_axis',(1.39410283598501E-14,1.,1.11022302462514E-14));
#4285=DIRECTION('ref_axis',(-1.57768535078291E-14,0.,-1.));
#4286=DIRECTION('',(-1.,1.394102835985E-14,2.4460823205056E-15));
#4287=DIRECTION('center_axis',(1.39410283598501E-14,1.,1.11022302462514E-14));
#4288=DIRECTION('ref_axis',(-0.725704979437337,0.,-0.68800601946484));
#4289=DIRECTION('',(-0.688006019464838,1.53456765654239E-15,0.725704979437339));
#4290=DIRECTION('center_axis',(1.39410283598501E-14,1.,1.11022302462514E-14));
#4291=DIRECTION('ref_axis',(-1.,0.,0.));
#4292=DIRECTION('',(1.68190402926787E-15,-1.11022302462514E-14,1.));
#4293=DIRECTION('center_axis',(1.39410283598501E-14,1.,1.11022302462514E-14));
#4294=DIRECTION('ref_axis',(-1.14341284981177E-11,0.,1.));
#4295=DIRECTION('center_axis',(-1.39659253553725E-14,1.09634523681736E-14,
-1.));
#4296=DIRECTION('ref_axis',(-1.,0.,1.39659253553725E-14));
#4297=DIRECTION('center_axis',(1.,-2.96059473233375E-15,0.));
#4298=DIRECTION('ref_axis',(0.,0.,-1.));
#4299=DIRECTION('center_axis',(-1.,1.4033219031262E-14,0.));
#4300=DIRECTION('ref_axis',(0.,0.,-1.));
#4301=DIRECTION('',(1.,-2.96059473233375E-15,0.));
#4302=DIRECTION('',(1.,-2.96059473233375E-15,0.));
#4303=DIRECTION('center_axis',(-2.96059473233375E-15,-1.,1.11022302462517E-15));
#4304=DIRECTION('ref_axis',(0.,-1.11022302462517E-15,-1.));
#4305=DIRECTION('',(1.55800028781152E-29,1.11022302462517E-15,1.));
#4306=DIRECTION('',(1.,-2.96059473233375E-15,0.));
#4307=DIRECTION('center_axis',(1.,-2.96059473233375E-15,0.));
#4308=DIRECTION('ref_axis',(-2.96059473233375E-15,-1.,8.88178419700127E-15));
#4309=DIRECTION('center_axis',(-1.,1.4033219031262E-14,0.));
#4310=DIRECTION('ref_axis',(-2.96059473233375E-15,-1.,8.88178419700127E-15));
#4311=DIRECTION('',(1.,-2.96059473233375E-15,0.));
#4312=DIRECTION('center_axis',(-6.91983250193871E-31,-2.33731163078981E-16,
1.));
#4313=DIRECTION('ref_axis',(-5.93401830365615E-15,-1.,-2.33731163078981E-16));
#4314=DIRECTION('',(1.4033219031262E-14,1.,2.33731163078981E-16));
#4315=DIRECTION('',(1.,-2.96059473233375E-15,0.));
#4316=DIRECTION('center_axis',(2.96059473233375E-15,1.,0.));
#4317=DIRECTION('ref_axis',(0.,0.,1.));
#4318=DIRECTION('',(0.,0.,-1.));
#4319=DIRECTION('',(1.,-2.96059473233375E-15,0.));
#4320=DIRECTION('center_axis',(0.,0.,-1.));
#4321=DIRECTION('ref_axis',(0.,1.,0.));
#4322=DIRECTION('',(-1.4033219031262E-14,-1.,0.));
#4323=DIRECTION('center_axis',(1.,-2.96059473233375E-15,0.));
#4324=DIRECTION('ref_axis',(2.36658271566301E-29,8.88178419700128E-15,1.));
#4325=DIRECTION('center_axis',(-1.,1.4033219031262E-14,0.));
#4326=DIRECTION('ref_axis',(2.36658271566301E-29,8.88178419700128E-15,1.));
#4327=DIRECTION('',(1.,-2.96059473233375E-15,0.));
#4328=DIRECTION('',(1.,-2.96059473233375E-15,0.));
#4329=DIRECTION('center_axis',(2.96059473233375E-15,1.,-3.4235512132939E-28));
#4330=DIRECTION('ref_axis',(1.15637279763557E-13,0.,1.));
#4331=DIRECTION('',(-4.8043444040896E-42,-3.4235512132939E-28,-1.));
#4332=DIRECTION('',(1.,-2.96059473233375E-15,0.));
#4333=DIRECTION('center_axis',(1.,-2.96059473233375E-15,0.));
#4334=DIRECTION('ref_axis',(2.96059473233375E-15,1.,8.88178419700136E-15));
#4335=DIRECTION('center_axis',(-1.,1.4033219031262E-14,0.));
#4336=DIRECTION('ref_axis',(2.96059473233375E-15,1.,8.88178419700136E-15));
#4337=DIRECTION('',(1.,-2.96059473233375E-15,0.));
#4338=DIRECTION('center_axis',(0.,0.,-1.));
#4339=DIRECTION('ref_axis',(0.,1.,0.));
#4340=DIRECTION('',(-1.4033219031262E-14,-1.,0.));
#4341=DIRECTION('',(1.,-2.96059473233375E-15,0.));
#4342=DIRECTION('center_axis',(-2.96059473233375E-15,-1.,-5.50165259948893E-30));
#4343=DIRECTION('ref_axis',(1.85829304477352E-15,0.,-1.));
#4344=DIRECTION('',(-7.720589596254E-44,-5.50165259948893E-30,1.));
#4345=DIRECTION('',(1.,-2.96059473233375E-15,0.));
#4346=DIRECTION('center_axis',(-6.91983250193871E-31,-2.33731163078981E-16,
1.));
#4347=DIRECTION('ref_axis',(-5.93401830365615E-15,-1.,-2.33731163078981E-16));
#4348=DIRECTION('',(1.4033219031262E-14,1.,2.33731163078981E-16));
#4349=DIRECTION('center_axis',(2.96059473233375E-15,1.,0.));
#4350=DIRECTION('ref_axis',(0.,0.,1.));
#4351=DIRECTION('',(0.,0.,-1.));
#4352=DIRECTION('',(1.,-2.96059473233375E-15,0.));
#4353=DIRECTION('',(1.,-2.96059473233375E-15,0.));
#4354=DIRECTION('center_axis',(0.,0.,-1.));
#4355=DIRECTION('ref_axis',(0.,1.,0.));
#4356=DIRECTION('',(-1.4033219031262E-14,-1.,0.));
#4357=DIRECTION('',(1.,-2.96059473233375E-15,0.));
#4358=DIRECTION('center_axis',(1.,-2.96059473233375E-15,0.));
#4359=DIRECTION('ref_axis',(0.,0.,-1.));
#4360=DIRECTION('center_axis',(-1.,1.4033219031262E-14,0.));
#4361=DIRECTION('ref_axis',(0.,0.,-1.));
#4362=DIRECTION('',(1.,-2.96059473233375E-15,0.));
#4363=DIRECTION('center_axis',(-2.96059473233375E-15,-1.,1.11022302462517E-15));
#4364=DIRECTION('ref_axis',(0.,-1.11022302462517E-15,-1.));
#4365=DIRECTION('',(1.55800028781152E-29,1.11022302462517E-15,1.));
#4366=DIRECTION('',(1.,-2.96059473233375E-15,0.));
#4367=DIRECTION('center_axis',(1.,-2.96059473233375E-15,0.));
#4368=DIRECTION('ref_axis',(-2.96059473233375E-15,-1.,8.88178419700127E-15));
#4369=DIRECTION('center_axis',(-1.,1.4033219031262E-14,0.));
#4370=DIRECTION('ref_axis',(-2.96059473233375E-15,-1.,8.88178419700127E-15));
#4371=DIRECTION('',(1.,-2.96059473233375E-15,0.));
#4372=DIRECTION('center_axis',(-6.91983250193871E-31,-2.33731163078981E-16,
1.));
#4373=DIRECTION('ref_axis',(-5.93401830365615E-15,-1.,-2.33731163078981E-16));
#4374=DIRECTION('',(1.4033219031262E-14,1.,2.33731163078981E-16));
#4375=DIRECTION('center_axis',(1.,-2.96059473233375E-15,0.));
#4376=DIRECTION('ref_axis',(0.,0.,-1.));
#4377=DIRECTION('center_axis',(-1.,1.4033219031262E-14,0.));
#4378=DIRECTION('ref_axis',(0.,0.,-1.));
#4379=DIRECTION('',(1.,-2.96059473233375E-15,0.));
#4380=DIRECTION('',(1.,-2.96059473233375E-15,0.));
#4381=DIRECTION('center_axis',(-2.96059473233375E-15,-1.,1.11022302462517E-15));
#4382=DIRECTION('ref_axis',(0.,-1.11022302462517E-15,-1.));
#4383=DIRECTION('',(1.55800028781152E-29,1.11022302462517E-15,1.));
#4384=DIRECTION('',(1.,-2.96059473233375E-15,0.));
#4385=DIRECTION('center_axis',(1.,-2.96059473233375E-15,0.));
#4386=DIRECTION('ref_axis',(-2.96059473233375E-15,-1.,8.88178419700127E-15));
#4387=DIRECTION('center_axis',(-1.,1.4033219031262E-14,0.));
#4388=DIRECTION('ref_axis',(-2.96059473233375E-15,-1.,8.88178419700127E-15));
#4389=DIRECTION('',(1.,-2.96059473233375E-15,0.));
#4390=DIRECTION('center_axis',(-6.91983250193871E-31,-2.33731163078981E-16,
1.));
#4391=DIRECTION('ref_axis',(-5.93401830365615E-15,-1.,-2.33731163078981E-16));
#4392=DIRECTION('',(1.4033219031262E-14,1.,2.33731163078981E-16));
#4393=DIRECTION('',(1.,-2.96059473233375E-15,0.));
#4394=DIRECTION('center_axis',(2.96059473233375E-15,1.,0.));
#4395=DIRECTION('ref_axis',(0.,0.,1.));
#4396=DIRECTION('',(0.,0.,-1.));
#4397=DIRECTION('',(1.,-2.96059473233375E-15,0.));
#4398=DIRECTION('center_axis',(0.,0.,-1.));
#4399=DIRECTION('ref_axis',(0.,1.,0.));
#4400=DIRECTION('',(-1.4033219031262E-14,-1.,0.));
#4401=DIRECTION('center_axis',(-2.96059473233375E-15,-1.,-5.50165259948893E-30));
#4402=DIRECTION('ref_axis',(1.85829304477352E-15,0.,-1.));
#4403=DIRECTION('',(-7.720589596254E-44,-5.50165259948893E-30,1.));
#4404=DIRECTION('',(1.,-2.96059473233375E-15,0.));
#4405=DIRECTION('',(1.,-2.96059473233375E-15,0.));
#4406=DIRECTION('center_axis',(-6.91983250193871E-31,-2.33731163078981E-16,
1.));
#4407=DIRECTION('ref_axis',(-5.93401830365615E-15,-1.,-2.33731163078981E-16));
#4408=DIRECTION('',(1.4033219031262E-14,1.,2.33731163078981E-16));
#4409=DIRECTION('',(1.,-2.96059473233375E-15,0.));
#4410=DIRECTION('center_axis',(1.,-2.96059473233375E-15,0.));
#4411=DIRECTION('ref_axis',(2.36658271566301E-29,8.88178419700128E-15,1.));
#4412=DIRECTION('center_axis',(-1.,1.4033219031262E-14,0.));
#4413=DIRECTION('ref_axis',(2.36658271566301E-29,8.88178419700128E-15,1.));
#4414=DIRECTION('',(1.,-2.96059473233375E-15,0.));
#4415=DIRECTION('center_axis',(2.96059473233375E-15,1.,-3.4235512132939E-28));
#4416=DIRECTION('ref_axis',(1.15637279763557E-13,0.,1.));
#4417=DIRECTION('',(-4.8043444040896E-42,-3.4235512132939E-28,-1.));
#4418=DIRECTION('',(1.,-2.96059473233375E-15,0.));
#4419=DIRECTION('center_axis',(1.,-2.96059473233375E-15,0.));
#4420=DIRECTION('ref_axis',(2.96059473233375E-15,1.,8.88178419700136E-15));
#4421=DIRECTION('center_axis',(-1.,1.4033219031262E-14,0.));
#4422=DIRECTION('ref_axis',(2.96059473233375E-15,1.,8.88178419700136E-15));
#4423=DIRECTION('',(1.,-2.96059473233375E-15,0.));
#4424=DIRECTION('center_axis',(0.,0.,-1.));
#4425=DIRECTION('ref_axis',(0.,1.,0.));
#4426=DIRECTION('',(-1.4033219031262E-14,-1.,0.));
#4427=DIRECTION('center_axis',(1.,-2.96059473233375E-15,0.));
#4428=DIRECTION('ref_axis',(2.36658271566301E-29,8.88178419700128E-15,1.));
#4429=DIRECTION('center_axis',(-1.,1.4033219031262E-14,0.));
#4430=DIRECTION('ref_axis',(2.36658271566301E-29,8.88178419700128E-15,1.));
#4431=DIRECTION('',(1.,-2.96059473233375E-15,0.));
#4432=DIRECTION('',(1.,-2.96059473233375E-15,0.));
#4433=DIRECTION('center_axis',(2.96059473233375E-15,1.,-3.4235512132939E-28));
#4434=DIRECTION('ref_axis',(1.15637279763557E-13,0.,1.));
#4435=DIRECTION('',(-4.8043444040896E-42,-3.4235512132939E-28,-1.));
#4436=DIRECTION('',(1.,-2.96059473233375E-15,0.));
#4437=DIRECTION('center_axis',(1.,-2.96059473233375E-15,0.));
#4438=DIRECTION('ref_axis',(2.96059473233375E-15,1.,8.88178419700136E-15));
#4439=DIRECTION('center_axis',(-1.,1.4033219031262E-14,0.));
#4440=DIRECTION('ref_axis',(2.96059473233375E-15,1.,8.88178419700136E-15));
#4441=DIRECTION('',(1.,-2.96059473233375E-15,0.));
#4442=DIRECTION('center_axis',(0.,0.,-1.));
#4443=DIRECTION('ref_axis',(0.,1.,0.));
#4444=DIRECTION('',(-1.4033219031262E-14,-1.,0.));
#4445=DIRECTION('',(1.,-2.96059473233375E-15,0.));
#4446=DIRECTION('center_axis',(-2.96059473233375E-15,-1.,-5.50165259948893E-30));
#4447=DIRECTION('ref_axis',(1.85829304477352E-15,0.,-1.));
#4448=DIRECTION('',(-7.720589596254E-44,-5.50165259948893E-30,1.));
#4449=DIRECTION('',(1.,-2.96059473233375E-15,0.));
#4450=DIRECTION('center_axis',(-6.91983250193871E-31,-2.33731163078981E-16,
1.));
#4451=DIRECTION('ref_axis',(-5.93401830365615E-15,-1.,-2.33731163078981E-16));
#4452=DIRECTION('',(1.4033219031262E-14,1.,2.33731163078981E-16));
#4453=DIRECTION('center_axis',(1.57772181044202E-30,-2.69981346689104E-43,
1.));
#4454=DIRECTION('ref_axis',(-1.,0.,1.57772181044202E-30));
#4455=DIRECTION('center_axis',(1.57772181044202E-30,-1.75162308040602E-44,
1.));
#4456=DIRECTION('ref_axis',(-1.03620815631681E-14,-1.,-1.16774872027068E-45));
#4457=DIRECTION('',(1.4033219031262E-14,1.,1.89326617253043E-31));
#4458=DIRECTION('center_axis',(0.,0.,1.));
#4459=DIRECTION('ref_axis',(1.,-1.77635683940025E-14,0.));
#4460=DIRECTION('',(-1.,1.41658836559767E-14,0.));
#4461=DIRECTION('center_axis',(1.55575381946528E-59,1.75162308040602E-45,
-1.));
#4462=DIRECTION('ref_axis',(-8.88178419700123E-15,-1.,-1.75162308040602E-45));
#4463=DIRECTION('',(-1.,1.394102835985E-14,5.04542716172626E-47));
#4464=DIRECTION('center_axis',(-2.36658271566304E-30,3.54703673782221E-44,
-1.));
#4465=DIRECTION('ref_axis',(-1.,1.49880108324397E-14,2.36658271566304E-30));
#4466=DIRECTION('',(1.4033219031262E-14,1.,-1.89326617253043E-31));
#4467=DIRECTION('center_axis',(0.,0.,-1.));
#4468=DIRECTION('ref_axis',(1.11022302462515E-15,1.,0.));
#4469=DIRECTION('',(1.,-1.41658836559767E-14,0.));
#4470=DIRECTION('center_axis',(0.,0.,-1.));
#4471=DIRECTION('ref_axis',(1.,-1.99840144432529E-14,0.));
#4472=DIRECTION('',(-1.3855583347322E-14,-1.,-1.26217744835362E-31));
#4473=DIRECTION('center_axis',(-2.4460823205056E-15,0.,-1.));
#4474=DIRECTION('ref_axis',(1.,-6.11520580126401E-16,-2.4460823205056E-15));
#4475=DIRECTION('',(1.,-1.394102835985E-14,-2.4460823205056E-15));
#4476=DIRECTION('',(0.,-1.,0.));
#4477=DIRECTION('',(0.,-1.,0.));
#4478=DIRECTION('center_axis',(0.,-1.,0.));
#4479=DIRECTION('ref_axis',(-1.57768535078291E-14,0.,-1.));
#4480=DIRECTION('center_axis',(-1.394102835985E-14,-1.,0.));
#4481=DIRECTION('ref_axis',(-1.57768535078291E-14,0.,-1.));
#4482=DIRECTION('',(0.,-1.,0.));
#4483=DIRECTION('center_axis',(0.725704979437327,0.,-0.688006019464851));
#4484=DIRECTION('ref_axis',(0.688006019464851,1.85863842489224E-30,0.725704979437327));
#4485=DIRECTION('',(0.688006019464851,-9.59151142910696E-15,0.725704979437327));
#4486=DIRECTION('',(0.,-1.,0.));
#4487=DIRECTION('center_axis',(0.,-1.,0.));
#4488=DIRECTION('ref_axis',(0.725704979437348,0.,-0.688006019464828));
#4489=DIRECTION('center_axis',(-1.394102835985E-14,-1.,0.));
#4490=DIRECTION('ref_axis',(0.725704979437348,0.,-0.688006019464828));
#4491=DIRECTION('',(0.,-1.,0.));
#4492=DIRECTION('center_axis',(1.,0.,-7.88392513684712E-16));
#4493=DIRECTION('ref_axis',(7.88392513684712E-16,-3.63206074245948E-31,
1.));
#4494=DIRECTION('',(7.88392513684712E-16,-1.0991002391972E-29,1.));
#4495=DIRECTION('',(0.,-1.,0.));
#4496=DIRECTION('center_axis',(0.,-1.,0.));
#4497=DIRECTION('ref_axis',(1.,0.,-3.40920274467306E-11));
#4498=DIRECTION('center_axis',(-1.394102835985E-14,-1.,0.));
#4499=DIRECTION('ref_axis',(1.,0.,-3.40920274467306E-11));
#4500=DIRECTION('',(0.,-1.,0.));
#4501=DIRECTION('center_axis',(0.,0.,1.));
#4502=DIRECTION('ref_axis',(-1.,1.9825411154011E-16,0.));
#4503=DIRECTION('',(-1.,1.394102835985E-14,0.));
#4504=DIRECTION('',(0.,1.,0.));
#4505=DIRECTION('center_axis',(0.,-1.,0.));
#4506=DIRECTION('ref_axis',(-0.725704979437337,0.,-0.68800601946484));
#4507=DIRECTION('center_axis',(-1.394102835985E-14,-1.,0.));
#4508=DIRECTION('ref_axis',(-0.725704979437337,0.,-0.68800601946484));
#4509=DIRECTION('',(0.,-1.,0.));
#4510=DIRECTION('center_axis',(-0.725704979437339,0.,-0.688006019464838));
#4511=DIRECTION('ref_axis',(0.688006019464838,2.15349876994962E-30,-0.725704979437339));
#4512=DIRECTION('',(0.688006019464838,-9.59151142910679E-15,-0.725704979437339));
#4513=DIRECTION('',(0.,-1.,0.));
#4514=DIRECTION('center_axis',(0.,-1.,0.));
#4515=DIRECTION('ref_axis',(-1.,0.,0.));
#4516=DIRECTION('center_axis',(-1.394102835985E-14,-1.,0.));
#4517=DIRECTION('ref_axis',(-1.,0.,0.));
#4518=DIRECTION('',(0.,-1.,0.));
#4519=DIRECTION('center_axis',(-1.,0.,1.68190402926787E-15));
#4520=DIRECTION('ref_axis',(-1.68190402926787E-15,1.69999488813808E-25,
-1.));
#4521=DIRECTION('',(-1.68190402926787E-15,2.34474717705693E-29,-1.));
#4522=DIRECTION('',(0.,-1.,0.));
#4523=DIRECTION('center_axis',(0.,-1.,0.));
#4524=DIRECTION('ref_axis',(-1.14341284981177E-11,0.,1.));
#4525=DIRECTION('center_axis',(-1.394102835985E-14,-1.,0.));
#4526=DIRECTION('ref_axis',(-1.14341284981177E-11,0.,1.));
#4527=DIRECTION('center_axis',(0.,0.,-1.));
#4528=DIRECTION('ref_axis',(1.,-6.115205801264E-16,0.));
#4529=DIRECTION('',(1.,-1.394102835985E-14,0.));
#4530=DIRECTION('',(0.,-1.,0.));
#4531=DIRECTION('',(0.,-1.,0.));
#4532=DIRECTION('center_axis',(0.,-1.,0.));
#4533=DIRECTION('ref_axis',(-1.16865581539474E-14,0.,-1.));
#4534=DIRECTION('center_axis',(-1.394102835985E-14,-1.,0.));
#4535=DIRECTION('ref_axis',(-1.16865581539474E-14,0.,-1.));
#4536=DIRECTION('',(0.,-1.,0.));
#4537=DIRECTION('center_axis',(0.725704979437329,0.,-0.688006019464849));
#4538=DIRECTION('ref_axis',(0.688006019464849,5.36247454702489E-16,0.725704979437329));
#4539=DIRECTION('',(0.688006019464849,-9.59151142910694E-15,0.725704979437329));
#4540=DIRECTION('',(0.,-1.,0.));
#4541=DIRECTION('center_axis',(0.,-1.,0.));
#4542=DIRECTION('ref_axis',(0.725704979437343,0.,-0.688006019464834));
#4543=DIRECTION('center_axis',(-1.394102835985E-14,-1.,0.));
#4544=DIRECTION('ref_axis',(0.725704979437343,0.,-0.688006019464834));
#4545=DIRECTION('',(0.,-1.,0.));
#4546=DIRECTION('center_axis',(1.,0.,0.));
#4547=DIRECTION('ref_axis',(0.,1.28837535830641E-15,1.));
#4548=DIRECTION('',(0.,0.,1.));
#4549=DIRECTION('',(0.,-1.,0.));
#4550=DIRECTION('center_axis',(0.,-1.,0.));
#4551=DIRECTION('ref_axis',(1.,0.,-3.40920274467307E-11));
#4552=DIRECTION('center_axis',(-1.394102835985E-14,-1.,0.));
#4553=DIRECTION('ref_axis',(1.,0.,-3.40920274467307E-11));
#4554=DIRECTION('',(0.,-1.,0.));
#4555=DIRECTION('center_axis',(7.93016446160438E-16,0.,1.));
#4556=DIRECTION('ref_axis',(-1.,5.5026569839787E-31,7.93016446160438E-16));
#4557=DIRECTION('',(-1.,1.394102835985E-14,7.93016446160438E-16));
#4558=DIRECTION('',(0.,1.,0.));
#4559=DIRECTION('center_axis',(0.,-1.,0.));
#4560=DIRECTION('ref_axis',(-0.725704979437339,0.,-0.688006019464838));
#4561=DIRECTION('center_axis',(-1.394102835985E-14,-1.,0.));
#4562=DIRECTION('ref_axis',(-0.725704979437339,0.,-0.688006019464838));
#4563=DIRECTION('',(0.,-1.,0.));
#4564=DIRECTION('center_axis',(-0.725704979437338,0.,-0.68800601946484));
#4565=DIRECTION('ref_axis',(0.68800601946484,2.15349876994964E-30,-0.725704979437338));
#4566=DIRECTION('',(0.68800601946484,-9.59151142910681E-15,-0.725704979437338));
#4567=DIRECTION('',(0.,-1.,0.));
#4568=DIRECTION('center_axis',(0.,-1.,0.));
#4569=DIRECTION('ref_axis',(-1.,0.,9.34924652315932E-15));
#4570=DIRECTION('center_axis',(-1.394102835985E-14,-1.,0.));
#4571=DIRECTION('ref_axis',(-1.,0.,9.34924652315932E-15));
#4572=DIRECTION('',(0.,-1.,0.));
#4573=DIRECTION('center_axis',(-1.,0.,0.));
#4574=DIRECTION('ref_axis',(0.,5.04209654394661E-31,-1.));
#4575=DIRECTION('',(0.,0.,-1.));
#4576=DIRECTION('',(0.,-1.,0.));
#4577=DIRECTION('center_axis',(0.,-1.,0.));
#4578=DIRECTION('ref_axis',(-1.14317911864868E-11,0.,1.));
#4579=DIRECTION('center_axis',(-1.394102835985E-14,-1.,0.));
#4580=DIRECTION('ref_axis',(-1.14317911864868E-11,0.,1.));
#4581=DIRECTION('center_axis',(0.,-1.,0.));
#4582=DIRECTION('ref_axis',(-1.,0.,0.));
#4583=DIRECTION('center_axis',(-1.394102835985E-14,-1.,0.));
#4584=DIRECTION('ref_axis',(-1.,0.,0.));
#4585=DIRECTION('',(0.,-1.,0.));
#4586=DIRECTION('',(0.,-1.,0.));
#4587=DIRECTION('center_axis',(-7.00456166955934E-16,0.,-1.));
#4588=DIRECTION('ref_axis',(1.,5.83246923221371E-31,-7.00456166955934E-16));
#4589=DIRECTION('',(1.,-1.394102835985E-14,-7.00456166955934E-16));
#4590=DIRECTION('',(0.,-1.,0.));
#4591=DIRECTION('center_axis',(0.,-1.,0.));
#4592=DIRECTION('ref_axis',(0.,0.,-1.));
#4593=DIRECTION('center_axis',(-1.394102835985E-14,-1.,0.));
#4594=DIRECTION('ref_axis',(0.,0.,-1.));
#4595=DIRECTION('',(0.,-1.,0.));
#4596=DIRECTION('center_axis',(1.,0.,-7.93016446160832E-15));
#4597=DIRECTION('ref_axis',(7.93016446160832E-15,-3.77788534382223E-30,
1.));
#4598=DIRECTION('',(7.93016446160832E-15,-1.10554647657556E-28,1.));
#4599=DIRECTION('',(0.,-1.,0.));
#4600=DIRECTION('center_axis',(0.,-1.,0.));
#4601=DIRECTION('ref_axis',(1.,0.,-2.46716227694479E-15));
#4602=DIRECTION('center_axis',(-1.394102835985E-14,-1.,0.));
#4603=DIRECTION('ref_axis',(1.,0.,-2.46716227694479E-15));
#4604=DIRECTION('',(0.,1.,0.));
#4605=DIRECTION('center_axis',(-1.,0.,7.93016446160825E-15));
#4606=DIRECTION('ref_axis',(-7.93016446160825E-15,-8.52418221357084E-30,
-1.));
#4607=DIRECTION('',(-7.93016446160825E-15,1.10554647657555E-28,-1.));
#4608=DIRECTION('',(0.,-1.,0.));
#4609=DIRECTION('center_axis',(0.,-1.,0.));
#4610=DIRECTION('ref_axis',(0.,0.,1.));
#4611=DIRECTION('center_axis',(-1.394102835985E-14,-1.,0.));
#4612=DIRECTION('ref_axis',(0.,0.,1.));
#4613=DIRECTION('',(0.,-1.,0.));
#4614=DIRECTION('center_axis',(0.,0.,1.));
#4615=DIRECTION('ref_axis',(-1.,-3.23029065166495E-31,0.));
#4616=DIRECTION('',(-1.,1.394102835985E-14,0.));
#4617=DIRECTION('center_axis',(-1.,0.,2.8353388013504E-14));
#4618=DIRECTION('ref_axis',(2.51214793389405E-14,-0.707106781186559,0.707106781186536));
#4619=DIRECTION('',(-1.,0.,2.8353388013504E-14));
#4620=DIRECTION('',(1.,0.,-2.8353388013504E-14));
#4621=DIRECTION('center_axis',(-3.07452121654195E-28,-1.,-1.08435761365719E-14));
#4622=DIRECTION('ref_axis',(-5.61593537905454E-31,-1.08435761365719E-14,
1.));
#4623=DIRECTION('',(1.33226762955019E-14,-1.11022302462516E-14,1.));
#4624=DIRECTION('',(-1.,0.,2.8353388013504E-14));
#4625=DIRECTION('',(0.,0.,-1.));
#4626=DIRECTION('center_axis',(-1.,0.,2.8353388013504E-14));
#4627=DIRECTION('ref_axis',(2.51214793389405E-14,0.707106781186548,0.707106781186548));
#4628=DIRECTION('center_axis',(1.,-1.4033219031262E-14,-1.3322676295502E-14));
#4629=DIRECTION('ref_axis',(2.51214793389405E-14,0.707106781186548,0.707106781186548));
#4630=DIRECTION('',(-1.,0.,2.8353388013504E-14));
#4631=DIRECTION('center_axis',(-1.,1.3855583347322E-14,0.));
#4632=DIRECTION('ref_axis',(2.51214793389405E-14,0.707106781186548,0.707106781186548));
#4633=DIRECTION('',(1.,0.,-2.8353388013504E-14));
#4634=DIRECTION('center_axis',(2.8353388013504E-14,-1.07657990266682E-14,
1.));
#4635=DIRECTION('ref_axis',(-5.55654143311906E-16,1.,1.07657990266682E-14));
#4636=DIRECTION('center_axis',(-2.8353388013504E-14,1.07657990266682E-14,
-1.));
#4637=DIRECTION('ref_axis',(-8.88178419700123E-15,-1.,0.));
#4638=DIRECTION('',(-1.3855583347322E-14,-1.,-1.07657990266678E-14));
#4639=DIRECTION('',(1.40332190312621E-14,1.,1.07657990266678E-14));
#4640=DIRECTION('center_axis',(2.8353388013504E-14,-1.07657990266682E-14,
1.));
#4641=DIRECTION('ref_axis',(1.,-1.62832710278356E-14,-1.33226762955021E-14));
#4642=DIRECTION('center_axis',(1.,0.,0.));
#4643=DIRECTION('ref_axis',(0.,-0.707106781186549,0.707106781186546));
#4644=DIRECTION('center_axis',(-1.,1.3855583347322E-14,0.));
#4645=DIRECTION('ref_axis',(0.,-0.707106781186549,0.707106781186546));
#4646=DIRECTION('',(1.,0.,0.));
#4647=DIRECTION('center_axis',(1.,-1.4033219031262E-14,-1.3322676295502E-14));
#4648=DIRECTION('ref_axis',(0.,-0.707106781186549,0.707106781186546));
#4649=DIRECTION('',(-1.,0.,0.));
#4650=DIRECTION('center_axis',(0.,0.,1.));
#4651=DIRECTION('ref_axis',(0.,-1.,0.));
#4652=DIRECTION('',(-1.3855583347322E-14,-1.,0.));
#4653=DIRECTION('',(-1.,0.,0.));
#4654=DIRECTION('',(1.4033219031262E-14,1.,0.));
#4655=DIRECTION('center_axis',(-1.,0.,0.));
#4656=DIRECTION('ref_axis',(0.,0.707106781186548,0.707106781186548));
#4657=DIRECTION('center_axis',(1.,-1.4033219031262E-14,-1.3322676295502E-14));
#4658=DIRECTION('ref_axis',(0.,0.707106781186548,0.707106781186548));
#4659=DIRECTION('center_axis',(-1.,1.3855583347322E-14,0.));
#4660=DIRECTION('ref_axis',(0.,0.707106781186548,0.707106781186548));
#4661=DIRECTION('',(1.,0.,0.));
#4662=DIRECTION('center_axis',(-1.1842378929335E-14,1.63869740611866E-28,
-1.));
#4663=DIRECTION('ref_axis',(-1.39707960915799E-14,-1.,1.57772064909535E-30));
#4664=DIRECTION('center_axis',(1.1842378929335E-14,-1.63869740611866E-28,
1.));
#4665=DIRECTION('ref_axis',(1.,-1.99840144432529E-14,0.));
#4666=DIRECTION('',(1.3855583347322E-14,1.,-2.13327674104247E-31));
#4667=DIRECTION('',(-1.,-1.1842378929335E-14,1.1842378929335E-14));
#4668=DIRECTION('',(-1.4033219031262E-14,-1.,2.31695675469365E-30));
#4669=DIRECTION('center_axis',(-1.1842378929335E-14,1.63869740611866E-28,
-1.));
#4670=DIRECTION('ref_axis',(1.33226762955021E-14,1.,1.11022302462514E-14));
#4671=DIRECTION('',(-1.,-1.1842378929335E-14,1.1842378929335E-14));
#4672=DIRECTION('center_axis',(-1.1842378929335E-14,1.,3.53175959922795E-28));
#4673=DIRECTION('ref_axis',(-1.37431245975923E-14,1.90424670765042E-28,
-1.));
#4674=DIRECTION('',(-1.33226762955019E-14,1.11022302462516E-14,-1.));
#4675=DIRECTION('',(-1.,-1.1842378929335E-14,1.1842378929335E-14));
#4676=DIRECTION('',(0.,0.,1.));
#4677=DIRECTION('center_axis',(-1.33226762955019E-14,1.11022302462516E-14,
-1.));
#4678=DIRECTION('ref_axis',(1.33226762955021E-14,1.,1.11022302462514E-14));
#4679=DIRECTION('',(-1.33226762955019E-14,1.11022302462516E-14,-1.));
#4680=DIRECTION('',(-1.33226762955019E-14,1.11022302462516E-14,-1.));
#4681=DIRECTION('center_axis',(1.22124532708767E-14,-1.69625796532799E-28,
1.));
#4682=DIRECTION('ref_axis',(1.33226762955021E-14,1.,1.11022302462514E-14));
#4683=DIRECTION('',(-1.33226762955019E-14,1.11022302462516E-14,-1.));
#4684=DIRECTION('center_axis',(1.18423789293351E-14,-8.88178419700134E-15,
1.));
#4685=DIRECTION('ref_axis',(1.33226762955021E-14,1.,1.11022302462514E-14));
#4686=DIRECTION('',(-1.33226762955019E-14,1.11022302462516E-14,-1.));
#4687=DIRECTION('center_axis',(-1.18423789293351E-14,8.88178419700152E-15,
-1.));
#4688=DIRECTION('ref_axis',(1.33226762955021E-14,1.,1.11022302462514E-14));
#4689=DIRECTION('',(-1.33226762955019E-14,1.11022302462516E-14,-1.));
#4690=DIRECTION('center_axis',(0.,0.,1.));
#4691=DIRECTION('ref_axis',(1.,-1.99840144432529E-14,0.));
#4692=DIRECTION('center_axis',(1.18423789293351E-14,-8.88178419700152E-15,
1.));
#4693=DIRECTION('ref_axis',(1.,-1.99840144432529E-14,0.));
#4694=DIRECTION('',(0.,0.,1.));
#4695=DIRECTION('center_axis',(-1.18423789293351E-14,8.88178419700134E-15,
-1.));
#4696=DIRECTION('ref_axis',(1.,-1.99840144432529E-14,0.));
#4697=DIRECTION('',(0.,0.,1.));
#4698=DIRECTION('center_axis',(-1.1842378929335E-14,1.64597199242209E-28,
-1.));
#4699=DIRECTION('ref_axis',(1.,-1.99840144432529E-14,0.));
#4700=DIRECTION('',(0.,0.,1.));
#4701=DIRECTION('',(0.,0.,1.));
#4702=DIRECTION('center_axis',(1.39659253553725E-14,-1.09634523681736E-14,
1.));
#4703=DIRECTION('ref_axis',(1.,-1.99840144432529E-14,0.));
#4704=DIRECTION('',(0.,0.,1.));
#4705=DIRECTION('center_axis',(0.,-1.,0.));
#4706=DIRECTION('ref_axis',(0.,0.,-1.));
#4707=DIRECTION('',(1.3322676295502E-14,0.,1.));
#4708=DIRECTION('',(1.,0.,0.));
#4709=DIRECTION('',(0.,0.,-1.));
#4710=DIRECTION('center_axis',(0.,0.,-1.));
#4711=DIRECTION('ref_axis',(-8.01696342700407E-33,1.,0.));
#4712=DIRECTION('',(1.3855583347322E-14,1.,0.));
#4713=DIRECTION('',(-1.4033219031262E-14,-1.,0.));
#4714=DIRECTION('',(1.,0.,0.));
#4715=DIRECTION('center_axis',(0.,1.,0.));
#4716=DIRECTION('ref_axis',(6.90032718680989E-33,0.,1.));
#4717=DIRECTION('',(0.,0.,1.));
#4718=DIRECTION('',(-1.3322676295502E-14,0.,-1.));
#4719=DIRECTION('center_axis',(1.1842378929335E-14,-1.64597199242209E-28,
1.));
#4720=DIRECTION('ref_axis',(1.35880733304598E-14,1.,3.68208594331314E-30));
#4721=DIRECTION('',(-1.,-1.1842378929335E-14,1.1842378929335E-14));
#4722=DIRECTION('',(1.4033219031262E-14,1.,-1.7542351264656E-30));
#4723=DIRECTION('',(-1.,-1.1842378929335E-14,1.1842378929335E-14));
#4724=DIRECTION('',(-1.3855583347322E-14,-1.,-5.14130956238312E-31));
#4725=DIRECTION('center_axis',(1.18423789293351E-14,-8.88178419700134E-15,
1.));
#4726=DIRECTION('ref_axis',(1.49576610023574E-14,1.,8.88178419700116E-15));
#4727=DIRECTION('',(-1.,-1.1842378929335E-14,1.1842378929335E-14));
#4728=DIRECTION('',(-1.,-1.1842378929335E-14,1.1842378929335E-14));
#4729=DIRECTION('center_axis',(-1.18423789293349E-14,1.,6.66133814774856E-15));
#4730=DIRECTION('ref_axis',(-1.37431245975922E-14,6.6613381477484E-15,-1.));
#4731=DIRECTION('',(-1.,-1.1842378929335E-14,1.1842378929335E-14));
#4732=DIRECTION('center_axis',(-1.1842378929335E-14,1.,3.53175959922795E-28));
#4733=DIRECTION('ref_axis',(-1.37431245975923E-14,1.90424670765042E-28,
-1.));
#4734=DIRECTION('',(-1.,-1.1842378929335E-14,1.1842378929335E-14));
#4735=DIRECTION('center_axis',(-1.18423789293351E-14,8.88178419700152E-15,
-1.));
#4736=DIRECTION('ref_axis',(-2.1284171622449E-15,-1.,-8.8817841970015E-15));
#4737=DIRECTION('center_axis',(-1.,-1.1842378929335E-14,1.1842378929335E-14));
#4738=DIRECTION('ref_axis',(-1.18423789293347E-14,1.,2.53765262771466E-14));
#4739=DIRECTION('center_axis',(-1.,-1.1842378929335E-14,1.1842378929335E-14));
#4740=DIRECTION('ref_axis',(1.18423789293352E-14,-1.903239470786E-14,1.));
#4741=DIRECTION('center_axis',(1.,-1.3855583347322E-14,0.));
#4742=DIRECTION('ref_axis',(1.18423789293352E-14,-1.903239470786E-14,1.));
#4743=DIRECTION('center_axis',(-1.,1.4033219031262E-14,1.3322676295502E-14));
#4744=DIRECTION('ref_axis',(1.22124532708769E-14,-1.903239470786E-14,1.));
#4745=DIRECTION('',(-1.,-1.1842378929335E-14,1.1842378929335E-14));
#4746=DIRECTION('center_axis',(1.1842378929335E-14,-1.,-3.61950735462839E-28));
#4747=DIRECTION('ref_axis',(1.40830585860666E-14,-1.95173819202614E-28,
1.));
#4748=DIRECTION('',(5.01503858282985E-42,3.61950735462839E-28,-1.));
#4749=DIRECTION('',(1.3322676295502E-14,-2.03615758467634E-28,1.));
#4750=DIRECTION('',(-1.,-1.1842378929335E-14,1.1842378929335E-14));
#4751=DIRECTION('center_axis',(1.18423789293351E-14,-8.88178419700139E-15,
1.));
#4752=DIRECTION('ref_axis',(1.14155225146786E-15,1.,8.88178419700138E-15));
#4753=DIRECTION('',(-1.3855583347322E-14,-1.,-8.88178419700123E-15));
#4754=DIRECTION('',(1.40332190312621E-14,1.,8.88178419700122E-15));
#4755=DIRECTION('',(-1.,-1.1842378929335E-14,1.1842378929335E-14));
#4756=DIRECTION('center_axis',(1.18423789293349E-14,-1.,-8.88178419699804E-15));
#4757=DIRECTION('ref_axis',(1.63336449883829E-14,-8.88178419699784E-15,
1.));
#4758=DIRECTION('',(1.23062301214433E-28,8.88178419699804E-15,-1.));
#4759=DIRECTION('',(1.33226762955019E-14,-8.88178419699788E-15,1.));
#4760=DIRECTION('',(-1.,-1.1842378929335E-14,1.1842378929335E-14));
#4761=DIRECTION('center_axis',(-1.18423789293351E-14,8.88178419700134E-15,
-1.));
#4762=DIRECTION('ref_axis',(-1.397079609158E-14,-1.,-8.88178419700118E-15));
#4763=DIRECTION('',(1.3855583347322E-14,1.,8.88178419700118E-15));
#4764=DIRECTION('',(-1.40332190312621E-14,-1.,-8.88178419700118E-15));
#4765=DIRECTION('',(-1.,-1.1842378929335E-14,1.1842378929335E-14));
#4766=DIRECTION('center_axis',(1.1842378929335E-14,-1.,-3.61950735462839E-28));
#4767=DIRECTION('ref_axis',(1.40830585860666E-14,-1.95173819202614E-28,
1.));
#4768=DIRECTION('',(5.01503858282985E-42,3.61950735462839E-28,-1.));
#4769=DIRECTION('',(1.3322676295502E-14,1.57772181044204E-28,1.));
#4770=DIRECTION('center_axis',(-2.8353388013504E-14,1.0449157878825E-14,
-1.));
#4771=DIRECTION('ref_axis',(-1.08758396858064E-31,-1.,-1.0449157878825E-14));
#4772=DIRECTION('center_axis',(-2.8353388013504E-14,1.0449157878825E-14,
-1.));
#4773=DIRECTION('ref_axis',(1.,-1.62832710278356E-14,-1.33226762955021E-14));
#4774=DIRECTION('',(-1.,0.,2.8353388013504E-14));
#4775=DIRECTION('center_axis',(2.8353388013504E-14,-1.0449157878825E-14,
1.));
#4776=DIRECTION('ref_axis',(-8.88178419700123E-15,-1.,0.));
#4777=DIRECTION('center_axis',(-3.14785841987233E-28,-1.,-1.11022302462517E-14));
#4778=DIRECTION('ref_axis',(2.82800189862023E-14,-1.11022302462517E-14,
1.));
#4779=DIRECTION('',(1.33226762955019E-14,-1.11022302462516E-14,1.));
#4780=DIRECTION('',(-1.,0.,2.8353388013504E-14));
#4781=DIRECTION('',(0.,0.,-1.));
#4782=DIRECTION('center_axis',(-2.8353388013504E-14,1.36642833800013E-14,
-1.));
#4783=DIRECTION('ref_axis',(1.36642833800017E-14,-1.,-1.36642833800017E-14));
#4784=DIRECTION('',(1.3855583347322E-14,1.,1.36642833800009E-14));
#4785=DIRECTION('',(-1.,0.,2.8353388013504E-14));
#4786=DIRECTION('',(-1.40332190312622E-14,-1.,-1.36642833800009E-14));
#4787=DIRECTION('',(-1.,0.,2.8353388013504E-14));
#4788=DIRECTION('center_axis',(3.20427165320335E-28,1.,1.13011949460052E-14));
#4789=DIRECTION('ref_axis',(2.05382915874695E-17,1.13011949460052E-14,-1.));
#4790=DIRECTION('',(-1.56584648498709E-28,-1.13011949460052E-14,1.));
#4791=DIRECTION('',(-1.33226762955019E-14,1.13011949460052E-14,-1.));
#4792=DIRECTION('center_axis',(-2.8353388013504E-14,9.92378122569978E-15,
-1.));
#4793=DIRECTION('ref_axis',(-1.84320421697779E-15,-1.,-9.92378122569973E-15));
#4794=DIRECTION('center_axis',(-2.8353388013504E-14,9.92378122569978E-15,
-1.));
#4795=DIRECTION('ref_axis',(1.,-1.62832710278356E-14,-1.33226762955021E-14));
#4796=DIRECTION('',(-1.40332190312621E-14,-1.,-9.92378122569938E-15));
#4797=DIRECTION('',(-1.,0.,2.8353388013504E-14));
#4798=DIRECTION('',(1.3855583347322E-14,1.,9.92378122569939E-15));
#4799=DIRECTION('center_axis',(2.8353388013504E-14,-9.92378122569978E-15,
1.));
#4800=DIRECTION('ref_axis',(-8.88178419700123E-15,-1.,0.));
#4801=DIRECTION('center_axis',(1.79877623992703E-28,1.,6.34413156928658E-15));
#4802=DIRECTION('ref_axis',(8.64577465318186E-30,6.34413156928658E-15,-1.));
#4803=DIRECTION('',(-8.79016437246267E-29,-6.34413156928658E-15,1.));
#4804=DIRECTION('',(-1.33226762955019E-14,6.34413156928658E-15,-1.));
#4805=DIRECTION('center_axis',(-1.33226762955019E-14,1.11022302462516E-14,
-1.));
#4806=DIRECTION('ref_axis',(1.,-1.62832710278356E-14,-1.33226762955021E-14));
#4807=DIRECTION('',(-1.33226762955019E-14,1.11022302462516E-14,-1.));
#4808=DIRECTION('',(-1.33226762955019E-14,1.11022302462516E-14,-1.));
#4809=DIRECTION('center_axis',(0.,0.,1.));
#4810=DIRECTION('ref_axis',(-8.88178419700123E-15,-1.,0.));
#4811=DIRECTION('',(0.,0.,1.));
#4812=DIRECTION('center_axis',(1.39659253553725E-14,-1.09634523681736E-14,
1.));
#4813=DIRECTION('ref_axis',(-8.88178419700123E-15,-1.,0.));
#4814=DIRECTION('',(0.,0.,1.));
#4815=DIRECTION('',(0.,0.,1.));
#4816=DIRECTION('center_axis',(-1.,1.3855583347322E-14,0.));
#4817=DIRECTION('ref_axis',(-1.3855583347322E-14,-1.,-1.26217744835362E-31));
#4818=DIRECTION('',(1.3855583347322E-14,1.,1.09634523681734E-14));
#4819=DIRECTION('center_axis',(-1.41658836559767E-14,-1.,0.));
#4820=DIRECTION('ref_axis',(1.,-1.41658836559767E-14,0.));
#4821=DIRECTION('',(-1.,1.41658836559767E-14,1.39659253553727E-14));
#4822=DIRECTION('',(0.,0.,1.));
#4823=DIRECTION('center_axis',(0.,0.,1.));
#4824=DIRECTION('ref_axis',(1.11022302462515E-15,1.,0.));
#4825=DIRECTION('center_axis',(1.39659253553725E-14,-1.09634523681736E-14,
1.));
#4826=DIRECTION('ref_axis',(1.11022302462515E-15,1.,0.));
#4827=DIRECTION('',(0.,0.,1.));
#4828=DIRECTION('center_axis',(1.,-1.4033219031262E-14,0.));
#4829=DIRECTION('ref_axis',(1.4033219031262E-14,1.,-1.89326617253043E-31));
#4830=DIRECTION('',(-1.4033219031262E-14,-1.,-1.09634523681734E-14));
#4831=DIRECTION('',(0.,0.,1.));
#4832=DIRECTION('center_axis',(0.,0.,1.));
#4833=DIRECTION('ref_axis',(-1.,1.49880108324397E-14,0.));
#4834=DIRECTION('center_axis',(1.39659253553725E-14,-1.09634523681736E-14,
1.));
#4835=DIRECTION('ref_axis',(-1.,1.49880108324397E-14,0.));
#4836=DIRECTION('',(0.,0.,1.));
#4837=DIRECTION('center_axis',(1.394102835985E-14,1.,0.));
#4838=DIRECTION('ref_axis',(-1.,1.394102835985E-14,5.04542716172626E-47));
#4839=DIRECTION('',(1.,-1.394102835985E-14,-1.39659253553727E-14));
#4840=DIRECTION('center_axis',(0.,0.,1.));
#4841=DIRECTION('ref_axis',(-1.,0.,0.));
#4842=DIRECTION('center_axis',(-1.57772181044205E-30,-1.577721810442E-30,
1.));
#4843=DIRECTION('ref_axis',(-1.,0.,-1.57772181044205E-30));
#4844=DIRECTION('',(0.,0.,-1.));
#4845=DIRECTION('center_axis',(-1.39659253553725E-14,1.09634523681736E-14,
-1.));
#4846=DIRECTION('ref_axis',(-1.,0.,0.));
#4847=DIRECTION('center_axis',(-1.57772181044205E-30,-1.577721810442E-30,
1.));
#4848=DIRECTION('ref_axis',(-1.,0.,-1.57772181044205E-30));
#4849=DIRECTION('center_axis',(0.,0.,1.));
#4850=DIRECTION('ref_axis',(-1.,0.,0.));
#4851=DIRECTION('center_axis',(0.,0.,1.));
#4852=DIRECTION('ref_axis',(-1.,0.,0.));
#4853=DIRECTION('',(0.,0.,-1.));
#4854=DIRECTION('center_axis',(-1.39659253553725E-14,1.09634523681736E-14,
-1.));
#4855=DIRECTION('ref_axis',(-1.,0.,0.));
#4856=DIRECTION('center_axis',(0.,0.,1.));
#4857=DIRECTION('ref_axis',(-1.,0.,0.));
#4858=DIRECTION('center_axis',(0.,0.,1.));
#4859=DIRECTION('ref_axis',(-1.,0.,0.));
#4860=DIRECTION('center_axis',(-1.57772181044202E-30,2.20343450361763E-44,
1.));
#4861=DIRECTION('ref_axis',(-1.,0.,-1.57772181044202E-30));
#4862=DIRECTION('',(0.,0.,-1.));
#4863=DIRECTION('center_axis',(-1.39659253553725E-14,1.09634523681736E-14,
-1.));
#4864=DIRECTION('ref_axis',(-1.,0.,0.));
#4865=DIRECTION('center_axis',(-1.57772181044202E-30,2.20343450361763E-44,
1.));
#4866=DIRECTION('ref_axis',(-1.,0.,-1.57772181044202E-30));
#4867=DIRECTION('center_axis',(0.,0.,1.));
#4868=DIRECTION('ref_axis',(-1.,0.,0.));
#4869=DIRECTION('center_axis',(0.,0.,1.));
#4870=DIRECTION('ref_axis',(-1.,0.,0.));
#4871=DIRECTION('',(0.,0.,-1.));
#4872=DIRECTION('center_axis',(-1.39659253553725E-14,1.09634523681736E-14,
-1.));
#4873=DIRECTION('ref_axis',(-1.,0.,0.));
#4874=DIRECTION('center_axis',(0.,0.,1.));
#4875=DIRECTION('ref_axis',(-1.,0.,0.));
#4876=DIRECTION('center_axis',(1.,-1.4033219031262E-14,-1.3322676295502E-14));
#4877=DIRECTION('ref_axis',(-1.40332190312621E-14,-1.,-1.09634523681734E-14));
#4878=DIRECTION('center_axis',(1.41658836559768E-14,1.,1.11022302462514E-14));
#4879=DIRECTION('ref_axis',(1.,-1.41658836559767E-14,-1.39659253553727E-14));
#4880=DIRECTION('center_axis',(-1.39659253553725E-14,1.09634523681736E-14,
-1.));
#4881=DIRECTION('ref_axis',(-1.,0.,1.39659253553725E-14));
#4882=CARTESIAN_POINT('',(0.,0.,0.));
#4883=CARTESIAN_POINT('Origin',(19.0000000000007,49.6000000000009,20.9000000000003));
#4884=CARTESIAN_POINT('',(19.2500000000007,50.926649916143,24.3000000000003));
#4885=CARTESIAN_POINT('',(19.2500000000007,50.926649916143,25.6000000000003));
#4886=CARTESIAN_POINT('',(19.2500000000007,50.926649916143,20.9000000000003));
#4887=CARTESIAN_POINT('',(20.3500000000007,49.6000000000009,25.6000000000003));
#4888=CARTESIAN_POINT('Origin',(19.0000000000007,49.6000000000009,25.6000000000003));
#4889=CARTESIAN_POINT('',(20.3500000000007,49.6000000000009,23.6000000000003));
#4890=CARTESIAN_POINT('',(20.3500000000007,49.6000000000009,20.9000000000003));
#4891=CARTESIAN_POINT('Origin',(19.0000000000007,49.6000000000009,23.6000000000003));
#4892=CARTESIAN_POINT('',(19.2500000000007,48.2733500838587,25.6000000000003));
#4893=CARTESIAN_POINT('Origin',(19.0000000000007,49.6000000000009,25.6000000000003));
#4894=CARTESIAN_POINT('',(19.2500000000007,48.2733500838587,24.3000000000003));
#4895=CARTESIAN_POINT('',(19.2500000000007,48.2733500838587,20.9000000000003));
#4896=CARTESIAN_POINT('',(18.7500000000007,48.2733500838587,24.3000000000003));
#4897=CARTESIAN_POINT('Origin',(19.0000000000007,49.6000000000009,24.3000000000003));
#4898=CARTESIAN_POINT('',(18.7500000000007,48.2733500838587,25.6000000000003));
#4899=CARTESIAN_POINT('',(18.7500000000007,48.2733500838587,20.9000000000003));
#4900=CARTESIAN_POINT('',(18.7500000000007,50.926649916143,25.6000000000003));
#4901=CARTESIAN_POINT('Origin',(19.0000000000007,49.6000000000009,25.6000000000003));
#4902=CARTESIAN_POINT('',(18.7500000000007,50.926649916143,24.3000000000003));
#4903=CARTESIAN_POINT('',(18.7500000000007,50.926649916143,20.9000000000003));
#4904=CARTESIAN_POINT('Origin',(19.0000000000007,49.6000000000009,24.3000000000003));
#4905=CARTESIAN_POINT('Origin',(19.2500000000007,51.0790209309632,26.9000000000003));
#4906=CARTESIAN_POINT('',(19.2500000000007,51.1000000000008,24.3000000000003));
#4907=CARTESIAN_POINT('',(19.2500000000007,48.1209790690385,25.6000000000003));
#4908=CARTESIAN_POINT('',(19.2500000000007,50.339510465482,25.6000000000003));
#4909=CARTESIAN_POINT('',(19.2500000000007,48.1209790690385,26.4000000000003));
#4910=CARTESIAN_POINT('',(19.2500000000007,48.1209790690385,26.9000000000003));
#4911=CARTESIAN_POINT('',(19.2500000000007,48.6317531601833,26.9000000000003));
#4912=CARTESIAN_POINT('Ctrl Pts',(19.2500000000007,48.6317531601833,26.9000000000003));
#4913=CARTESIAN_POINT('Ctrl Pts',(19.2500000000007,48.4274434840308,26.7021779938873));
#4914=CARTESIAN_POINT('Ctrl Pts',(19.2500000000007,48.1209790690385,26.4000000000003));
#4915=CARTESIAN_POINT('',(19.2500000000007,50.5682468398184,26.9000000000003));
#4916=CARTESIAN_POINT('',(19.2500000000007,50.339510465482,26.9000000000003));
#4917=CARTESIAN_POINT('',(19.2500000000007,51.0790209309632,26.4000000000003));
#4918=CARTESIAN_POINT('Ctrl Pts',(19.2500000000007,51.0790209309632,26.4000000000003));
#4919=CARTESIAN_POINT('Ctrl Pts',(19.2500000000007,50.7725565159709,26.7021779938873));
#4920=CARTESIAN_POINT('Ctrl Pts',(19.2500000000007,50.5682468398184,26.9000000000003));
#4921=CARTESIAN_POINT('',(19.2500000000007,51.0790209309632,25.6000000000003));
#4922=CARTESIAN_POINT('',(19.2500000000007,51.0790209309632,26.9000000000003));
#4923=CARTESIAN_POINT('',(19.2500000000007,50.339510465482,25.6000000000003));
#4924=CARTESIAN_POINT('Origin',(18.7500000000007,48.1209790690385,26.9000000000003));
#4925=CARTESIAN_POINT('',(18.7500000000007,51.0790209309632,25.6000000000003));
#4926=CARTESIAN_POINT('',(18.7500000000007,48.8604895345197,25.6000000000003));
#4927=CARTESIAN_POINT('',(18.7500000000007,51.0790209309632,26.4000000000003));
#4928=CARTESIAN_POINT('',(18.7500000000007,51.0790209309632,26.9000000000003));
#4929=CARTESIAN_POINT('',(18.7500000000007,50.5682468398184,26.9000000000003));
#4930=CARTESIAN_POINT('Ctrl Pts',(18.7500000000007,50.5682468398184,26.9000000000003));
#4931=CARTESIAN_POINT('Ctrl Pts',(18.7500000000007,50.7725565159709,26.7021779938873));
#4932=CARTESIAN_POINT('Ctrl Pts',(18.7500000000007,51.0790209309632,26.4000000000003));
#4933=CARTESIAN_POINT('',(18.7500000000007,48.6317531601833,26.9000000000003));
#4934=CARTESIAN_POINT('',(18.7500000000007,48.8604895345197,26.9000000000003));
#4935=CARTESIAN_POINT('',(18.7500000000007,48.1209790690385,26.4000000000003));
#4936=CARTESIAN_POINT('Ctrl Pts',(18.7500000000007,48.1209790690385,26.4000000000003));
#4937=CARTESIAN_POINT('Ctrl Pts',(18.7500000000007,48.4274434840308,26.7021779938873));
#4938=CARTESIAN_POINT('Ctrl Pts',(18.7500000000007,48.6317531601833,26.9000000000003));
#4939=CARTESIAN_POINT('',(18.7500000000007,48.1209790690385,25.6000000000003));
#4940=CARTESIAN_POINT('',(18.7500000000007,48.1209790690385,26.9000000000003));
#4941=CARTESIAN_POINT('',(18.7500000000007,48.8604895345197,25.6000000000003));
#4942=CARTESIAN_POINT('',(18.7500000000007,48.1000000000009,24.3000000000003));
#4943=CARTESIAN_POINT('Origin',(19.0000000000007,49.6000000000009,24.3000000000003));
#4944=CARTESIAN_POINT('Origin',(19.0000000000007,49.6000000000009,25.6000000000003));
#4945=CARTESIAN_POINT('Origin',(19.0000000000007,49.6000000000009,25.6000000000003));
#4946=CARTESIAN_POINT('Origin',(19.0000000000007,49.6000000000009,25.6000000000003));
#4947=CARTESIAN_POINT('Origin',(19.0000000000007,49.6000000000009,25.6000000000003));
#4948=CARTESIAN_POINT('Origin',(19.0000000000007,49.6000000000009,26.9000000000003));
#4949=CARTESIAN_POINT('Origin',(19.0000000000007,49.6000000000009,26.9000000000003));
#4950=CARTESIAN_POINT('Origin',(19.0000000000007,49.6000000000009,26.9000000000003));
#4951=CARTESIAN_POINT('Origin',(19.0000000000007,49.6000000000009,26.9000000000003));
#4952=CARTESIAN_POINT('Origin',(19.0000000000007,49.6000000000009,26.9000000000003));
#4953=CARTESIAN_POINT('Origin',(19.0000000000007,49.6000000000009,26.4000000000003));
#4954=CARTESIAN_POINT('Origin',(19.0000000000007,49.6000000000009,26.9000000000003));
#4955=CARTESIAN_POINT('Origin',(19.0000000000007,49.6000000000009,26.4000000000003));
#4956=CARTESIAN_POINT('Origin',(19.0000000000007,49.6000000000009,26.6500000000003));
#4957=CARTESIAN_POINT('Origin',(19.0000000000007,49.6000000000009,26.6500000000003));
#4958=CARTESIAN_POINT('Origin',(-38.9999999999993,49.6000000000017,20.9000000000003));
#4959=CARTESIAN_POINT('',(-38.7499999999993,50.875735082219,24.3000000000003));
#4960=CARTESIAN_POINT('',(-38.7499999999993,50.875735082219,25.6000000000003));
#4961=CARTESIAN_POINT('',(-38.7499999999993,50.875735082219,20.9000000000003));
#4962=CARTESIAN_POINT('',(-37.6999999999993,49.6000000000017,25.6000000000003));
#4963=CARTESIAN_POINT('Origin',(-38.9999999999993,49.6000000000017,25.6000000000003));
#4964=CARTESIAN_POINT('',(-37.6999999999993,49.6000000000017,23.6000000000003));
#4965=CARTESIAN_POINT('',(-37.6999999999993,49.6000000000017,20.9000000000003));
#4966=CARTESIAN_POINT('Origin',(-38.9999999999993,49.6000000000017,23.6000000000003));
#4967=CARTESIAN_POINT('',(-38.7499999999993,48.3242649177844,25.6000000000003));
#4968=CARTESIAN_POINT('Origin',(-38.9999999999993,49.6000000000017,25.6000000000003));
#4969=CARTESIAN_POINT('',(-38.7499999999993,48.3242649177844,24.3000000000003));
#4970=CARTESIAN_POINT('',(-38.7499999999993,48.3242649177844,20.9000000000003));
#4971=CARTESIAN_POINT('',(-39.2499999999993,48.3242649177844,24.3000000000003));
#4972=CARTESIAN_POINT('Origin',(-38.9999999999993,49.6000000000017,24.3000000000003));
#4973=CARTESIAN_POINT('',(-39.2499999999993,48.3242649177844,25.6000000000003));
#4974=CARTESIAN_POINT('',(-39.2499999999993,48.3242649177844,20.9000000000003));
#4975=CARTESIAN_POINT('',(-39.2499999999993,50.875735082219,25.6000000000003));
#4976=CARTESIAN_POINT('Origin',(-38.9999999999993,49.6000000000017,25.6000000000003));
#4977=CARTESIAN_POINT('',(-39.2499999999993,50.875735082219,24.3000000000003));
#4978=CARTESIAN_POINT('',(-39.2499999999993,50.875735082219,20.9000000000003));
#4979=CARTESIAN_POINT('Origin',(-38.9999999999993,49.6000000000017,24.3000000000003));
#4980=CARTESIAN_POINT('Origin',(-38.7499999999993,51.0790199457766,26.9000000000003));
#4981=CARTESIAN_POINT('',(-38.7499999999993,51.1000000000017,24.3000000000003));
#4982=CARTESIAN_POINT('',(-38.7499999999993,48.1209800542268,25.6000000000003));
#4983=CARTESIAN_POINT('',(-38.7499999999993,50.3395099728891,25.6000000000003));
#4984=CARTESIAN_POINT('',(-38.7499999999993,48.1209800542268,26.4000000000003));
#4985=CARTESIAN_POINT('',(-38.7499999999993,48.1209800542268,26.9000000000003));
#4986=CARTESIAN_POINT('',(-38.7499999999993,48.6317541634498,26.9000000000003));
#4987=CARTESIAN_POINT('Ctrl Pts',(-38.7499999999993,48.6317541634498,26.9000000000003));
#4988=CARTESIAN_POINT('Ctrl Pts',(-38.7499999999993,48.4274445197605,26.7021780381307));
#4989=CARTESIAN_POINT('Ctrl Pts',(-38.7499999999993,48.1209800542268,26.4000000000003));
#4990=CARTESIAN_POINT('',(-38.7499999999993,50.5682458365535,26.9000000000003));
#4991=CARTESIAN_POINT('',(-38.7499999999993,50.3395099728891,26.9000000000003));
#4992=CARTESIAN_POINT('',(-38.7499999999993,51.0790199457766,26.4000000000003));
#4993=CARTESIAN_POINT('Ctrl Pts',(-38.7499999999993,51.0790199457766,26.4000000000003));
#4994=CARTESIAN_POINT('Ctrl Pts',(-38.7499999999993,50.7725554802429,26.7021780381307));
#4995=CARTESIAN_POINT('Ctrl Pts',(-38.7499999999993,50.5682458365535,26.9000000000003));
#4996=CARTESIAN_POINT('',(-38.7499999999993,51.0790199457766,25.6000000000003));
#4997=CARTESIAN_POINT('',(-38.7499999999993,51.0790199457766,26.9000000000003));
#4998=CARTESIAN_POINT('',(-38.7499999999993,50.3395099728891,25.6000000000003));
#4999=CARTESIAN_POINT('Origin',(-39.2499999999993,48.1209800542268,26.9000000000003));
#5000=CARTESIAN_POINT('',(-39.2499999999993,51.0790199457766,25.6000000000003));
#5001=CARTESIAN_POINT('',(-39.2499999999993,48.8604900271142,25.6000000000003));
#5002=CARTESIAN_POINT('',(-39.2499999999993,51.0790199457766,26.4000000000003));
#5003=CARTESIAN_POINT('',(-39.2499999999993,51.0790199457766,26.9000000000003));
#5004=CARTESIAN_POINT('',(-39.2499999999993,50.5682458365535,26.9000000000003));
#5005=CARTESIAN_POINT('Ctrl Pts',(-39.2499999999993,50.5682458365535,26.9000000000003));
#5006=CARTESIAN_POINT('Ctrl Pts',(-39.2499999999993,50.7725554802429,26.7021780381307));
#5007=CARTESIAN_POINT('Ctrl Pts',(-39.2499999999993,51.0790199457766,26.4000000000003));
#5008=CARTESIAN_POINT('',(-39.2499999999993,48.6317541634498,26.9000000000003));
#5009=CARTESIAN_POINT('',(-39.2499999999993,48.8604900271142,26.9000000000003));
#5010=CARTESIAN_POINT('',(-39.2499999999993,48.1209800542268,26.4000000000003));
#5011=CARTESIAN_POINT('Ctrl Pts',(-39.2499999999993,48.1209800542268,26.4000000000003));
#5012=CARTESIAN_POINT('Ctrl Pts',(-39.2499999999993,48.4274445197605,26.7021780381307));
#5013=CARTESIAN_POINT('Ctrl Pts',(-39.2499999999993,48.6317541634498,26.9000000000003));
#5014=CARTESIAN_POINT('',(-39.2499999999993,48.1209800542268,25.6000000000003));
#5015=CARTESIAN_POINT('',(-39.2499999999993,48.1209800542268,26.9000000000003));
#5016=CARTESIAN_POINT('',(-39.2499999999993,48.8604900271142,25.6000000000003));
#5017=CARTESIAN_POINT('',(-39.2499999999993,48.1000000000017,24.3000000000003));
#5018=CARTESIAN_POINT('Origin',(-38.9999999999993,49.6000000000017,24.3000000000003));
#5019=CARTESIAN_POINT('Origin',(-38.9999999999993,49.6000000000017,25.6000000000003));
#5020=CARTESIAN_POINT('Origin',(-38.9999999999993,49.6000000000017,25.6000000000003));
#5021=CARTESIAN_POINT('Origin',(-38.9999999999993,49.6000000000017,25.6000000000003));
#5022=CARTESIAN_POINT('Origin',(-38.9999999999993,49.6000000000017,25.6000000000003));
#5023=CARTESIAN_POINT('Origin',(-38.9999999999993,49.6000000000017,26.9000000000003));
#5024=CARTESIAN_POINT('Origin',(-38.9999999999993,49.6000000000017,26.9000000000003));
#5025=CARTESIAN_POINT('Origin',(-38.9999999999993,49.6000000000017,26.9000000000003));
#5026=CARTESIAN_POINT('Origin',(-38.9999999999993,49.6000000000017,26.9000000000003));
#5027=CARTESIAN_POINT('Origin',(-38.9999999999993,49.6000000000017,26.9000000000003));
#5028=CARTESIAN_POINT('Origin',(-38.9999999999993,49.6000000000017,26.4000000000003));
#5029=CARTESIAN_POINT('Origin',(-38.9999999999993,49.6000000000017,26.9000000000003));
#5030=CARTESIAN_POINT('Origin',(-38.9999999999993,49.6000000000017,26.4000000000003));
#5031=CARTESIAN_POINT('Origin',(-38.9999999999993,49.6000000000017,26.6500000000003));
#5032=CARTESIAN_POINT('Origin',(-38.9999999999993,49.6000000000017,26.6500000000003));
#5033=CARTESIAN_POINT('Origin',(-39.,0.600000000001685,20.9000000000003));
#5034=CARTESIAN_POINT('',(-38.75,1.92664991614384,24.3000000000003));
#5035=CARTESIAN_POINT('',(-38.75,1.92664991614384,25.6000000000003));
#5036=CARTESIAN_POINT('',(-38.75,1.92664991614384,20.9000000000003));
#5037=CARTESIAN_POINT('',(-37.65,0.600000000001686,25.6000000000003));
#5038=CARTESIAN_POINT('Origin',(-39.,0.600000000001685,25.6000000000003));
#5039=CARTESIAN_POINT('',(-37.65,0.600000000001685,23.6000000000003));
#5040=CARTESIAN_POINT('',(-37.65,0.600000000001686,20.9000000000003));
#5041=CARTESIAN_POINT('Origin',(-39.,0.600000000001685,23.6000000000003));
#5042=CARTESIAN_POINT('',(-38.75,-0.726649916140468,25.6000000000003));
#5043=CARTESIAN_POINT('Origin',(-39.,0.600000000001685,25.6000000000003));
#5044=CARTESIAN_POINT('',(-38.75,-0.726649916140468,24.3000000000003));
#5045=CARTESIAN_POINT('',(-38.75,-0.726649916140468,20.9000000000003));
#5046=CARTESIAN_POINT('',(-39.25,-0.726649916140468,24.3000000000003));
#5047=CARTESIAN_POINT('Origin',(-39.,0.600000000001685,24.3000000000003));
#5048=CARTESIAN_POINT('',(-39.25,-0.726649916140468,25.6000000000003));
#5049=CARTESIAN_POINT('',(-39.25,-0.726649916140468,20.9000000000003));
#5050=CARTESIAN_POINT('',(-39.25,1.92664991614384,25.6000000000003));
#5051=CARTESIAN_POINT('Origin',(-39.,0.600000000001685,25.6000000000003));
#5052=CARTESIAN_POINT('',(-39.25,1.92664991614384,24.3000000000003));
#5053=CARTESIAN_POINT('',(-39.25,1.92664991614384,20.9000000000003));
#5054=CARTESIAN_POINT('Origin',(-39.,0.600000000001685,24.3000000000003));
#5055=CARTESIAN_POINT('Origin',(-38.75,2.07901994577659,26.9000000000003));
#5056=CARTESIAN_POINT('',(-38.75,-0.899999999998315,24.3000000000003));
#5057=CARTESIAN_POINT('',(-38.75,-0.879019945773218,25.6000000000003));
#5058=CARTESIAN_POINT('',(-38.75,1.33950997288914,25.6000000000003));
#5059=CARTESIAN_POINT('',(-38.75,-0.879019945773217,26.4000000000003));
#5060=CARTESIAN_POINT('',(-38.75,-0.879019945773218,26.9000000000003));
#5061=CARTESIAN_POINT('',(-38.75,-0.368245836550166,26.9000000000003));
#5062=CARTESIAN_POINT('Ctrl Pts',(-38.75,-0.368245836550166,26.9000000000003));
#5063=CARTESIAN_POINT('Ctrl Pts',(-38.75,-0.572555480240347,26.7021780381298));
#5064=CARTESIAN_POINT('Ctrl Pts',(-38.75,-0.879019945773224,26.4000000000003));
#5065=CARTESIAN_POINT('',(-38.75,1.56824583655354,26.9000000000003));
#5066=CARTESIAN_POINT('',(-38.75,1.33950997288914,26.9000000000003));
#5067=CARTESIAN_POINT('',(-38.75,2.07901994577659,26.4000000000003));
#5068=CARTESIAN_POINT('Ctrl Pts',(-38.75,2.07901994577659,26.4000000000003));
#5069=CARTESIAN_POINT('Ctrl Pts',(-38.75,1.77255548024311,26.7021780381304));
#5070=CARTESIAN_POINT('Ctrl Pts',(-38.75,1.56824583655354,26.9000000000003));
#5071=CARTESIAN_POINT('',(-38.75,2.07901994577659,25.6000000000003));
#5072=CARTESIAN_POINT('',(-38.75,2.07901994577659,26.9000000000003));
#5073=CARTESIAN_POINT('',(-38.75,1.33950997288914,25.6000000000003));
#5074=CARTESIAN_POINT('Origin',(-39.25,-0.879019945773218,26.9000000000003));
#5075=CARTESIAN_POINT('',(-39.25,2.07901994577659,25.6000000000003));
#5076=CARTESIAN_POINT('',(-39.25,-0.139509972885766,25.6000000000003));
#5077=CARTESIAN_POINT('',(-39.25,2.07901994577659,26.4000000000003));
#5078=CARTESIAN_POINT('',(-39.25,2.07901994577659,26.9000000000003));
#5079=CARTESIAN_POINT('',(-39.25,1.56824583655354,26.9000000000003));
#5080=CARTESIAN_POINT('Ctrl Pts',(-39.25,1.56824583655354,26.9000000000003));
#5081=CARTESIAN_POINT('Ctrl Pts',(-39.25,1.77255548024311,26.7021780381304));
#5082=CARTESIAN_POINT('Ctrl Pts',(-39.25,2.07901994577659,26.4000000000003));
#5083=CARTESIAN_POINT('',(-39.25,-0.368245836550166,26.9000000000003));
#5084=CARTESIAN_POINT('',(-39.25,-0.139509972885766,26.9000000000003));
#5085=CARTESIAN_POINT('',(-39.25,-0.879019945773217,26.4000000000003));
#5086=CARTESIAN_POINT('Ctrl Pts',(-39.25,-0.879019945773224,26.4000000000003));
#5087=CARTESIAN_POINT('Ctrl Pts',(-39.25,-0.572555480240347,26.7021780381298));
#5088=CARTESIAN_POINT('Ctrl Pts',(-39.25,-0.368245836550166,26.9000000000003));
#5089=CARTESIAN_POINT('',(-39.25,-0.879019945773218,25.6000000000003));
#5090=CARTESIAN_POINT('',(-39.25,-0.879019945773218,26.9000000000003));
#5091=CARTESIAN_POINT('',(-39.25,-0.139509972885766,25.6000000000003));
#5092=CARTESIAN_POINT('',(-39.25,2.10000000000169,24.3000000000003));
#5093=CARTESIAN_POINT('Origin',(-39.,0.600000000001685,24.3000000000003));
#5094=CARTESIAN_POINT('Origin',(-39.,0.600000000001685,25.6000000000003));
#5095=CARTESIAN_POINT('Origin',(-39.,0.600000000001685,25.6000000000003));
#5096=CARTESIAN_POINT('Origin',(-39.,0.600000000001685,25.6000000000003));
#5097=CARTESIAN_POINT('Origin',(-39.,0.600000000001685,25.6000000000003));
#5098=CARTESIAN_POINT('Origin',(-39.,0.600000000001685,26.9000000000003));
#5099=CARTESIAN_POINT('Origin',(-39.,0.600000000001685,26.9000000000003));
#5100=CARTESIAN_POINT('Origin',(-39.,0.600000000001685,26.9000000000003));
#5101=CARTESIAN_POINT('Origin',(-39.,0.600000000001685,26.9000000000003));
#5102=CARTESIAN_POINT('Origin',(-39.,0.600000000001685,26.9000000000003));
#5103=CARTESIAN_POINT('Origin',(-39.,0.600000000001685,26.4000000000003));
#5104=CARTESIAN_POINT('Origin',(-39.,0.600000000001685,26.9000000000003));
#5105=CARTESIAN_POINT('Origin',(-39.,0.600000000001685,26.4000000000003));
#5106=CARTESIAN_POINT('Origin',(-39.,0.600000000001685,26.6500000000003));
#5107=CARTESIAN_POINT('Origin',(-39.,0.600000000001685,26.6500000000003));
#5108=CARTESIAN_POINT('Origin',(19.,0.600000000000899,20.9000000000003));
#5109=CARTESIAN_POINT('',(19.25,1.92664991614306,24.3000000000003));
#5110=CARTESIAN_POINT('',(19.25,1.92664991614306,25.6000000000003));
#5111=CARTESIAN_POINT('',(19.25,1.92664991614306,20.9000000000003));
#5112=CARTESIAN_POINT('',(20.35,0.600000000000899,25.6000000000003));
#5113=CARTESIAN_POINT('Origin',(19.,0.600000000000899,25.6000000000003));
#5114=CARTESIAN_POINT('',(20.35,0.600000000000899,23.6000000000003));
#5115=CARTESIAN_POINT('',(20.35,0.600000000000899,20.9000000000003));
#5116=CARTESIAN_POINT('Origin',(19.,0.600000000000899,23.6000000000003));
#5117=CARTESIAN_POINT('',(19.25,-0.726649916141259,25.6000000000003));
#5118=CARTESIAN_POINT('Origin',(19.,0.600000000000899,25.6000000000003));
#5119=CARTESIAN_POINT('',(19.25,-0.726649916141259,24.3000000000003));
#5120=CARTESIAN_POINT('',(19.25,-0.726649916141259,20.9000000000003));
#5121=CARTESIAN_POINT('',(18.75,-0.726649916141259,24.3000000000003));
#5122=CARTESIAN_POINT('Origin',(19.,0.600000000000899,24.3000000000003));
#5123=CARTESIAN_POINT('',(18.75,-0.726649916141259,25.6000000000003));
#5124=CARTESIAN_POINT('',(18.75,-0.726649916141259,20.9000000000003));
#5125=CARTESIAN_POINT('',(18.75,1.92664991614306,25.6000000000003));
#5126=CARTESIAN_POINT('Origin',(19.,0.600000000000899,25.6000000000003));
#5127=CARTESIAN_POINT('',(18.75,1.92664991614306,24.3000000000003));
#5128=CARTESIAN_POINT('',(18.75,1.92664991614306,20.9000000000003));
#5129=CARTESIAN_POINT('Origin',(19.,0.600000000000899,24.3000000000003));
#5130=CARTESIAN_POINT('Origin',(19.25,2.0790199457758,26.9000000000003));
#5131=CARTESIAN_POINT('',(19.25,2.1000000000009,24.3000000000003));
#5132=CARTESIAN_POINT('',(19.25,-0.879019945774004,25.6000000000003));
#5133=CARTESIAN_POINT('',(19.25,1.33950997288835,25.6000000000003));
#5134=CARTESIAN_POINT('',(19.25,-0.879019945774004,26.4000000000003));
#5135=CARTESIAN_POINT('',(19.25,-0.879019945774004,26.9000000000003));
#5136=CARTESIAN_POINT('',(19.25,-0.36824583655095,26.9000000000003));
#5137=CARTESIAN_POINT('Ctrl Pts',(19.25,-0.36824583655095,26.9000000000003));
#5138=CARTESIAN_POINT('Ctrl Pts',(19.25,-0.572555480240597,26.7021780381304));
#5139=CARTESIAN_POINT('Ctrl Pts',(19.25,-0.879019945774009,26.4000000000003));
#5140=CARTESIAN_POINT('',(19.25,1.56824583655275,26.9000000000003));
#5141=CARTESIAN_POINT('',(19.25,1.33950997288835,26.9000000000003));
#5142=CARTESIAN_POINT('',(19.25,2.0790199457758,26.4000000000003));
#5143=CARTESIAN_POINT('Ctrl Pts',(19.25,2.07901994577581,26.4000000000003));
#5144=CARTESIAN_POINT('Ctrl Pts',(19.25,1.77255548024242,26.7021780381303));
#5145=CARTESIAN_POINT('Ctrl Pts',(19.25,1.56824583655275,26.9000000000003));
#5146=CARTESIAN_POINT('',(19.25,2.0790199457758,25.6000000000003));
#5147=CARTESIAN_POINT('',(19.25,2.0790199457758,26.9000000000003));
#5148=CARTESIAN_POINT('',(19.25,1.33950997288835,25.6000000000003));
#5149=CARTESIAN_POINT('Origin',(18.75,-0.879019945774004,26.9000000000003));
#5150=CARTESIAN_POINT('',(18.75,2.0790199457758,25.6000000000003));
#5151=CARTESIAN_POINT('',(18.75,-0.139509972886552,25.6000000000003));
#5152=CARTESIAN_POINT('',(18.75,2.0790199457758,26.4000000000003));
#5153=CARTESIAN_POINT('',(18.75,2.0790199457758,26.9000000000003));
#5154=CARTESIAN_POINT('',(18.75,1.56824583655275,26.9000000000003));
#5155=CARTESIAN_POINT('Ctrl Pts',(18.75,1.56824583655275,26.9000000000003));
#5156=CARTESIAN_POINT('Ctrl Pts',(18.75,1.77255548024242,26.7021780381303));
#5157=CARTESIAN_POINT('Ctrl Pts',(18.75,2.07901994577581,26.4000000000003));
#5158=CARTESIAN_POINT('',(18.75,-0.36824583655095,26.9000000000003));
#5159=CARTESIAN_POINT('',(18.75,-0.139509972886552,26.9000000000003));
#5160=CARTESIAN_POINT('',(18.75,-0.879019945774004,26.4000000000003));
#5161=CARTESIAN_POINT('Ctrl Pts',(18.75,-0.879019945774009,26.4000000000003));
#5162=CARTESIAN_POINT('Ctrl Pts',(18.75,-0.572555480240597,26.7021780381304));
#5163=CARTESIAN_POINT('Ctrl Pts',(18.75,-0.36824583655095,26.9000000000003));
#5164=CARTESIAN_POINT('',(18.75,-0.879019945774004,25.6000000000003));
#5165=CARTESIAN_POINT('',(18.75,-0.879019945774004,26.9000000000003));
#5166=CARTESIAN_POINT('',(18.75,-0.139509972886552,25.6000000000003));
#5167=CARTESIAN_POINT('',(18.75,-0.899999999999101,24.3000000000003));
#5168=CARTESIAN_POINT('Origin',(19.,0.600000000000899,24.3000000000003));
#5169=CARTESIAN_POINT('Origin',(19.,0.600000000000899,25.6000000000003));
#5170=CARTESIAN_POINT('Origin',(19.,0.600000000000899,25.6000000000003));
#5171=CARTESIAN_POINT('Origin',(19.,0.600000000000899,25.6000000000003));
#5172=CARTESIAN_POINT('Origin',(19.,0.600000000000899,25.6000000000003));
#5173=CARTESIAN_POINT('Origin',(19.,0.600000000000899,26.9000000000003));
#5174=CARTESIAN_POINT('Origin',(19.,0.600000000000899,26.9000000000003));
#5175=CARTESIAN_POINT('Origin',(19.,0.600000000000899,26.9000000000003));
#5176=CARTESIAN_POINT('Origin',(19.,0.600000000000899,26.9000000000003));
#5177=CARTESIAN_POINT('Origin',(19.,0.600000000000899,26.9000000000003));
#5178=CARTESIAN_POINT('Origin',(19.,0.600000000000899,26.4000000000003));
#5179=CARTESIAN_POINT('Origin',(19.,0.600000000000899,26.9000000000003));
#5180=CARTESIAN_POINT('Origin',(19.,0.600000000000899,26.4000000000003));
#5181=CARTESIAN_POINT('Origin',(19.,0.600000000000899,26.6500000000003));
#5182=CARTESIAN_POINT('Origin',(19.,0.600000000000899,26.6500000000003));
#5183=CARTESIAN_POINT('Origin',(19.7500000000002,-5.39999999999936,19.3999999999997));
#5184=CARTESIAN_POINT('',(-39.500000000001,-5.89999999999832,19.9000000000005));
#5185=CARTESIAN_POINT('',(-39.500000000001,-4.89999999999853,18.9000000000005));
#5186=CARTESIAN_POINT('',(-39.500000000001,-5.89999999999832,19.9000000000005));
#5187=CARTESIAN_POINT('',(39.5000000000002,-4.89999999999963,18.8999999999994));
#5188=CARTESIAN_POINT('',(19.7500000000002,-4.89999999999935,18.8999999999997));
#5189=CARTESIAN_POINT('',(39.5000000000002,-5.89999999999964,19.8999999999994));
#5190=CARTESIAN_POINT('',(39.5000000000002,-4.89999999999963,18.8999999999994));
#5191=CARTESIAN_POINT('',(19.7500000000002,-5.89999999999937,19.8999999999996));
#5192=CARTESIAN_POINT('Origin',(-39.4999999999997,0.100000000001465,19.4000000000005));
#5193=CARTESIAN_POINT('',(-45.4999999999997,0.100000000001542,19.9000000000006));
#5194=CARTESIAN_POINT('',(-44.4999999999997,0.100000000001539,18.9000000000006));
#5195=CARTESIAN_POINT('',(-45.4999999999997,0.100000000001542,19.9000000000006));
#5196=CARTESIAN_POINT('Origin',(-39.4999999999997,0.100000000001471,18.9000000000005));
#5197=CARTESIAN_POINT('Origin',(-39.4999999999997,0.10000000000146,19.9000000000005));
#5198=CARTESIAN_POINT('Origin',(-44.9999999999996,12.6000000000015,19.4000000000008));
#5199=CARTESIAN_POINT('',(-45.499999999999,50.1000000000015,19.9000000000012));
#5200=CARTESIAN_POINT('',(-44.499999999999,50.1000000000015,18.9000000000012));
#5201=CARTESIAN_POINT('',(-45.499999999999,50.1000000000015,19.9000000000012));
#5202=CARTESIAN_POINT('',(-44.4999999999996,12.6000000000015,18.9000000000007));
#5203=CARTESIAN_POINT('',(-45.4999999999995,12.6000000000015,19.9000000000008));
#5204=CARTESIAN_POINT('Origin',(-39.499999999999,50.1000000000015,19.4000000000011));
#5205=CARTESIAN_POINT('',(-39.499999999999,56.1000000000015,19.9000000000011));
#5206=CARTESIAN_POINT('',(-39.499999999999,55.1000000000015,18.9000000000011));
#5207=CARTESIAN_POINT('',(-39.499999999999,56.1000000000015,19.9000000000011));
#5208=CARTESIAN_POINT('Origin',(-39.499999999999,50.1000000000015,18.9000000000011));
#5209=CARTESIAN_POINT('Origin',(-39.499999999999,50.1000000000015,19.9000000000011));
#5210=CARTESIAN_POINT('Origin',(-19.749999999999,55.6000000000012,19.4000000000009));
#5211=CARTESIAN_POINT('',(39.5000000000011,56.1000000000003,19.9));
#5212=CARTESIAN_POINT('',(39.500000000001,55.1000000000004,18.9));
#5213=CARTESIAN_POINT('',(39.5000000000011,56.1000000000003,19.9));
#5214=CARTESIAN_POINT('',(-19.749999999999,55.1000000000012,18.9000000000009));
#5215=CARTESIAN_POINT('',(-19.749999999999,56.1000000000012,19.9000000000009));
#5216=CARTESIAN_POINT('Origin',(39.500000000001,50.1000000000004,19.4));
#5217=CARTESIAN_POINT('',(45.500000000001,50.1000000000003,19.8999999999999));
#5218=CARTESIAN_POINT('',(44.500000000001,50.1000000000003,18.8999999999999));
#5219=CARTESIAN_POINT('',(45.500000000001,50.1000000000003,19.8999999999999));
#5220=CARTESIAN_POINT('Origin',(39.500000000001,50.1000000000004,18.9));
#5221=CARTESIAN_POINT('Origin',(39.500000000001,50.1000000000004,19.9));
#5222=CARTESIAN_POINT('Origin',(45.0000000000008,37.6000000000003,19.3999999999998));
#5223=CARTESIAN_POINT('',(45.5000000000003,0.100000000000268,19.8999999999994));
#5224=CARTESIAN_POINT('',(44.5000000000003,0.100000000000291,18.8999999999994));
#5225=CARTESIAN_POINT('',(45.5000000000003,0.100000000000268,19.8999999999994));
#5226=CARTESIAN_POINT('',(44.5000000000008,37.6000000000003,18.8999999999998));
#5227=CARTESIAN_POINT('',(45.5000000000008,37.6000000000003,19.8999999999998));
#5228=CARTESIAN_POINT('Origin',(39.5000000000003,0.100000000000372,19.3999999999994));
#5229=CARTESIAN_POINT('Origin',(39.5000000000002,0.100000000000377,18.8999999999994));
#5230=CARTESIAN_POINT('Origin',(39.5000000000003,0.100000000000366,19.8999999999995));
#5231=CARTESIAN_POINT('Origin',(-39.499999999999,50.1000000000014,20.9000000000011));
#5232=CARTESIAN_POINT('',(-45.4999999999993,50.1000000000017,45.9000000000003));
#5233=CARTESIAN_POINT('',(-45.499999999999,50.1000000000015,20.9000000000012));
#5234=CARTESIAN_POINT('',(-39.4999999999992,56.1000000000017,45.9000000000003));
#5235=CARTESIAN_POINT('Origin',(-39.4999999999993,50.1000000000017,45.9000000000003));
#5236=CARTESIAN_POINT('',(-39.499999999999,56.1000000000015,20.9000000000012));
#5237=CARTESIAN_POINT('Origin',(-45.4999999999997,0.100000000001531,20.9000000000006));
#5238=CARTESIAN_POINT('',(-45.5,0.100000000001756,45.9000000000003));
#5239=CARTESIAN_POINT('',(-45.4999999999997,0.100000000001531,20.9000000000006));
#5240=CARTESIAN_POINT('',(-45.4999999999993,50.1000000000017,45.9000000000003));
#5241=CARTESIAN_POINT('',(-45.4999999999992,21.100000000001,33.9));
#5242=CARTESIAN_POINT('',(-45.4999999999993,6.10000000000104,33.9));
#5243=CARTESIAN_POINT('',(-45.4999999999994,10.6000000000013,33.9));
#5244=CARTESIAN_POINT('',(-45.4999999999993,5.10000000000104,32.9));
#5245=CARTESIAN_POINT('Origin',(-45.4999999999997,6.10000000000104,32.9));
#5246=CARTESIAN_POINT('',(-45.4999999999993,5.10000000000104,31.9));
#5247=CARTESIAN_POINT('',(-45.4999999999996,5.10000000000104,26.9000000000003));
#5248=CARTESIAN_POINT('',(-45.4999999999993,6.10000000000104,30.9));
#5249=CARTESIAN_POINT('Origin',(-45.4999999999997,6.10000000000104,31.9));
#5250=CARTESIAN_POINT('',(-45.4999999999992,21.100000000001,30.9));
#5251=CARTESIAN_POINT('',(-45.4999999999995,3.10000000000128,30.9));
#5252=CARTESIAN_POINT('',(-45.4999999999993,21.100000000001,25.9000000000003));
#5253=CARTESIAN_POINT('',(-45.4999999999992,29.100000000001,30.9));
#5254=CARTESIAN_POINT('',(-45.4999999999993,44.100000000001,30.9));
#5255=CARTESIAN_POINT('',(-45.4999999999994,14.6000000000013,30.9));
#5256=CARTESIAN_POINT('',(-45.4999999999992,45.100000000001,31.9));
#5257=CARTESIAN_POINT('Origin',(-45.4999999999996,44.100000000001,31.9));
#5258=CARTESIAN_POINT('',(-45.4999999999991,45.100000000001,32.9));
#5259=CARTESIAN_POINT('',(-45.499999999999,45.100000000001,26.4000000000003));
#5260=CARTESIAN_POINT('',(-45.4999999999991,44.100000000001,33.9));
#5261=CARTESIAN_POINT('Origin',(-45.4999999999996,44.100000000001,32.9));
#5262=CARTESIAN_POINT('',(-45.4999999999992,29.100000000001,33.9));
#5263=CARTESIAN_POINT('',(-45.4999999999992,22.1000000000013,33.9));
#5264=CARTESIAN_POINT('',(-45.4999999999992,29.100000000001,27.4000000000003));
#5265=CARTESIAN_POINT('',(-45.4999999999993,5.10000000000104,25.9));
#5266=CARTESIAN_POINT('',(-45.4999999999993,5.10000000000104,24.9));
#5267=CARTESIAN_POINT('',(-45.4999999999996,5.10000000000104,23.4000000000003));
#5268=CARTESIAN_POINT('',(-45.4999999999993,6.10000000000104,23.9));
#5269=CARTESIAN_POINT('Origin',(-45.4999999999997,6.10000000000104,24.9));
#5270=CARTESIAN_POINT('',(-45.4999999999992,21.100000000001,23.9));
#5271=CARTESIAN_POINT('',(-45.4999999999996,3.10000000000128,23.9));
#5272=CARTESIAN_POINT('',(-45.4999999999992,21.100000000001,26.9));
#5273=CARTESIAN_POINT('',(-45.4999999999994,21.100000000001,22.4000000000003));
#5274=CARTESIAN_POINT('',(-45.4999999999993,6.10000000000104,26.9));
#5275=CARTESIAN_POINT('',(-45.4999999999995,10.6000000000013,26.9));
#5276=CARTESIAN_POINT('Origin',(-45.4999999999997,6.10000000000104,25.9));
#5277=CARTESIAN_POINT('',(-45.4999999999992,21.100000000001,40.9));
#5278=CARTESIAN_POINT('',(-45.4999999999993,6.10000000000104,40.9));
#5279=CARTESIAN_POINT('',(-45.4999999999993,10.6000000000013,40.9));
#5280=CARTESIAN_POINT('',(-45.4999999999993,5.10000000000104,39.9));
#5281=CARTESIAN_POINT('Origin',(-45.4999999999997,6.10000000000104,39.9));
#5282=CARTESIAN_POINT('',(-45.4999999999993,5.10000000000104,38.9));
#5283=CARTESIAN_POINT('',(-45.4999999999995,5.10000000000103,30.4000000000003));
#5284=CARTESIAN_POINT('',(-45.4999999999993,6.10000000000104,37.9));
#5285=CARTESIAN_POINT('Origin',(-45.4999999999997,6.10000000000104,38.9));
#5286=CARTESIAN_POINT('',(-45.4999999999992,21.100000000001,37.9));
#5287=CARTESIAN_POINT('',(-45.4999999999994,3.10000000000128,37.9));
#5288=CARTESIAN_POINT('',(-45.4999999999993,21.100000000001,29.4000000000003));
#5289=CARTESIAN_POINT('',(-45.4999999999992,45.100000000001,38.9));
#5290=CARTESIAN_POINT('',(-45.4999999999991,45.100000000001,39.9));
#5291=CARTESIAN_POINT('',(-45.4999999999989,45.100000000001,29.9000000000003));
#5292=CARTESIAN_POINT('',(-45.4999999999991,44.100000000001,40.9));
#5293=CARTESIAN_POINT('Origin',(-45.4999999999996,44.100000000001,39.9));
#5294=CARTESIAN_POINT('',(-45.4999999999992,29.100000000001,40.9));
#5295=CARTESIAN_POINT('',(-45.4999999999991,22.1000000000013,40.9));
#5296=CARTESIAN_POINT('',(-45.4999999999992,29.100000000001,37.9));
#5297=CARTESIAN_POINT('',(-45.4999999999992,29.100000000001,30.9000000000003));
#5298=CARTESIAN_POINT('',(-45.4999999999993,44.100000000001,37.9));
#5299=CARTESIAN_POINT('',(-45.4999999999993,14.6000000000013,37.9));
#5300=CARTESIAN_POINT('Origin',(-45.4999999999996,44.100000000001,38.9));
#5301=CARTESIAN_POINT('',(-45.4999999999992,29.100000000001,23.9));
#5302=CARTESIAN_POINT('',(-45.4999999999993,44.100000000001,23.9));
#5303=CARTESIAN_POINT('',(-45.4999999999995,14.6000000000013,23.9));
#5304=CARTESIAN_POINT('',(-45.4999999999992,45.100000000001,24.9));
#5305=CARTESIAN_POINT('Origin',(-45.4999999999996,44.100000000001,24.9));
#5306=CARTESIAN_POINT('',(-45.4999999999991,45.100000000001,25.9));
#5307=CARTESIAN_POINT('',(-45.499999999999,45.100000000001,22.9000000000003));
#5308=CARTESIAN_POINT('',(-45.4999999999991,44.100000000001,26.9));
#5309=CARTESIAN_POINT('Origin',(-45.4999999999996,44.100000000001,25.9));
#5310=CARTESIAN_POINT('',(-45.4999999999992,29.100000000001,26.9));
#5311=CARTESIAN_POINT('',(-45.4999999999993,22.1000000000013,26.9));
#5312=CARTESIAN_POINT('',(-45.4999999999993,29.100000000001,23.9000000000003));
#5313=CARTESIAN_POINT('Origin',(-39.4999999999997,0.100000000001449,20.9000000000005));
#5314=CARTESIAN_POINT('',(-39.500000000001,-5.89999999999832,45.9000000000003));
#5315=CARTESIAN_POINT('',(-39.500000000001,-5.89999999999832,20.9000000000003));
#5316=CARTESIAN_POINT('Origin',(-39.5,0.10000000000167,45.9000000000003));
#5317=CARTESIAN_POINT('Origin',(39.5000000000002,-5.89999999999965,20.8999999999994));
#5318=CARTESIAN_POINT('',(39.4999999999999,-5.89999999999942,45.9000000000003));
#5319=CARTESIAN_POINT('',(39.5000000000002,-5.89999999999965,20.8999999999994));
#5320=CARTESIAN_POINT('',(-39.500000000001,-5.89999999999832,45.9000000000003));
#5321=CARTESIAN_POINT('',(-28.13,-5.8999999999988,29.0100000000003));
#5322=CARTESIAN_POINT('',(-26.33,-5.8999999999988,27.2100000000003));
#5323=CARTESIAN_POINT('Origin',(-28.13,-5.89999999999965,27.2100000000003));
#5324=CARTESIAN_POINT('',(-26.33,-5.8999999999988,26.6500000000003));
#5325=CARTESIAN_POINT('',(-26.33,-5.89999999999877,23.7750000000001));
#5326=CARTESIAN_POINT('',(-28.13,-5.89999999999875,24.8500000000003));
#5327=CARTESIAN_POINT('Origin',(-28.13,-5.89999999999965,26.6500000000003));
#5328=CARTESIAN_POINT('',(-34.47,-5.89999999999867,24.8500000000003));
#5329=CARTESIAN_POINT('',(2.5150000000001,-5.89999999999918,24.8500000000003));
#5330=CARTESIAN_POINT('',(-36.27,-5.89999999999866,26.6500000000003));
#5331=CARTESIAN_POINT('Origin',(-34.47,-5.89999999999965,26.6500000000003));
#5332=CARTESIAN_POINT('',(-36.27,-5.89999999999867,27.2100000000003));
#5333=CARTESIAN_POINT('',(-36.27,-5.89999999999863,24.0550000000001));
#5334=CARTESIAN_POINT('',(-34.47,-5.89999999999871,29.0100000000003));
#5335=CARTESIAN_POINT('Origin',(-34.47,-5.89999999999965,27.2100000000003));
#5336=CARTESIAN_POINT('',(5.6850000000001,-5.89999999999927,29.0100000000003));
#5337=CARTESIAN_POINT('',(-19.5000000000361,-5.89999999999892,28.7500000000341));
#5338=CARTESIAN_POINT('',(-13.9000000000333,-5.89999999999899,28.7500000000341));
#5339=CARTESIAN_POINT('',(12.7999999999834,-5.89999999999937,28.750000000034));
#5340=CARTESIAN_POINT('',(-12.9500000000342,-5.899999999999,27.8000000000025));
#5341=CARTESIAN_POINT('Origin',(-13.9000000000333,-5.89999999999965,27.8000000000349));
#5342=CARTESIAN_POINT('',(-12.9500000000342,-5.89999999999898,26.4798021702165));
#5343=CARTESIAN_POINT('',(-12.9500000000342,-5.89999999999895,23.689901085108));
#5344=CARTESIAN_POINT('',(-13.2105802695687,-5.89999999999897,25.8261964517249));
#5345=CARTESIAN_POINT('Origin',(-13.9000000000342,-5.89999999999965,26.4798021702165));
#5346=CARTESIAN_POINT('',(-13.8550680413305,-5.89999999999895,25.1463942815087));
#5347=CARTESIAN_POINT('',(-2.28728622683654,-5.89999999999925,37.3480271543615));
#5348=CARTESIAN_POINT('',(-14.5444877717961,-5.89999999999894,24.8500000000003));
#5349=CARTESIAN_POINT('Origin',(-14.5444877717961,-5.89999999999965,25.8000000000004));
#5350=CARTESIAN_POINT('',(-18.8555122282389,-5.89999999999888,24.8500000000003));
#5351=CARTESIAN_POINT('',(10.3222438858807,-5.89999999999929,24.8500000000003));
#5352=CARTESIAN_POINT('',(-19.5449319587045,-5.89999999999888,25.1463942815087));
#5353=CARTESIAN_POINT('Origin',(-18.8555122282389,-5.89999999999965,25.8000000000005));
#5354=CARTESIAN_POINT('',(-20.1894197304663,-5.89999999999888,25.826196451725));
#5355=CARTESIAN_POINT('',(-4.83255936459488,-5.89999999999891,9.62786428494323));
#5356=CARTESIAN_POINT('',(-20.4500000000008,-5.89999999999888,26.4798021702165));
#5357=CARTESIAN_POINT('Origin',(-19.5000000000008,-5.89999999999965,26.4798021702165));
#5358=CARTESIAN_POINT('',(-20.4500000000008,-5.89999999999889,27.7999999999446));
#5359=CARTESIAN_POINT('',(-20.4500000000008,-5.89999999999885,24.349999999972));
#5360=CARTESIAN_POINT('Origin',(-19.5000000000252,-5.89999999999965,27.8000000000585));
#5361=CARTESIAN_POINT('',(-6.10000000003575,-5.8999999999991,28.7500000000341));
#5362=CARTESIAN_POINT('',(-0.500000000033007,-5.89999999999918,28.7500000000341));
#5363=CARTESIAN_POINT('',(19.4999999999836,-5.89999999999946,28.7500000000341));
#5364=CARTESIAN_POINT('',(0.449999999966155,-5.89999999999919,27.8000000000025));
#5365=CARTESIAN_POINT('Origin',(-0.500000000032994,-5.89999999999965,27.8000000000349));
#5366=CARTESIAN_POINT('',(0.449999999966154,-5.89999999999917,26.4798021702165));
#5367=CARTESIAN_POINT('',(0.449999999966153,-5.89999999999914,23.689901085108));
#5368=CARTESIAN_POINT('',(0.189419730431628,-5.89999999999916,25.8261964517249));
#5369=CARTESIAN_POINT('Origin',(-0.500000000033872,-5.89999999999965,26.4798021702165));
#5370=CARTESIAN_POINT('',(-0.45506804133019,-5.89999999999914,25.1463942815087));
#5371=CARTESIAN_POINT('',(7.94125347827065,-5.89999999999936,34.0027882131645));
#5372=CARTESIAN_POINT('',(-1.14448777179576,-5.89999999999913,24.8500000000003));
#5373=CARTESIAN_POINT('Origin',(-1.14448777179575,-5.89999999999965,25.8000000000004));
#5374=CARTESIAN_POINT('',(-5.45551222823856,-5.89999999999907,24.8500000000003));
#5375=CARTESIAN_POINT('',(17.0222438858808,-5.89999999999938,24.8500000000002));
#5376=CARTESIAN_POINT('',(-6.14493195870415,-5.89999999999906,25.1463942815088));
#5377=CARTESIAN_POINT('Origin',(-5.45551222823856,-5.89999999999965,25.8000000000005));
#5378=CARTESIAN_POINT('',(-6.78941973046598,-5.89999999999906,25.826196451725));
#5379=CARTESIAN_POINT('',(5.3959803405123,-5.89999999999909,12.9731032261402));
#5380=CARTESIAN_POINT('',(-7.05000000000047,-5.89999999999907,26.4798021702165));
#5381=CARTESIAN_POINT('Origin',(-6.10000000000047,-5.89999999999965,26.4798021702165));
#5382=CARTESIAN_POINT('',(-7.05000000000046,-5.89999999999908,27.7999999999446));
#5383=CARTESIAN_POINT('',(-7.05000000000047,-5.89999999999904,24.349999999972));
#5384=CARTESIAN_POINT('Origin',(-6.10000000002489,-5.89999999999965,27.8000000000585));
#5385=CARTESIAN_POINT('Origin',(6.11632071019335E-13,25.1000000000009,18.9000000000003));
#5386=CARTESIAN_POINT('Origin',(-45.4999999999993,6.10000000000104,31.9));
#5387=CARTESIAN_POINT('',(-43.4999999999999,6.10000000000103,30.9));
#5388=CARTESIAN_POINT('',(-43.4999999999999,5.10000000000103,31.9));
#5389=CARTESIAN_POINT('Origin',(-43.5,6.10000000000103,31.9));
#5390=CARTESIAN_POINT('',(-45.4999999999993,6.10000000000104,30.9));
#5391=CARTESIAN_POINT('',(-45.4999999999993,5.10000000000104,31.9));
#5392=CARTESIAN_POINT('Origin',(-45.4999999999993,5.10000000000104,32.9));
#5393=CARTESIAN_POINT('',(-43.4999999999999,5.10000000000104,32.9));
#5394=CARTESIAN_POINT('',(-43.4999999999999,5.10000000000103,26.9000000000001));
#5395=CARTESIAN_POINT('',(-45.4999999999993,5.10000000000104,32.9));
#5396=CARTESIAN_POINT('Origin',(-45.4999999999993,6.10000000000104,32.9));
#5397=CARTESIAN_POINT('',(-43.4999999999999,6.10000000000103,33.9));
#5398=CARTESIAN_POINT('Origin',(-43.5,6.10000000000103,32.9));
#5399=CARTESIAN_POINT('',(-45.4999999999993,6.10000000000104,33.9));
#5400=CARTESIAN_POINT('Origin',(-45.4999999999992,21.100000000001,33.9));
#5401=CARTESIAN_POINT('',(-43.4999999999997,21.100000000001,33.9));
#5402=CARTESIAN_POINT('',(-43.4999999999998,10.6000000000014,33.9));
#5403=CARTESIAN_POINT('',(-45.4999999999992,21.100000000001,33.9));
#5404=CARTESIAN_POINT('Origin',(-45.4999999999992,21.100000000001,30.9));
#5405=CARTESIAN_POINT('',(-43.4999999999997,21.100000000001,30.9));
#5406=CARTESIAN_POINT('',(-43.4999999999997,21.100000000001,25.9000000000001));
#5407=CARTESIAN_POINT('',(-45.4999999999992,21.100000000001,30.9));
#5408=CARTESIAN_POINT('Origin',(-45.4999999999993,6.10000000000104,30.9));
#5409=CARTESIAN_POINT('',(-43.5,3.10000000000137,30.9));
#5410=CARTESIAN_POINT('Origin',(-45.4999999999991,44.100000000001,32.9));
#5411=CARTESIAN_POINT('',(-43.4999999999994,44.100000000001,33.9));
#5412=CARTESIAN_POINT('',(-43.4999999999994,45.100000000001,32.9));
#5413=CARTESIAN_POINT('Origin',(-43.4999999999999,44.100000000001,32.9));
#5414=CARTESIAN_POINT('',(-45.4999999999991,44.100000000001,33.9));
#5415=CARTESIAN_POINT('',(-45.4999999999991,45.100000000001,32.9));
#5416=CARTESIAN_POINT('Origin',(-45.4999999999992,45.100000000001,31.9));
#5417=CARTESIAN_POINT('',(-43.4999999999994,45.100000000001,31.9));
#5418=CARTESIAN_POINT('',(-43.4999999999994,45.100000000001,26.4000000000001));
#5419=CARTESIAN_POINT('',(-45.4999999999992,45.100000000001,31.9));
#5420=CARTESIAN_POINT('Origin',(-45.4999999999992,44.100000000001,31.9));
#5421=CARTESIAN_POINT('',(-43.4999999999994,44.100000000001,30.9));
#5422=CARTESIAN_POINT('Origin',(-43.4999999999999,44.100000000001,31.9));
#5423=CARTESIAN_POINT('',(-45.4999999999993,44.100000000001,30.9));
#5424=CARTESIAN_POINT('Origin',(-45.4999999999993,29.100000000001,30.9));
#5425=CARTESIAN_POINT('',(-43.4999999999996,29.100000000001,30.9));
#5426=CARTESIAN_POINT('',(-43.4999999999998,14.6000000000014,30.9));
#5427=CARTESIAN_POINT('',(-45.4999999999992,29.100000000001,30.9));
#5428=CARTESIAN_POINT('Origin',(-45.4999999999992,29.100000000001,33.9));
#5429=CARTESIAN_POINT('',(-43.4999999999996,29.100000000001,33.9));
#5430=CARTESIAN_POINT('',(-43.4999999999996,29.100000000001,27.4000000000001));
#5431=CARTESIAN_POINT('',(-45.4999999999992,29.100000000001,33.9));
#5432=CARTESIAN_POINT('Origin',(-45.4999999999991,44.100000000001,33.9));
#5433=CARTESIAN_POINT('',(-43.4999999999997,22.1000000000013,33.9));
#5434=CARTESIAN_POINT('Origin',(-45.4999999999992,21.100000000001,23.9));
#5435=CARTESIAN_POINT('',(-43.4999999999997,21.100000000001,26.9));
#5436=CARTESIAN_POINT('',(-43.4999999999997,21.100000000001,23.9));
#5437=CARTESIAN_POINT('',(-43.4999999999997,21.100000000001,22.4000000000001));
#5438=CARTESIAN_POINT('',(-45.4999999999992,21.100000000001,26.9));
#5439=CARTESIAN_POINT('',(-45.4999999999992,21.100000000001,23.9));
#5440=CARTESIAN_POINT('Origin',(-45.4999999999993,6.10000000000104,23.9));
#5441=CARTESIAN_POINT('',(-43.4999999999999,6.10000000000103,23.9));
#5442=CARTESIAN_POINT('',(-43.5,3.10000000000137,23.9));
#5443=CARTESIAN_POINT('',(-45.4999999999993,6.10000000000104,23.9));
#5444=CARTESIAN_POINT('Origin',(-45.4999999999993,6.10000000000104,24.9));
#5445=CARTESIAN_POINT('',(-43.4999999999999,5.10000000000103,24.9));
#5446=CARTESIAN_POINT('Origin',(-43.5,6.10000000000103,24.9));
#5447=CARTESIAN_POINT('',(-45.4999999999993,5.10000000000104,24.9));
#5448=CARTESIAN_POINT('Origin',(-45.4999999999993,5.10000000000104,25.9));
#5449=CARTESIAN_POINT('',(-43.4999999999999,5.10000000000104,25.9));
#5450=CARTESIAN_POINT('',(-43.4999999999999,5.10000000000103,23.4000000000001));
#5451=CARTESIAN_POINT('',(-45.4999999999993,5.10000000000104,25.9));
#5452=CARTESIAN_POINT('Origin',(-45.4999999999993,6.10000000000104,25.9));
#5453=CARTESIAN_POINT('',(-43.4999999999999,6.10000000000103,26.9));
#5454=CARTESIAN_POINT('Origin',(-43.5,6.10000000000103,25.9));
#5455=CARTESIAN_POINT('',(-45.4999999999993,6.10000000000104,26.9));
#5456=CARTESIAN_POINT('Origin',(-45.4999999999992,21.100000000001,26.9));
#5457=CARTESIAN_POINT('',(-43.4999999999998,10.6000000000014,26.9));
#5458=CARTESIAN_POINT('Origin',(-45.4999999999993,6.10000000000104,38.9));
#5459=CARTESIAN_POINT('',(-43.4999999999999,6.10000000000103,37.9));
#5460=CARTESIAN_POINT('',(-43.4999999999999,5.10000000000103,38.9));
#5461=CARTESIAN_POINT('Origin',(-43.5,6.10000000000103,38.9));
#5462=CARTESIAN_POINT('',(-45.4999999999993,6.10000000000104,37.9));
#5463=CARTESIAN_POINT('',(-45.4999999999993,5.10000000000104,38.9));
#5464=CARTESIAN_POINT('Origin',(-45.4999999999993,5.10000000000104,39.9));
#5465=CARTESIAN_POINT('',(-43.4999999999999,5.10000000000104,39.9));
#5466=CARTESIAN_POINT('',(-43.4999999999999,5.10000000000102,30.4000000000001));
#5467=CARTESIAN_POINT('',(-45.4999999999993,5.10000000000104,39.9));
#5468=CARTESIAN_POINT('Origin',(-45.4999999999993,6.10000000000104,39.9));
#5469=CARTESIAN_POINT('',(-43.4999999999999,6.10000000000103,40.9));
#5470=CARTESIAN_POINT('Origin',(-43.5,6.10000000000103,39.9));
#5471=CARTESIAN_POINT('',(-45.4999999999993,6.10000000000104,40.9));
#5472=CARTESIAN_POINT('Origin',(-45.4999999999992,21.100000000001,40.9));
#5473=CARTESIAN_POINT('',(-43.4999999999997,21.100000000001,40.9));
#5474=CARTESIAN_POINT('',(-43.4999999999998,10.6000000000014,40.9));
#5475=CARTESIAN_POINT('',(-45.4999999999992,21.100000000001,40.9));
#5476=CARTESIAN_POINT('Origin',(-45.4999999999992,21.100000000001,37.9));
#5477=CARTESIAN_POINT('',(-43.4999999999997,21.100000000001,37.9));
#5478=CARTESIAN_POINT('',(-43.4999999999997,21.100000000001,29.4000000000001));
#5479=CARTESIAN_POINT('',(-45.4999999999992,21.100000000001,37.9));
#5480=CARTESIAN_POINT('Origin',(-45.4999999999993,6.10000000000104,37.9));
#5481=CARTESIAN_POINT('',(-43.5,3.10000000000137,37.9));
#5482=CARTESIAN_POINT('Origin',(-45.4999999999992,29.100000000001,40.9));
#5483=CARTESIAN_POINT('',(-43.4999999999996,29.100000000001,37.9));
#5484=CARTESIAN_POINT('',(-43.4999999999996,29.100000000001,40.9));
#5485=CARTESIAN_POINT('',(-43.4999999999996,29.100000000001,30.9000000000001));
#5486=CARTESIAN_POINT('',(-45.4999999999992,29.100000000001,37.9));
#5487=CARTESIAN_POINT('',(-45.4999999999992,29.100000000001,40.9));
#5488=CARTESIAN_POINT('Origin',(-45.4999999999991,44.100000000001,40.9));
#5489=CARTESIAN_POINT('',(-43.4999999999994,44.100000000001,40.9));
#5490=CARTESIAN_POINT('',(-43.4999999999997,22.1000000000013,40.9));
#5491=CARTESIAN_POINT('',(-45.4999999999991,44.100000000001,40.9));
#5492=CARTESIAN_POINT('Origin',(-45.4999999999991,44.100000000001,39.9));
#5493=CARTESIAN_POINT('',(-43.4999999999994,45.100000000001,39.9));
#5494=CARTESIAN_POINT('Origin',(-43.4999999999999,44.100000000001,39.9));
#5495=CARTESIAN_POINT('',(-45.4999999999991,45.100000000001,39.9));
#5496=CARTESIAN_POINT('Origin',(-45.4999999999992,45.100000000001,38.9));
#5497=CARTESIAN_POINT('',(-43.4999999999994,45.100000000001,38.9));
#5498=CARTESIAN_POINT('',(-43.4999999999994,45.100000000001,29.9000000000001));
#5499=CARTESIAN_POINT('',(-45.4999999999992,45.100000000001,38.9));
#5500=CARTESIAN_POINT('Origin',(-45.4999999999992,44.100000000001,38.9));
#5501=CARTESIAN_POINT('',(-43.4999999999994,44.100000000001,37.9));
#5502=CARTESIAN_POINT('Origin',(-43.4999999999999,44.100000000001,38.9));
#5503=CARTESIAN_POINT('',(-45.4999999999993,44.100000000001,37.9));
#5504=CARTESIAN_POINT('Origin',(-45.4999999999993,29.100000000001,37.9));
#5505=CARTESIAN_POINT('',(-43.4999999999998,14.6000000000014,37.9));
#5506=CARTESIAN_POINT('Origin',(-45.4999999999991,44.100000000001,25.9));
#5507=CARTESIAN_POINT('',(-43.4999999999994,44.100000000001,26.9));
#5508=CARTESIAN_POINT('',(-43.4999999999994,45.100000000001,25.9));
#5509=CARTESIAN_POINT('Origin',(-43.4999999999999,44.100000000001,25.9));
#5510=CARTESIAN_POINT('',(-45.4999999999991,44.100000000001,26.9));
#5511=CARTESIAN_POINT('',(-45.4999999999991,45.100000000001,25.9));
#5512=CARTESIAN_POINT('Origin',(-45.4999999999992,45.100000000001,24.9));
#5513=CARTESIAN_POINT('',(-43.4999999999994,45.100000000001,24.9));
#5514=CARTESIAN_POINT('',(-43.4999999999994,45.100000000001,22.9000000000001));
#5515=CARTESIAN_POINT('',(-45.4999999999992,45.100000000001,24.9));
#5516=CARTESIAN_POINT('Origin',(-45.4999999999992,44.100000000001,24.9));
#5517=CARTESIAN_POINT('',(-43.4999999999994,44.100000000001,23.9));
#5518=CARTESIAN_POINT('Origin',(-43.4999999999999,44.100000000001,24.9));
#5519=CARTESIAN_POINT('',(-45.4999999999993,44.100000000001,23.9));
#5520=CARTESIAN_POINT('Origin',(-45.4999999999993,29.100000000001,23.9));
#5521=CARTESIAN_POINT('',(-43.4999999999996,29.100000000001,23.9));
#5522=CARTESIAN_POINT('',(-43.4999999999998,14.6000000000014,23.9));
#5523=CARTESIAN_POINT('',(-45.4999999999992,29.100000000001,23.9));
#5524=CARTESIAN_POINT('Origin',(-45.4999999999992,29.100000000001,26.9));
#5525=CARTESIAN_POINT('',(-43.4999999999996,29.100000000001,26.9));
#5526=CARTESIAN_POINT('',(-43.4999999999996,29.100000000001,23.9000000000001));
#5527=CARTESIAN_POINT('',(-45.4999999999992,29.100000000001,26.9));
#5528=CARTESIAN_POINT('Origin',(-45.4999999999991,44.100000000001,26.9));
#5529=CARTESIAN_POINT('',(-43.4999999999997,22.1000000000013,26.9));
#5530=CARTESIAN_POINT('Origin',(3.46389583683049E-13,25.1000000000011,45.9000000000003));
#5531=CARTESIAN_POINT('',(45.5,0.100000000000487,45.9000000000003));
#5532=CARTESIAN_POINT('Origin',(39.5,0.100000000000585,45.9000000000003));
#5533=CARTESIAN_POINT('',(45.5000000000007,50.1000000000005,45.9000000000003));
#5534=CARTESIAN_POINT('',(45.5,0.100000000000487,45.9000000000003));
#5535=CARTESIAN_POINT('',(39.5000000000008,56.1000000000006,45.9000000000003));
#5536=CARTESIAN_POINT('Origin',(39.5000000000007,50.1000000000006,45.9000000000003));
#5537=CARTESIAN_POINT('',(39.5000000000008,56.1000000000006,45.9000000000003));
#5538=CARTESIAN_POINT('',(43.5,0.100000000000519,45.9000000000003));
#5539=CARTESIAN_POINT('',(39.5,-3.89999999999942,45.9000000000003));
#5540=CARTESIAN_POINT('Origin',(39.5,0.100000000000585,45.9000000000003));
#5541=CARTESIAN_POINT('',(-39.5000000000007,-3.89999999999832,45.9000000000003));
#5542=CARTESIAN_POINT('',(-39.5000000000007,-3.89999999999832,45.9000000000003));
#5543=CARTESIAN_POINT('',(-43.5,0.10000000000173,45.9000000000003));
#5544=CARTESIAN_POINT('Origin',(-39.5,0.10000000000167,45.9000000000003));
#5545=CARTESIAN_POINT('',(-43.4999999999993,50.1000000000017,45.9000000000003));
#5546=CARTESIAN_POINT('',(-43.4999999999993,50.1000000000017,45.9000000000003));
#5547=CARTESIAN_POINT('',(-39.4999999999993,54.1000000000017,45.9000000000003));
#5548=CARTESIAN_POINT('Origin',(-39.4999999999993,50.1000000000017,45.9000000000003));
#5549=CARTESIAN_POINT('',(39.5000000000008,54.1000000000006,45.9000000000003));
#5550=CARTESIAN_POINT('',(39.5000000000008,54.1000000000006,45.9000000000003));
#5551=CARTESIAN_POINT('',(43.5000000000007,50.1000000000005,45.9000000000003));
#5552=CARTESIAN_POINT('Origin',(39.5000000000007,50.1000000000006,45.9000000000003));
#5553=CARTESIAN_POINT('',(43.5,0.10000000000052,45.9000000000003));
#5554=CARTESIAN_POINT('Origin',(-5.45551222823856,-5.89999999999922,24.8500000000003));
#5555=CARTESIAN_POINT('',(-5.45551222823856,-3.8999999999988,24.8500000000003));
#5556=CARTESIAN_POINT('',(-1.14448777179576,-3.89999999999886,24.8500000000003));
#5557=CARTESIAN_POINT('',(17.0222438858807,-3.89999999999911,24.8500000000002));
#5558=CARTESIAN_POINT('',(-5.45551222823856,-5.89999999999922,24.8500000000003));
#5559=CARTESIAN_POINT('',(-1.14448777179576,-5.89999999999922,24.8500000000003));
#5560=CARTESIAN_POINT('Origin',(-1.14448777179575,-5.89999999999922,25.8000000000004));
#5561=CARTESIAN_POINT('',(-0.45506804133019,-3.89999999999887,25.1463942815087));
#5562=CARTESIAN_POINT('Origin',(-1.14448777179575,-3.89999999999942,25.8000000000004));
#5563=CARTESIAN_POINT('',(-0.45506804133019,-5.89999999999922,25.1463942815087));
#5564=CARTESIAN_POINT('Origin',(-0.45506804133019,-5.89999999999922,25.1463942815087));
#5565=CARTESIAN_POINT('',(0.189419730431628,-3.89999999999888,25.8261964517249));
#5566=CARTESIAN_POINT('',(7.94125347827082,-3.89999999999898,34.0027882131646));
#5567=CARTESIAN_POINT('',(0.189419730431628,-5.89999999999922,25.8261964517249));
#5568=CARTESIAN_POINT('Origin',(-0.500000000033872,-5.89999999999922,26.4798021702165));
#5569=CARTESIAN_POINT('',(0.449999999966154,-3.89999999999888,26.4798021702165));
#5570=CARTESIAN_POINT('Origin',(-0.500000000033872,-3.89999999999942,26.4798021702165));
#5571=CARTESIAN_POINT('',(0.449999999966154,-5.89999999999922,26.4798021702165));
#5572=CARTESIAN_POINT('Origin',(0.449999999966154,-5.89999999999922,26.4798021702165));
#5573=CARTESIAN_POINT('',(0.449999999966155,-3.89999999999888,27.8000000000025));
#5574=CARTESIAN_POINT('',(0.449999999966153,-3.89999999999888,23.6899010851084));
#5575=CARTESIAN_POINT('',(0.449999999966155,-5.89999999999922,27.8000000000025));
#5576=CARTESIAN_POINT('Origin',(-0.500000000032994,-5.89999999999922,27.8000000000349));
#5577=CARTESIAN_POINT('',(-0.500000000033007,-3.89999999999887,28.7500000000341));
#5578=CARTESIAN_POINT('Origin',(-0.500000000032994,-3.89999999999942,27.8000000000349));
#5579=CARTESIAN_POINT('',(-0.500000000033007,-5.89999999999922,28.7500000000341));
#5580=CARTESIAN_POINT('Origin',(-0.500000000033007,-5.89999999999922,28.7500000000341));
#5581=CARTESIAN_POINT('',(-6.10000000003575,-3.89999999999879,28.7500000000341));
#5582=CARTESIAN_POINT('',(19.4999999999835,-3.89999999999914,28.7500000000341));
#5583=CARTESIAN_POINT('',(-6.10000000003575,-5.89999999999922,28.7500000000341));
#5584=CARTESIAN_POINT('Origin',(-5.45551222823856,-5.89999999999922,25.8000000000005));
#5585=CARTESIAN_POINT('',(-6.14493195870415,-3.89999999999879,25.1463942815088));
#5586=CARTESIAN_POINT('Origin',(-5.45551222823856,-3.89999999999942,25.8000000000005));
#5587=CARTESIAN_POINT('',(-6.14493195870415,-5.89999999999922,25.1463942815088));
#5588=CARTESIAN_POINT('Origin',(-6.78941973046598,-5.89999999999922,25.826196451725));
#5589=CARTESIAN_POINT('',(-6.78941973046598,-3.89999999999878,25.826196451725));
#5590=CARTESIAN_POINT('',(5.39598034051202,-3.89999999999895,12.9731032261405));
#5591=CARTESIAN_POINT('',(-6.78941973046598,-5.89999999999922,25.826196451725));
#5592=CARTESIAN_POINT('Origin',(-6.10000000000047,-5.89999999999922,26.4798021702165));
#5593=CARTESIAN_POINT('',(-7.05000000000047,-3.89999999999877,26.4798021702165));
#5594=CARTESIAN_POINT('Origin',(-6.10000000000047,-3.89999999999942,26.4798021702165));
#5595=CARTESIAN_POINT('',(-7.05000000000047,-5.89999999999922,26.4798021702165));
#5596=CARTESIAN_POINT('Origin',(-7.05000000000047,-5.89999999999922,27.7999999999446));
#5597=CARTESIAN_POINT('',(-7.05000000000046,-3.89999999999877,27.7999999999446));
#5598=CARTESIAN_POINT('',(-7.05000000000047,-3.89999999999877,24.3499999999725));
#5599=CARTESIAN_POINT('',(-7.05000000000046,-5.89999999999922,27.7999999999446));
#5600=CARTESIAN_POINT('Origin',(-6.10000000002489,-5.89999999999922,27.8000000000585));
#5601=CARTESIAN_POINT('Origin',(-6.10000000002489,-3.89999999999942,27.8000000000585));
#5602=CARTESIAN_POINT('Origin',(-18.8555122282389,-5.89999999999922,24.8500000000003));
#5603=CARTESIAN_POINT('',(-18.8555122282389,-3.89999999999861,24.8500000000003));
#5604=CARTESIAN_POINT('',(-14.5444877717961,-3.89999999999867,24.8500000000003));
#5605=CARTESIAN_POINT('',(10.3222438858805,-3.89999999999902,24.8500000000003));
#5606=CARTESIAN_POINT('',(-18.8555122282389,-5.89999999999922,24.8500000000003));
#5607=CARTESIAN_POINT('',(-14.5444877717961,-5.89999999999922,24.8500000000003));
#5608=CARTESIAN_POINT('Origin',(-14.5444877717961,-5.89999999999922,25.8000000000004));
#5609=CARTESIAN_POINT('',(-13.8550680413305,-3.89999999999868,25.1463942815087));
#5610=CARTESIAN_POINT('Origin',(-14.5444877717961,-3.89999999999942,25.8000000000004));
#5611=CARTESIAN_POINT('',(-13.8550680413305,-5.89999999999922,25.1463942815087));
#5612=CARTESIAN_POINT('Origin',(-13.8550680413305,-5.89999999999922,25.1463942815087));
#5613=CARTESIAN_POINT('',(-13.2105802695687,-3.89999999999869,25.8261964517249));
#5614=CARTESIAN_POINT('',(-2.28728622683637,-3.89999999999884,37.3480271543616));
#5615=CARTESIAN_POINT('',(-13.2105802695687,-5.89999999999922,25.8261964517249));
#5616=CARTESIAN_POINT('Origin',(-13.9000000000342,-5.89999999999922,26.4798021702165));
#5617=CARTESIAN_POINT('',(-12.9500000000342,-3.89999999999869,26.4798021702165));
#5618=CARTESIAN_POINT('Origin',(-13.9000000000342,-3.89999999999942,26.4798021702165));
#5619=CARTESIAN_POINT('',(-12.9500000000342,-5.89999999999922,26.4798021702165));
#5620=CARTESIAN_POINT('Origin',(-12.9500000000342,-5.89999999999922,26.4798021702165));
#5621=CARTESIAN_POINT('',(-12.9500000000342,-3.89999999999869,27.8000000000025));
#5622=CARTESIAN_POINT('',(-12.9500000000342,-3.89999999999869,23.6899010851084));
#5623=CARTESIAN_POINT('',(-12.9500000000342,-5.89999999999922,27.8000000000025));
#5624=CARTESIAN_POINT('Origin',(-13.9000000000333,-5.89999999999922,27.8000000000349));
#5625=CARTESIAN_POINT('',(-13.9000000000333,-3.89999999999868,28.7500000000341));
#5626=CARTESIAN_POINT('Origin',(-13.9000000000333,-3.89999999999942,27.8000000000349));
#5627=CARTESIAN_POINT('',(-13.9000000000333,-5.89999999999922,28.7500000000341));
#5628=CARTESIAN_POINT('Origin',(-13.9000000000333,-5.89999999999922,28.7500000000341));
#5629=CARTESIAN_POINT('',(-19.5000000000361,-3.8999999999986,28.7500000000341));
#5630=CARTESIAN_POINT('',(12.7999999999833,-3.89999999999905,28.750000000034));
#5631=CARTESIAN_POINT('',(-19.5000000000361,-5.89999999999922,28.7500000000341));
#5632=CARTESIAN_POINT('Origin',(-18.8555122282389,-5.89999999999922,25.8000000000005));
#5633=CARTESIAN_POINT('',(-19.5449319587045,-3.8999999999986,25.1463942815087));
#5634=CARTESIAN_POINT('Origin',(-18.8555122282389,-3.89999999999942,25.8000000000005));
#5635=CARTESIAN_POINT('',(-19.5449319587045,-5.89999999999922,25.1463942815087));
#5636=CARTESIAN_POINT('Origin',(-20.1894197304663,-5.89999999999922,25.826196451725));
#5637=CARTESIAN_POINT('',(-20.1894197304663,-3.89999999999859,25.826196451725));
#5638=CARTESIAN_POINT('',(-4.83255936459516,-3.89999999999881,9.62786428494352));
#5639=CARTESIAN_POINT('',(-20.1894197304663,-5.89999999999922,25.826196451725));
#5640=CARTESIAN_POINT('Origin',(-19.5000000000008,-5.89999999999922,26.4798021702165));
#5641=CARTESIAN_POINT('',(-20.4500000000008,-3.89999999999859,26.4798021702165));
#5642=CARTESIAN_POINT('Origin',(-19.5000000000008,-3.89999999999942,26.4798021702165));
#5643=CARTESIAN_POINT('',(-20.4500000000008,-5.89999999999922,26.4798021702165));
#5644=CARTESIAN_POINT('Origin',(-20.4500000000008,-5.89999999999922,27.7999999999446));
#5645=CARTESIAN_POINT('',(-20.4500000000008,-3.89999999999859,27.7999999999446));
#5646=CARTESIAN_POINT('',(-20.4500000000008,-3.89999999999859,24.3499999999724));
#5647=CARTESIAN_POINT('',(-20.4500000000008,-5.89999999999922,27.7999999999446));
#5648=CARTESIAN_POINT('Origin',(-19.5000000000252,-5.89999999999922,27.8000000000585));
#5649=CARTESIAN_POINT('Origin',(-19.5000000000252,-3.89999999999942,27.8000000000585));
#5650=CARTESIAN_POINT('Origin',(-34.47,-5.89999999999922,26.6500000000003));
#5651=CARTESIAN_POINT('',(-36.27,-3.89999999999837,26.6500000000003));
#5652=CARTESIAN_POINT('',(-34.47,-3.89999999999839,24.8500000000003));
#5653=CARTESIAN_POINT('Origin',(-34.47,-3.89999999999942,26.6500000000003));
#5654=CARTESIAN_POINT('',(-36.27,-5.89999999999922,26.6500000000003));
#5655=CARTESIAN_POINT('',(-34.47,-5.89999999999922,24.8500000000003));
#5656=CARTESIAN_POINT('Origin',(-34.47,-5.89999999999922,24.8500000000003));
#5657=CARTESIAN_POINT('',(-28.13,-3.89999999999848,24.8500000000003));
#5658=CARTESIAN_POINT('',(2.51499999999998,-3.89999999999891,24.8500000000003));
#5659=CARTESIAN_POINT('',(-28.13,-5.89999999999922,24.8500000000003));
#5660=CARTESIAN_POINT('Origin',(-28.13,-5.89999999999922,26.6500000000003));
#5661=CARTESIAN_POINT('',(-26.33,-3.89999999999851,26.6500000000003));
#5662=CARTESIAN_POINT('Origin',(-28.13,-3.89999999999942,26.6500000000003));
#5663=CARTESIAN_POINT('',(-26.33,-5.89999999999922,26.6500000000003));
#5664=CARTESIAN_POINT('Origin',(-26.33,-5.89999999999922,26.6500000000003));
#5665=CARTESIAN_POINT('',(-26.33,-3.89999999999851,27.2100000000003));
#5666=CARTESIAN_POINT('',(-26.33,-3.89999999999851,23.7750000000005));
#5667=CARTESIAN_POINT('',(-26.33,-5.89999999999922,27.2100000000003));
#5668=CARTESIAN_POINT('Origin',(-28.13,-5.89999999999922,27.2100000000003));
#5669=CARTESIAN_POINT('',(-28.13,-3.89999999999848,29.0100000000003));
#5670=CARTESIAN_POINT('Origin',(-28.13,-3.89999999999942,27.2100000000003));
#5671=CARTESIAN_POINT('',(-28.13,-5.89999999999922,29.0100000000003));
#5672=CARTESIAN_POINT('Origin',(-36.27,-5.89999999999922,27.2100000000003));
#5673=CARTESIAN_POINT('',(-36.27,-3.89999999999837,27.2100000000003));
#5674=CARTESIAN_POINT('',(-36.27,-3.89999999999837,24.0550000000006));
#5675=CARTESIAN_POINT('',(-36.27,-5.89999999999922,27.2100000000003));
#5676=CARTESIAN_POINT('Origin',(-34.47,-5.89999999999922,27.2100000000003));
#5677=CARTESIAN_POINT('',(-34.47,-3.89999999999839,29.0100000000003));
#5678=CARTESIAN_POINT('Origin',(-34.47,-3.89999999999942,27.2100000000003));
#5679=CARTESIAN_POINT('',(-34.47,-5.89999999999922,29.0100000000003));
#5680=CARTESIAN_POINT('Origin',(-28.13,-5.89999999999922,29.0100000000003));
#5681=CARTESIAN_POINT('',(5.68499999999998,-3.89999999999895,29.0100000000003));
#5682=CARTESIAN_POINT('Origin',(45.500000000001,-0.449999999999561,38.6499999999999));
#5683=CARTESIAN_POINT('',(45.4747384880015,-0.449999999999567,39.1499999999998));
#5684=CARTESIAN_POINT('',(45.4074106002551,-0.949999999999566,38.6499999999999));
#5685=CARTESIAN_POINT('Ctrl Pts',(45.4747384880015,-0.449999999999565,39.15));
#5686=CARTESIAN_POINT('Ctrl Pts',(45.4689375732229,-0.513016270533287,39.15));
#5687=CARTESIAN_POINT('Ctrl Pts',(45.4616526849025,-0.580117036043907,39.137368922636));
#5688=CARTESIAN_POINT('Ctrl Pts',(45.4462867813355,-0.703452196730956,39.0861432016308));
#5689=CARTESIAN_POINT('Ctrl Pts',(45.4382609776762,-0.759695027037958,39.0475523208584));
#5690=CARTESIAN_POINT('Ctrl Pts',(45.4247690317861,-0.84820958963094,38.9587558740217));
#5691=CARTESIAN_POINT('Ctrl Pts',(45.4183959500981,-0.88653738027354,38.9027110455155));
#5692=CARTESIAN_POINT('Ctrl Pts',(45.4096864154914,-0.937435829246405,38.7797461522044));
#5693=CARTESIAN_POINT('Ctrl Pts',(45.4074106002551,-0.949999999999562,38.7128191147451));
#5694=CARTESIAN_POINT('Ctrl Pts',(45.4074106002551,-0.949999999999561,38.6499999999999));
#5695=CARTESIAN_POINT('',(43.3597279696891,-0.949999999999369,38.65));
#5696=CARTESIAN_POINT('',(45.500000000001,-0.949999999999561,38.6499999999999));
#5697=CARTESIAN_POINT('',(43.4620070671315,-0.449999999999567,39.1499999999998));
#5698=CARTESIAN_POINT('Ctrl Pts',(43.359727969689,-0.949999999999561,38.65));
#5699=CARTESIAN_POINT('Ctrl Pts',(43.359727969689,-0.949999999999562,38.712873216906));
#5700=CARTESIAN_POINT('Ctrl Pts',(43.3632193391112,-0.937412087601795,38.7797503754003));
#5701=CARTESIAN_POINT('Ctrl Pts',(43.376487325454,-0.886678015748509,38.9024242978689));
#5702=CARTESIAN_POINT('Ctrl Pts',(43.3861643685599,-0.848546580195774,38.9582378995191));
#5703=CARTESIAN_POINT('Ctrl Pts',(43.4066387629401,-0.760381257429022,39.0470438930126));
#5704=CARTESIAN_POINT('Ctrl Pts',(43.4188447603953,-0.70411822363392,39.0857761466782));
#5705=CARTESIAN_POINT('Ctrl Pts',(43.4421741057741,-0.580598040749732,39.1372587366919));
#5706=CARTESIAN_POINT('Ctrl Pts',(43.4532168148668,-0.513321893807669,39.15));
#5707=CARTESIAN_POINT('Ctrl Pts',(43.4620070671315,-0.449999999999561,39.15));
#5708=CARTESIAN_POINT('',(45.500000000001,-0.449999999999567,39.1499999999999));
#5709=CARTESIAN_POINT('Origin',(45.5000000000008,-0.949999999999416,25.1999999999999));
#5710=CARTESIAN_POINT('',(45.407410600255,-0.949999999999416,25.1999999999999));
#5711=CARTESIAN_POINT('',(45.4074106002549,-0.949999999999369,20.8999999999993));
#5712=CARTESIAN_POINT('',(43.359727969689,-0.949999999999416,25.2));
#5713=CARTESIAN_POINT('',(45.5000000000008,-0.949999999999416,25.1999999999999));
#5714=CARTESIAN_POINT('',(43.3597279696891,-0.949999999999369,20.9000000000003));
#5715=CARTESIAN_POINT('Origin',(45.5000000000007,15.0500000000004,38.6500000000001));
#5716=CARTESIAN_POINT('',(45.5000000000007,15.5500000000004,38.6500000000001));
#5717=CARTESIAN_POINT('',(45.5000000000007,15.0500000000004,39.1500000000001));
#5718=CARTESIAN_POINT('Origin',(45.5000000000015,15.0500000000004,38.6500000000001));
#5719=CARTESIAN_POINT('',(43.5000000000002,15.0500000000004,39.1500000000002));
#5720=CARTESIAN_POINT('',(45.5000000000008,15.0500000000004,39.1500000000001));
#5721=CARTESIAN_POINT('',(43.5000000000002,15.5500000000004,38.6500000000002));
#5722=CARTESIAN_POINT('Origin',(43.5000000000012,15.0500000000004,38.6500000000002));
#5723=CARTESIAN_POINT('',(45.5000000000007,15.5500000000004,38.6500000000001));
#5724=CARTESIAN_POINT('Origin',(45.5000000000008,-0.949999999999567,39.1499999999999));
#5725=CARTESIAN_POINT('',(43.5,0.100000000000519,39.15));
#5726=CARTESIAN_POINT('Origin',(39.5,0.100000000000585,39.1499999999999));
#5727=CARTESIAN_POINT('',(43.5000000000003,24.5750000000004,39.1500000000003));
#5728=CARTESIAN_POINT('',(45.5000000000008,0.100000000000156,39.1499999999999));
#5729=CARTESIAN_POINT('',(45.5000000000009,24.5750000000002,39.1500000000002));
#5730=CARTESIAN_POINT('Origin',(39.5000000000005,0.100000000000152,39.15));
#5731=CARTESIAN_POINT('Origin',(45.5000000000008,19.9000000000005,41.3926246498902));
#5732=CARTESIAN_POINT('',(43.5000000000003,18.9000000000005,41.3926246498902));
#5733=CARTESIAN_POINT('',(43.5000000000003,19.9000000000005,42.3926246498902));
#5734=CARTESIAN_POINT('Origin',(43.5000000000007,19.9000000000005,41.3926246498902));
#5735=CARTESIAN_POINT('',(45.5000000000008,19.9000000000005,42.3926246498902));
#5736=CARTESIAN_POINT('',(45.5000000000008,19.9000000000005,42.3926246498902));
#5737=CARTESIAN_POINT('',(45.5000000000008,18.9000000000005,41.3926246498902));
#5738=CARTESIAN_POINT('Origin',(45.500000000001,19.9000000000005,41.3926246498902));
#5739=CARTESIAN_POINT('',(45.5000000000008,18.9000000000005,41.3926246498902));
#5740=CARTESIAN_POINT('Origin',(45.5000000000008,33.4999992512167,42.3926246498902));
#5741=CARTESIAN_POINT('',(43.5000000000004,32.4999992512167,42.3926246498902));
#5742=CARTESIAN_POINT('',(43.5000000000006,41.7999996256086,42.3926246498902));
#5743=CARTESIAN_POINT('',(45.500000000001,32.4999992512167,42.3926246498902));
#5744=CARTESIAN_POINT('',(45.5000000000008,32.4999992512167,42.3926246498902));
#5745=CARTESIAN_POINT('',(45.5000000000012,41.7999996256085,42.3926246498902));
#5746=CARTESIAN_POINT('Origin',(45.5000000000008,32.4999992512167,41.3926246498902));
#5747=CARTESIAN_POINT('',(45.500000000001,33.4999992512167,41.3926246498902));
#5748=CARTESIAN_POINT('Origin',(45.500000000001,32.4999992512167,41.3926246498902));
#5749=CARTESIAN_POINT('',(43.5000000000005,33.4999992512167,41.3926246498902));
#5750=CARTESIAN_POINT('Origin',(43.5000000000007,32.4999992512167,41.3926246498902));
#5751=CARTESIAN_POINT('',(45.5000000000008,33.4999992512167,41.3926246498902));
#5752=CARTESIAN_POINT('Origin',(45.4000000000008,51.2208205816322,25.2500006318556));
#5753=CARTESIAN_POINT('',(43.5000000000007,50.1000000000005,25.2500006318556));
#5754=CARTESIAN_POINT('',(43.3311213621744,51.2500039601225,25.2500006318556));
#5755=CARTESIAN_POINT('Origin',(39.5000000000007,50.1000000000006,25.2500006318556));
#5756=CARTESIAN_POINT('',(43.5000000000005,36.9499999999995,25.2500006318556));
#5757=CARTESIAN_POINT('',(43.5000000000007,50.6604102908164,25.2500006318556));
#5758=CARTESIAN_POINT('',(45.5000000000009,36.9499999999995,25.2500006318556));
#5759=CARTESIAN_POINT('',(45.4000000000006,36.9499999999995,25.2500006318556));
#5760=CARTESIAN_POINT('',(45.500000000001,50.1000000000002,25.2500006318556));
#5761=CARTESIAN_POINT('',(45.500000000001,50.6604102908162,25.2500006318556));
#5762=CARTESIAN_POINT('',(45.3887597074185,51.2500039601225,25.2500006318556));
#5763=CARTESIAN_POINT('Origin',(39.5000000000011,50.1000000000003,25.2500006318557));
#5764=CARTESIAN_POINT('',(45.4000000000008,51.2500039601225,25.2500006318556));
#5765=CARTESIAN_POINT('Origin',(45.4000000000008,51.2500039601225,31.6499999999986));
#5766=CARTESIAN_POINT('',(45.3887597074186,51.2500039601225,31.6499999999986));
#5767=CARTESIAN_POINT('',(45.3887597074184,51.2500039601225,20.8999999999999));
#5768=CARTESIAN_POINT('',(43.3311213621744,51.2500039601225,31.6499999999986));
#5769=CARTESIAN_POINT('',(45.4000000000008,51.2500039601225,31.6499999999986));
#5770=CARTESIAN_POINT('',(43.3311213621744,51.2500039601225,20.9000000000003));
#5771=CARTESIAN_POINT('Origin',(39.500000000001,50.1000000000003,20.9));
#5772=CARTESIAN_POINT('',(39.5000000000011,56.1000000000003,20.9));
#5773=CARTESIAN_POINT('',(45.5000000000013,50.1,41.4500000000001));
#5774=CARTESIAN_POINT('',(45.500000000001,50.1000000000003,20.8999999999999));
#5775=CARTESIAN_POINT('',(45.483101202555,50.5499999999996,41.4500000000001));
#5776=CARTESIAN_POINT('Origin',(39.5000000000013,50.1000000000001,41.4500000000002));
#5777=CARTESIAN_POINT('',(45.3887604807817,51.2500039601225,40.7500000000003));
#5778=CARTESIAN_POINT('Ctrl Pts',(45.4831012025549,50.5500000000014,41.4500000000002));
#5779=CARTESIAN_POINT('Ctrl Pts',(45.4817147425611,50.5684340676814,41.4500000000002));
#5780=CARTESIAN_POINT('Ctrl Pts',(45.480241248252,50.5868844757002,41.4492718520614));
#5781=CARTESIAN_POINT('Ctrl Pts',(45.4710301880556,50.6958673799345,41.4406338294431));
#5782=CARTESIAN_POINT('Ctrl Pts',(45.4614413374134,50.7840088792821,41.4159149452928));
#5783=CARTESIAN_POINT('Ctrl Pts',(45.4410368238282,50.9427599058996,41.3359526046594));
#5784=CARTESIAN_POINT('Ctrl Pts',(45.4304786417015,51.0126390432662,41.2825173845576));
#5785=CARTESIAN_POINT('Ctrl Pts',(45.4128027093913,51.120432469559,41.1624349190959));
#5786=CARTESIAN_POINT('Ctrl Pts',(45.4055312425369,51.1609553693209,41.099663623043));
#5787=CARTESIAN_POINT('Ctrl Pts',(45.400000000001,51.1908712114652,41.0315743069151));
#5788=CARTESIAN_POINT('Ctrl Pts',(45.3996291023486,51.1928772192558,41.027008575556));
#5789=CARTESIAN_POINT('Ctrl Pts',(45.3992660881063,51.1948348686882,41.0224204047068));
#5790=CARTESIAN_POINT('Ctrl Pts',(45.3922837936573,51.2323896327414,40.9317286361611));
#5791=CARTESIAN_POINT('Ctrl Pts',(45.3887604807817,51.2499999999996,40.8380008671468));
#5792=CARTESIAN_POINT('Ctrl Pts',(45.3887604807817,51.2499999999996,40.7500000000002));
#5793=CARTESIAN_POINT('',(45.3887597074186,51.2500039601225,35.6500000000002));
#5794=CARTESIAN_POINT('',(45.3887597074184,51.2500039601225,20.8999999999999));
#5795=CARTESIAN_POINT('',(45.1742840958147,52.0499999999996,35.6500000000003));
#5796=CARTESIAN_POINT('Origin',(39.5000000000012,50.1000000000002,35.6500000000003));
#5797=CARTESIAN_POINT('',(45.1742840958146,52.0499999999997,31.6499999999986));
#5798=CARTESIAN_POINT('',(45.1742840958145,52.0499999999997,20.8999999999999));
#5799=CARTESIAN_POINT('Origin',(39.5000000000011,50.1000000000002,31.6499999999987));
#5800=CARTESIAN_POINT('',(45.500000000001,50.1000000000003,20.8999999999999));
#5801=CARTESIAN_POINT('Origin',(39.5000000000007,50.1000000000006,20.9000000000003));
#5802=CARTESIAN_POINT('',(42.9924919470213,52.0499999999996,31.6499999999986));
#5803=CARTESIAN_POINT('Origin',(39.5000000000007,50.1000000000006,31.6499999999986));
#5804=CARTESIAN_POINT('',(42.9924919470213,52.0499999999996,35.6500000000003));
#5805=CARTESIAN_POINT('',(42.9924919470213,52.0499999999997,20.9000000000003));
#5806=CARTESIAN_POINT('',(43.3311213621744,51.2500039601225,35.6500000000003));
#5807=CARTESIAN_POINT('Origin',(39.5000000000007,50.1000000000006,35.6500000000002));
#5808=CARTESIAN_POINT('',(43.3311225508991,51.2500039601225,40.7500000000003));
#5809=CARTESIAN_POINT('',(43.3311213621744,51.2500039601225,20.9000000000003));
#5810=CARTESIAN_POINT('',(43.4746068988023,50.5499999999995,41.4500000000001));
#5811=CARTESIAN_POINT('Ctrl Pts',(43.3311225508991,51.2499999999995,40.7500000000003));
#5812=CARTESIAN_POINT('Ctrl Pts',(43.3311225508991,51.2499999999995,40.8385368974126));
#5813=CARTESIAN_POINT('Ctrl Pts',(43.3366089191732,51.2321751915722,40.9326132718582));
#5814=CARTESIAN_POINT('Ctrl Pts',(43.3570361826519,51.1605001257489,41.1049651168323));
#5815=CARTESIAN_POINT('Ctrl Pts',(43.3717745340755,51.1066746549095,41.1832748387515));
#5816=CARTESIAN_POINT('Ctrl Pts',(43.4018552578391,50.9829496385124,41.3069998551486));
#5817=CARTESIAN_POINT('Ctrl Pts',(43.4192333476932,50.9045331570336,41.3607381564351));
#5818=CARTESIAN_POINT('Ctrl Pts',(43.4506791346835,50.7322958236585,41.4322485586898));
#5819=CARTESIAN_POINT('Ctrl Pts',(43.4645939997949,50.6384385277145,41.4500000000003));
#5820=CARTESIAN_POINT('Ctrl Pts',(43.4746068988023,50.5499999999995,41.4500000000003));
#5821=CARTESIAN_POINT('',(43.5000000000007,50.1000000000005,41.4500000000001));
#5822=CARTESIAN_POINT('Origin',(39.5000000000007,50.1000000000006,41.4500000000001));
#5823=CARTESIAN_POINT('',(43.5000000000007,50.1000000000005,20.9000000000003));
#5824=CARTESIAN_POINT('',(39.5000000000008,54.1000000000006,20.9000000000003));
#5825=CARTESIAN_POINT('',(39.5000000000008,54.1000000000006,20.9000000000003));
#5826=CARTESIAN_POINT('',(43.5000000000007,50.1000000000005,20.9000000000003));
#5827=CARTESIAN_POINT('Origin',(39.5000000000007,50.1000000000006,20.9000000000003));
#5828=CARTESIAN_POINT('',(43.5000000000007,50.1000000000005,20.9000000000003));
#5829=CARTESIAN_POINT('Origin',(45.5000000000008,18.9000000000005,42.3926246498902));
#5830=CARTESIAN_POINT('',(45.5000000000006,18.9000000000005,25.4300000000003));
#5831=CARTESIAN_POINT('',(45.5000000000007,18.9000000000005,31.646312324945));
#5832=CARTESIAN_POINT('',(43.5000000000003,18.9000000000005,25.4300000000003));
#5833=CARTESIAN_POINT('',(45.5000000000008,18.9000000000005,25.4300000000003));
#5834=CARTESIAN_POINT('',(43.5000000000003,18.9000000000005,31.6463123249452));
#5835=CARTESIAN_POINT('Origin',(45.5000000000008,18.9000000000005,25.4300000000003));
#5836=CARTESIAN_POINT('',(43.5000000000005,33.4999992512167,25.4300000000003));
#5837=CARTESIAN_POINT('',(43.5000000000005,34.5000000000005,25.4300000000003));
#5838=CARTESIAN_POINT('',(45.5000000000008,33.4999992512167,25.4300000000003));
#5839=CARTESIAN_POINT('',(45.5000000000008,34.5000000000004,25.4300000000003));
#5840=CARTESIAN_POINT('',(45.5000000000008,33.4999992512167,25.4300000000003));
#5841=CARTESIAN_POINT('Origin',(45.5000000000008,33.4999992512167,25.4300000000003));
#5842=CARTESIAN_POINT('',(43.5000000000005,33.4999992512167,23.1650000000003));
#5843=CARTESIAN_POINT('',(45.5000000000008,33.4999992512167,23.1650000000001));
#5844=CARTESIAN_POINT('Origin',(45.4000000000008,37.6499999999995,41.4500000000001));
#5845=CARTESIAN_POINT('',(45.400000000001,50.5499999999996,41.4500000000001));
#5846=CARTESIAN_POINT('',(45.5000000000011,37.6499999999995,41.4500000000001));
#5847=CARTESIAN_POINT('',(45.5000000000013,50.3249999999999,41.4500000000001));
#5848=CARTESIAN_POINT('',(43.5000000000005,37.6499999999995,41.4500000000001));
#5849=CARTESIAN_POINT('',(45.4000000000008,37.6499999999995,41.4500000000001));
#5850=CARTESIAN_POINT('',(43.5000000000006,43.875,41.4500000000001));
#5851=CARTESIAN_POINT('Origin',(45.4000000000009,51.2499999999996,35.6500000000002));
#5852=CARTESIAN_POINT('',(45.4000000000009,52.0499999999996,35.6500000000003));
#5853=CARTESIAN_POINT('',(45.4000000000009,51.2500039601225,35.6500000000002));
#5854=CARTESIAN_POINT('Origin',(45.4000000000009,52.0499999999996,35.6500000000003));
#5855=CARTESIAN_POINT('',(45.4000000000009,52.0499999999996,31.6499999999986));
#5856=CARTESIAN_POINT('Origin',(45.400000000001,51.2500039601225,40.7500000000003));
#5857=CARTESIAN_POINT('',(45.400000000001,51.2500039601225,40.7500000000003));
#5858=CARTESIAN_POINT('Origin',(45.4000000000009,52.0499999999996,31.6499999999986));
#5859=CARTESIAN_POINT('Origin',(45.400000000001,50.5499999999996,40.7500000000002));
#5860=CARTESIAN_POINT('Origin',(45.4000000000008,37.6499999999996,40.7500000000001));
#5861=CARTESIAN_POINT('',(43.5000000000005,36.9499999999995,40.7500000000001));
#5862=CARTESIAN_POINT('Origin',(43.5000000000011,37.6499999999995,40.7500000000001));
#5863=CARTESIAN_POINT('',(45.5000000000011,36.9499999999995,40.7500000000001));
#5864=CARTESIAN_POINT('Origin',(45.5000000000014,37.6499999999996,40.7500000000001));
#5865=CARTESIAN_POINT('',(45.4000000000008,36.9499999999995,40.7500000000001));
#5866=CARTESIAN_POINT('Origin',(45.4000000000007,36.9499999999995,35.6500000000001));
#5867=CARTESIAN_POINT('',(43.5000000000005,36.9499999999995,35.6500000000001));
#5868=CARTESIAN_POINT('',(43.5000000000005,36.9499999999995,28.2750000000002));
#5869=CARTESIAN_POINT('',(45.500000000001,36.9499999999995,35.6500000000001));
#5870=CARTESIAN_POINT('',(45.5000000000009,36.9499999999995,30.825));
#5871=CARTESIAN_POINT('',(45.4000000000007,36.9499999999995,35.6500000000001));
#5872=CARTESIAN_POINT('Origin',(45.4000000000007,36.1499999999996,35.6500000000001));
#5873=CARTESIAN_POINT('',(43.5000000000005,36.1499999999996,35.6500000000001));
#5874=CARTESIAN_POINT('',(43.5000000000006,43.125,35.6500000000002));
#5875=CARTESIAN_POINT('',(45.500000000001,36.1499999999996,35.6500000000001));
#5876=CARTESIAN_POINT('',(45.5000000000011,43.5249999999998,35.6500000000001));
#5877=CARTESIAN_POINT('',(45.4000000000007,36.1499999999996,35.6500000000001));
#5878=CARTESIAN_POINT('Origin',(45.4000000000006,36.1499999999997,31.6499999999984));
#5879=CARTESIAN_POINT('',(43.5000000000005,36.1499999999996,31.6499999999985));
#5880=CARTESIAN_POINT('',(43.5000000000005,36.1499999999997,26.2749999999993));
#5881=CARTESIAN_POINT('',(45.5000000000009,36.1499999999997,31.6499999999984));
#5882=CARTESIAN_POINT('',(45.5000000000009,36.1499999999997,28.2749999999999));
#5883=CARTESIAN_POINT('',(45.4000000000006,36.1499999999997,31.6499999999984));
#5884=CARTESIAN_POINT('Origin',(45.4000000000006,36.9499999999995,31.6499999999984));
#5885=CARTESIAN_POINT('',(43.5000000000005,36.9499999999995,31.6499999999985));
#5886=CARTESIAN_POINT('',(43.5000000000006,43.525,31.6499999999985));
#5887=CARTESIAN_POINT('',(45.5000000000009,36.9499999999995,31.6499999999984));
#5888=CARTESIAN_POINT('',(45.500000000001,43.1249999999999,31.6499999999985));
#5889=CARTESIAN_POINT('',(45.4000000000006,36.9499999999995,31.6499999999984));
#5890=CARTESIAN_POINT('Origin',(45.4000000000006,36.9499999999995,25.3500006318556));
#5891=CARTESIAN_POINT('',(43.5000000000005,36.9499999999995,23.1250003159279));
#5892=CARTESIAN_POINT('',(45.5000000000008,36.9499999999995,23.1250003159277));
#5893=CARTESIAN_POINT('Origin',(45.5000000000008,-0.0999999999994167,25.2));
#5894=CARTESIAN_POINT('',(45.4966657402263,-0.0999999999994167,25.2));
#5895=CARTESIAN_POINT('Origin',(39.5000000000003,0.100000000000307,25.2));
#5896=CARTESIAN_POINT('',(43.4949968710876,-0.0999999999994167,25.2));
#5897=CARTESIAN_POINT('',(45.5000000000008,-0.0999999999994167,25.2));
#5898=CARTESIAN_POINT('Origin',(39.5,0.100000000000585,25.2));
#5899=CARTESIAN_POINT('Origin',(45.5000000000008,-0.0999999999994128,24.85));
#5900=CARTESIAN_POINT('',(45.4966657402263,-0.0999999999994128,24.85));
#5901=CARTESIAN_POINT('',(45.4966657402263,-0.0999999999993689,20.8999999999994));
#5902=CARTESIAN_POINT('',(43.4949968710876,-0.0999999999994128,24.85));
#5903=CARTESIAN_POINT('',(45.5000000000008,-0.0999999999994128,24.85));
#5904=CARTESIAN_POINT('',(43.4949968710876,-0.0999999999993689,20.9000000000003));
#5905=CARTESIAN_POINT('Origin',(45.5000000000008,15.5500000000006,25.2000000000001));
#5906=CARTESIAN_POINT('',(43.5000000000002,14.9000000000006,25.2000000000002));
#5907=CARTESIAN_POINT('',(43.5000000000002,15.5500000000006,25.2000000000002));
#5908=CARTESIAN_POINT('',(43.5000000000004,32.8250000000005,25.2000000000004));
#5909=CARTESIAN_POINT('',(45.5000000000008,14.9000000000006,25.2000000000001));
#5910=CARTESIAN_POINT('',(45.5000000000008,14.9000000000006,25.2000000000001));
#5911=CARTESIAN_POINT('',(45.5000000000008,15.5500000000006,25.2000000000001));
#5912=CARTESIAN_POINT('',(45.5000000000008,32.8250000000004,25.2000000000004));
#5913=CARTESIAN_POINT('',(45.5000000000008,15.5500000000006,25.2000000000001));
#5914=CARTESIAN_POINT('Origin',(45.5000000000008,15.5500000000004,39.1500000000001));
#5915=CARTESIAN_POINT('',(43.5000000000002,15.5500000000005,30.025));
#5916=CARTESIAN_POINT('',(45.5000000000006,15.5500000000005,30.0249999999998));
#5917=CARTESIAN_POINT('Origin',(45.5000000000008,14.9000000000006,24.8500000000001));
#5918=CARTESIAN_POINT('',(45.5000000000008,0.1000000000003,24.85));
#5919=CARTESIAN_POINT('Origin',(39.5000000000003,0.100000000000311,24.85));
#5920=CARTESIAN_POINT('',(45.5000000000008,14.9000000000006,24.8500000000001));
#5921=CARTESIAN_POINT('',(45.5000000000008,32.5000000000004,24.8500000000003));
#5922=CARTESIAN_POINT('',(43.5000000000002,14.9000000000006,24.8500000000002));
#5923=CARTESIAN_POINT('',(45.5000000000008,14.9000000000006,24.8500000000001));
#5924=CARTESIAN_POINT('',(43.5,0.100000000000519,24.85));
#5925=CARTESIAN_POINT('',(43.5000000000004,32.5000000000005,24.8500000000003));
#5926=CARTESIAN_POINT('Origin',(39.5,0.100000000000585,24.8500000000001));
#5927=CARTESIAN_POINT('Origin',(45.5000000000008,14.9000000000006,25.2000000000001));
#5928=CARTESIAN_POINT('',(43.5000000000002,14.9000000000006,23.0500000000001));
#5929=CARTESIAN_POINT('',(45.5000000000005,14.9000000000006,23.0499999999999));
#5930=CARTESIAN_POINT('Origin',(39.5000000000003,0.100000000000355,20.8999999999994));
#5931=CARTESIAN_POINT('',(45.5000000000003,0.100000000000257,20.8999999999994));
#5932=CARTESIAN_POINT('',(45.5000000000003,0.100000000000257,20.8999999999994));
#5933=CARTESIAN_POINT('Origin',(39.5,0.100000000000585,20.9000000000003));
#5934=CARTESIAN_POINT('',(43.5,0.100000000000519,20.9000000000003));
#5935=CARTESIAN_POINT('',(43.5,0.100000000000519,20.9000000000003));
#5936=CARTESIAN_POINT('',(39.5,-3.89999999999942,20.9000000000003));
#5937=CARTESIAN_POINT('Origin',(39.5,0.100000000000585,20.9000000000003));
#5938=CARTESIAN_POINT('',(39.5,-3.89999999999942,20.9000000000003));
#5939=CARTESIAN_POINT('',(43.5,0.100000000000519,20.9000000000003));
#5940=CARTESIAN_POINT('Origin',(43.5000000000007,50.1000000000005,20.9000000000003));
#5941=CARTESIAN_POINT('',(43.5000000000005,37.6000000000004,20.8999999999998));
#5942=CARTESIAN_POINT('Origin',(-39.4999999999993,54.1000000000017,20.9000000000003));
#5943=CARTESIAN_POINT('',(-39.4999999999993,54.1000000000017,20.9000000000003));
#5944=CARTESIAN_POINT('',(-19.7499999999991,54.1000000000014,20.9000000000009));
#5945=CARTESIAN_POINT('',(-39.4999999999993,54.1000000000017,20.9000000000003));
#5946=CARTESIAN_POINT('Origin',(-39.4999999999993,50.1000000000017,20.9000000000003));
#5947=CARTESIAN_POINT('',(-43.4999999999993,50.1000000000017,20.9000000000003));
#5948=CARTESIAN_POINT('Origin',(-39.4999999999993,50.1000000000017,20.9000000000003));
#5949=CARTESIAN_POINT('',(-43.4999999999993,50.1000000000017,20.9000000000003));
#5950=CARTESIAN_POINT('Origin',(-43.5,0.10000000000173,20.9000000000003));
#5951=CARTESIAN_POINT('',(-43.5,0.10000000000173,20.9000000000003));
#5952=CARTESIAN_POINT('',(-43.4999999999998,12.6000000000016,20.9000000000007));
#5953=CARTESIAN_POINT('',(-43.5,0.10000000000173,20.9000000000003));
#5954=CARTESIAN_POINT('Origin',(-39.5,0.10000000000167,20.9000000000003));
#5955=CARTESIAN_POINT('',(-39.5000000000007,-3.89999999999832,20.9000000000003));
#5956=CARTESIAN_POINT('Origin',(-39.5,0.10000000000167,20.9000000000003));
#5957=CARTESIAN_POINT('',(-39.5000000000007,-3.89999999999832,20.9000000000003));
#5958=CARTESIAN_POINT('Origin',(39.5,-3.89999999999942,20.9000000000003));
#5959=CARTESIAN_POINT('',(19.7500000000001,-3.89999999999915,20.8999999999997));
#5960=CARTESIAN_POINT('Origin',(19.,0.600000000000899,20.9000000000003));
#5961=CARTESIAN_POINT('',(22.,0.6000000000009,23.6000000000003));
#5962=CARTESIAN_POINT('Origin',(19.,0.600000000000899,23.6000000000003));
#5963=CARTESIAN_POINT('',(22.,0.6000000000009,20.9000000000003));
#5964=CARTESIAN_POINT('',(22.,0.6000000000009,20.9000000000003));
#5965=CARTESIAN_POINT('Origin',(19.,0.600000000000899,20.9000000000003));
#5966=CARTESIAN_POINT('Origin',(19.,0.600000000000899,23.6000000000003));
#5967=CARTESIAN_POINT('Origin',(19.0000000000007,49.6000000000009,20.9000000000003));
#5968=CARTESIAN_POINT('',(22.0000000000007,49.6000000000009,23.6000000000003));
#5969=CARTESIAN_POINT('Origin',(19.0000000000007,49.6000000000009,23.6000000000003));
#5970=CARTESIAN_POINT('',(22.0000000000007,49.6000000000009,20.9000000000003));
#5971=CARTESIAN_POINT('',(22.0000000000007,49.6000000000009,20.9000000000003));
#5972=CARTESIAN_POINT('Origin',(19.0000000000007,49.6000000000009,20.9000000000003));
#5973=CARTESIAN_POINT('Origin',(19.0000000000007,49.6000000000009,23.6000000000003));
#5974=CARTESIAN_POINT('Origin',(-39.,0.600000000001685,20.9000000000003));
#5975=CARTESIAN_POINT('',(-36.,0.600000000001686,23.6000000000003));
#5976=CARTESIAN_POINT('Origin',(-39.,0.600000000001685,23.6000000000003));
#5977=CARTESIAN_POINT('',(-36.,0.600000000001686,20.9000000000003));
#5978=CARTESIAN_POINT('',(-36.,0.600000000001686,20.9000000000003));
#5979=CARTESIAN_POINT('Origin',(-39.,0.600000000001685,20.9000000000003));
#5980=CARTESIAN_POINT('Origin',(-39.,0.600000000001685,23.6000000000003));
#5981=CARTESIAN_POINT('Origin',(-38.9999999999993,49.6000000000017,20.9000000000003));
#5982=CARTESIAN_POINT('',(-35.9999999999993,49.6000000000017,23.6000000000003));
#5983=CARTESIAN_POINT('Origin',(-38.9999999999993,49.6000000000017,23.6000000000003));
#5984=CARTESIAN_POINT('',(-35.9999999999993,49.6000000000017,20.9000000000003));
#5985=CARTESIAN_POINT('',(-35.9999999999993,49.6000000000017,20.9000000000003));
#5986=CARTESIAN_POINT('Origin',(-38.9999999999993,49.6000000000017,20.9000000000003));
#5987=CARTESIAN_POINT('Origin',(-38.9999999999993,49.6000000000017,23.6000000000003));
#5988=CARTESIAN_POINT('Origin',(45.500000000001,50.1000000000003,20.8999999999999));
#5989=CARTESIAN_POINT('Origin',(-39.499999999999,56.1000000000015,20.9000000000012));
#5990=CARTESIAN_POINT('Origin',(6.38277423610339E-13,25.1000000000009,20.9000000000003));
#5991=UNCERTAINTY_MEASURE_WITH_UNIT(LENGTH_MEASURE(0.01),#5995,
'DISTANCE_ACCURACY_VALUE',
'Maximum model space distance between geometric entities at asserted c
onnectivities');
#5992=UNCERTAINTY_MEASURE_WITH_UNIT(LENGTH_MEASURE(0.01),#5995,
'DISTANCE_ACCURACY_VALUE',
'Maximum model space distance between geometric entities at asserted c
onnectivities');
#5993=(
GEOMETRIC_REPRESENTATION_CONTEXT(3)
GLOBAL_UNCERTAINTY_ASSIGNED_CONTEXT((#5991))
GLOBAL_UNIT_ASSIGNED_CONTEXT((#5995,#5996,#5997))
REPRESENTATION_CONTEXT('','3D')
);
#5994=(
GEOMETRIC_REPRESENTATION_CONTEXT(3)
GLOBAL_UNCERTAINTY_ASSIGNED_CONTEXT((#5992))
GLOBAL_UNIT_ASSIGNED_CONTEXT((#5995,#5996,#5997))
REPRESENTATION_CONTEXT('','3D')
);
#5995=(
LENGTH_UNIT()
NAMED_UNIT(*)
SI_UNIT(.MILLI.,.METRE.)
);
#5996=(
NAMED_UNIT(*)
PLANE_ANGLE_UNIT()
SI_UNIT($,.RADIAN.)
);
#5997=(
NAMED_UNIT(*)
SI_UNIT($,.STERADIAN.)
SOLID_ANGLE_UNIT()
);
#5998=SHAPE_DEFINITION_REPRESENTATION(#5999,#6000);
#5999=PRODUCT_DEFINITION_SHAPE('',$,#6002);
#6000=SHAPE_REPRESENTATION('',(#3534),#5993);
#6001=PRODUCT_DEFINITION_CONTEXT('part definition',#6006,'design');
#6002=PRODUCT_DEFINITION('2026-09-26-14-14-50-553','Pi_Case',#6003,#6001);
#6003=PRODUCT_DEFINITION_FORMATION('',$,#6008);
#6004=PRODUCT_RELATED_PRODUCT_CATEGORY('Pi_Case','Pi_Case',(#6008));
#6005=APPLICATION_PROTOCOL_DEFINITION('international standard',
'automotive_design',2009,#6006);
#6006=APPLICATION_CONTEXT(
'Core Data for Automotive Mechanical Design Process');
#6007=PRODUCT_CONTEXT('part definition',#6006,'mechanical');
#6008=PRODUCT('2026-09-26-14-14-50-553','Pi_Case',$,(#6007));
#6009=PRESENTATION_STYLE_ASSIGNMENT((#6010));
#6010=SURFACE_STYLE_USAGE(.BOTH.,#6011);
#6011=SURFACE_SIDE_STYLE('',(#6012));
#6012=SURFACE_STYLE_FILL_AREA(#6013);
#6013=FILL_AREA_STYLE('Steel - Satin',(#6014));
#6014=FILL_AREA_STYLE_COLOUR('Steel - Satin',#6015);
#6015=COLOUR_RGB('Steel - Satin',0.627450980392157,0.627450980392157,0.627450980392157);
ENDSEC;
END-ISO-10303-21;
